#
# There is insufficient memory for the Java Runtime Environment to continue.
# Native memory allocation (malloc) failed to allocate 1724112 bytes. Error detail: Chunk::new
# Possible reasons:
#   The system is out of physical RAM or swap space
#   This process is running with CompressedOops enabled, and the Java Heap may be blocking the growth of the native heap
# Possible solutions:
#   Reduce memory load on the system
#   Increase physical memory or swap space
#   Check if swap backing store is full
#   Decrease Java heap size (-Xmx/-Xms)
#   Decrease number of Java threads
#   Decrease Java thread stack sizes (-Xss)
#   Set larger code cache with -XX:ReservedCodeCacheSize=
#   JVM is running with Zero Based Compressed Oops mode in which the Java heap is
#     placed in the first 32GB address space. The Java Heap base address is the
#     maximum limit for the native heap growth. Please use -XX:HeapBaseMinAddress
#     to set the Java Heap base and to place the Java Heap above 32GB virtual address.
# This output file may be truncated or incomplete.
#
#  Out of Memory Error (arena.cpp:149), pid=6448, tid=1000
#
# JRE version: Java(TM) SE Runtime Environment (23.0.1+11) (build 23.0.1+11-39)
# Java VM: Java HotSpot(TM) 64-Bit Server VM (23.0.1+11-39, mixed mode, sharing, tiered, compressed oops, compressed class ptrs, g1 gc, windows-amd64)
# No core dump will be written. Minidumps are not enabled by default on client versions of Windows
#

---------------  S U M M A R Y ------------

Command Line: --add-opens=java.base/java.lang=ALL-UNNAMED --add-opens=java.base/java.lang.invoke=ALL-UNNAMED --add-opens=java.base/java.util=ALL-UNNAMED --add-opens=java.prefs/java.util.prefs=ALL-UNNAMED --add-exports=jdk.compiler/com.sun.tools.javac.api=ALL-UNNAMED --add-exports=jdk.compiler/com.sun.tools.javac.util=ALL-UNNAMED --add-opens=java.base/java.util=ALL-UNNAMED --add-opens=java.prefs/java.util.prefs=ALL-UNNAMED --add-opens=java.base/java.nio.charset=ALL-UNNAMED --add-opens=java.base/java.net=ALL-UNNAMED --add-opens=java.base/java.util.concurrent.atomic=ALL-UNNAMED --add-opens=java.xml/javax.xml.namespace=ALL-UNNAMED -XX:MaxMetaspaceSize=4G -XX:ReservedCodeCacheSize=512m -XX:+HeapDumpOnOutOfMemoryError -Xmx8G -Dfile.encoding=UTF-8 -Duser.country=ID -Duser.language=en -Duser.variant -javaagent:C:\Users\WIDI\.gradle\wrapper\dists\gradle-8.14-all\c2qonpi39x1mddn7hk5gh9iqj\gradle-8.14\lib\agents\gradle-instrumentation-agent-8.14.jar org.gradle.launcher.daemon.bootstrap.GradleDaemon 8.14

Host: AMD Ryzen 5 7530U with Radeon Graphics         , 12 cores, 5G,  Windows 11 , 64 bit Build 26100 (10.0.26100.8328)
Time: Fri May 22 15:25:38 2026 SE Asia Standard Time elapsed time: 6794.286784 seconds (0d 1h 53m 14s)

---------------  T H R E A D  ---------------

Current thread (0x00000173fd8228b0):  JavaThread "C2 CompilerThread0" daemon [_thread_in_native, id=1000, stack(0x0000006779700000,0x0000006779800000) (1024K)]


Current CompileTask:
C2:6794288 48655       4       org.jetbrains.kotlin.resolve.calls.tower.AbstractSimpleScopeTowerProcessor::createCandidates (101 bytes)

Stack: [0x0000006779700000,0x0000006779800000]
Native frames: (J=compiled Java code, j=interpreted, Vv=VM code, C=native code)
V  [jvm.dll+0x6e08b9]  (no source info available)
V  [jvm.dll+0x87dc83]  (no source info available)
V  [jvm.dll+0x88010e]  (no source info available)
V  [jvm.dll+0x8807e3]  (no source info available)
V  [jvm.dll+0x27aee6]  (no source info available)
V  [jvm.dll+0xbc06f]  (no source info available)
V  [jvm.dll+0xbc2cb]  (no source info available)
V  [jvm.dll+0x3b3a9c]  (no source info available)
V  [jvm.dll+0x38a42b]  (no source info available)
V  [jvm.dll+0x38989a]  (no source info available)
V  [jvm.dll+0x244aa1]  (no source info available)
V  [jvm.dll+0x243dff]  (no source info available)
V  [jvm.dll+0x1c33a0]  (no source info available)
V  [jvm.dll+0x253cf1]  (no source info available)
V  [jvm.dll+0x251faa]  (no source info available)
V  [jvm.dll+0x3ee036]  (no source info available)
V  [jvm.dll+0x824f8b]  (no source info available)
V  [jvm.dll+0x6df065]  (no source info available)
C  [ucrtbase.dll+0x37b0]  (no source info available)
C  [KERNEL32.DLL+0x2e957]  (no source info available)
C  [ntdll.dll+0x427c]  (no source info available)

Lock stack of current Java thread (top to bottom):


---------------  P R O C E S S  ---------------

Threads class SMR info:
_java_thread_list=0x000001741d4992e0, length=138, elements={
0x00000173f07e3b60, 0x00000173fd80dd50, 0x00000173fd80f4d0, 0x00000173fd811f40,
0x00000173fd8129a0, 0x00000173fd814120, 0x00000173fd8165c0, 0x00000173fd8228b0,
0x00000173fd826ac0, 0x00000173fd7e0e70, 0x00000173a85efaf0, 0x00000173ef0896f0,
0x00000173eef0ce20, 0x00000173eee9b780, 0x00000173eeef9c00, 0x00000173eeefb640,
0x00000173ef66a200, 0x00000173ef669b70, 0x00000173ef66a890, 0x00000173ef6687c0,
0x00000173ef667410, 0x00000173ef66bc40, 0x00000173ef66c2d0, 0x00000173ef668e50,
0x00000173ef66e3a0, 0x00000173ef66b5b0, 0x00000173eff29820, 0x00000173eff27de0,
0x00000173eff270c0, 0x00000173eff28b00, 0x00000173eff29190, 0x00000173eff29eb0,
0x0000017403a69dc0, 0x0000017403a6df60, 0x0000017403dcafc0, 0x00000174149f3bc0,
0x00000174149f4250, 0x00000174149f4f70, 0x00000174149f1af0, 0x000001741c88b7b0,
0x00000174157f3060, 0x00000174050f26f0, 0x00000174050f2060, 0x000001741d5f6910,
0x00000173efaddf40, 0x00000173efadcb90, 0x00000173efadc500, 0x00000173efade5d0,
0x00000173efadd220, 0x00000173efadec60, 0x00000173efadf2f0, 0x00000173efadf980,
0x000001741c88df10, 0x000001741c88c4d0, 0x000001741c88d1f0, 0x000001741c88aa90,
0x000001741c88cb60, 0x000001741c88be40, 0x000001741c88e5a0, 0x000001741c88b120,
0x0000017415e7f680, 0x0000017415e81d20, 0x0000017415e823b0, 0x0000017415e81690,
0x0000017415e81000, 0x0000017400e31340, 0x0000017400e33410, 0x0000017400e34130,
0x0000017400e33aa0, 0x0000017400e30cb0, 0x0000017400e319d0, 0x0000017400e32060,
0x0000017413da4c60, 0x0000017413da6d30, 0x0000017413da52f0, 0x0000017413da6010,
0x000001741c0e5e10, 0x000001741d87e9d0, 0x000001741d87f6f0, 0x000001741d87f060,
0x000001741d87fd80, 0x000001741cbc5700, 0x000001741cbc6ab0, 0x000001741cbc7140,
0x000001741cbc77d0, 0x000001741cbc49e0, 0x000001741cbc5d90, 0x000001741d01d0f0,
0x0000017400e326f0, 0x0000017413da3f40, 0x0000017413da5980, 0x0000017413da66a0,
0x0000017413da73c0, 0x0000017413da45d0, 0x000001741e1cfc30, 0x000001741e1cf5a0,
0x000001741e1d02c0, 0x000001741e1d0950, 0x000001741e1cef10, 0x000001741e1ce880,
0x000001741c890d00, 0x000001741c890670, 0x000001741c88ec30, 0x000001741c88ffe0,
0x000001741c891a20, 0x000001741c891390, 0x000001741c88f2c0, 0x000001741c8920b0,
0x000001741c892740, 0x000001741c892dd0, 0x000001741c88f950, 0x000001741c894810,
0x000001741c893460, 0x0000017400e32d80, 0x000001741ef93f00, 0x000001741ef924c0,
0x000001741ef92b50, 0x000001741ef952b0, 0x000001741ef95940, 0x000001741ef931e0,
0x000001741ef94590, 0x000001741ef93870, 0x000001741ef94c20, 0x000001741dbfa840,
0x000001741cbc5070, 0x000001741cbc6420, 0x000001741c74a5b0, 0x000001741c749200,
0x000001741c74b2d0, 0x000001741c749890, 0x000001741c74bff0, 0x000001741c74b960,
0x000001741c749f20, 0x000001741c74ac40, 0x000001741c748b70, 0x000001741bf98e80,
0x000001741bf9bc70, 0x000001741c054c10
}

Java Threads: ( => current thread )
  0x00000173f07e3b60 JavaThread "main"                              [_thread_blocked, id=12588, stack(0x0000006778900000,0x0000006778a00000) (1024K)]
  0x00000173fd80dd50 JavaThread "Reference Handler"          daemon [_thread_blocked, id=15292, stack(0x0000006779100000,0x0000006779200000) (1024K)]
  0x00000173fd80f4d0 JavaThread "Finalizer"                  daemon [_thread_blocked, id=19048, stack(0x0000006779200000,0x0000006779300000) (1024K)]
  0x00000173fd811f40 JavaThread "Signal Dispatcher"          daemon [_thread_blocked, id=5724, stack(0x0000006779300000,0x0000006779400000) (1024K)]
  0x00000173fd8129a0 JavaThread "Attach Listener"            daemon [_thread_blocked, id=15240, stack(0x0000006779400000,0x0000006779500000) (1024K)]
  0x00000173fd814120 JavaThread "Service Thread"             daemon [_thread_blocked, id=2032, stack(0x0000006779500000,0x0000006779600000) (1024K)]
  0x00000173fd8165c0 JavaThread "Monitor Deflation Thread"   daemon [_thread_blocked, id=10040, stack(0x0000006779600000,0x0000006779700000) (1024K)]
=>0x00000173fd8228b0 JavaThread "C2 CompilerThread0"         daemon [_thread_in_native, id=1000, stack(0x0000006779700000,0x0000006779800000) (1024K)]
  0x00000173fd826ac0 JavaThread "C1 CompilerThread0"         daemon [_thread_in_vm, id=12292, stack(0x0000006779800000,0x0000006779900000) (1024K)]
  0x00000173fd7e0e70 JavaThread "Common-Cleaner"             daemon [_thread_blocked, id=16748, stack(0x0000006779900000,0x0000006779a00000) (1024K)]
  0x00000173a85efaf0 JavaThread "Notification Thread"        daemon [_thread_blocked, id=18748, stack(0x0000006779b00000,0x0000006779c00000) (1024K)]
  0x00000173ef0896f0 JavaThread "Daemon health stats"               [_thread_blocked, id=11812, stack(0x000000677a200000,0x000000677a300000) (1024K)]
  0x00000173eef0ce20 JavaThread "Incoming local TCP Connector on port 54017"        [_thread_in_native, id=2728, stack(0x000000677a300000,0x000000677a400000) (1024K)]
  0x00000173eee9b780 JavaThread "Daemon periodic checks"            [_thread_blocked, id=2180, stack(0x000000677a400000,0x000000677a500000) (1024K)]
  0x00000173eeef9c00 JavaThread "Cache worker for journal cache (C:\Users\WIDI\.gradle\caches\journal-1)"        [_thread_blocked, id=14392, stack(0x000000677b000000,0x000000677b100000) (1024K)]
  0x00000173eeefb640 JavaThread "File lock request listener"        [_thread_in_native, id=17348, stack(0x000000677b100000,0x000000677b200000) (1024K)]
  0x00000173ef66a200 JavaThread "Cache worker for file hash cache (C:\Users\WIDI\.gradle\caches\8.14\fileHashes)"        [_thread_blocked, id=5748, stack(0x000000677b200000,0x000000677b300000) (1024K)]
  0x00000173ef669b70 JavaThread "File watcher server"        daemon [_thread_in_native, id=5512, stack(0x000000677b700000,0x000000677b800000) (1024K)]
  0x00000173ef66a890 JavaThread "File watcher consumer"      daemon [_thread_blocked, id=5252, stack(0x000000677b800000,0x000000677b900000) (1024K)]
  0x00000173ef6687c0 JavaThread "jar transforms"                    [_thread_blocked, id=9704, stack(0x000000677b900000,0x000000677ba00000) (1024K)]
  0x00000173ef667410 JavaThread "jar transforms Thread 2"           [_thread_blocked, id=11484, stack(0x000000677ba00000,0x000000677bb00000) (1024K)]
  0x00000173ef66bc40 JavaThread "jar transforms Thread 3"           [_thread_blocked, id=11468, stack(0x000000677bb00000,0x000000677bc00000) (1024K)]
  0x00000173ef66c2d0 JavaThread "jar transforms Thread 4"           [_thread_blocked, id=8024, stack(0x000000677bc00000,0x000000677bd00000) (1024K)]
  0x00000173ef668e50 JavaThread "jar transforms Thread 5"           [_thread_blocked, id=16528, stack(0x000000677bd00000,0x000000677be00000) (1024K)]
  0x00000173ef66e3a0 JavaThread "Cache worker for file content cache (C:\Users\WIDI\.gradle\caches\8.14\fileContent)"        [_thread_blocked, id=9196, stack(0x000000677bf00000,0x000000677c000000) (1024K)]
  0x00000173ef66b5b0 JavaThread "jar transforms Thread 6"           [_thread_blocked, id=17120, stack(0x000000677c000000,0x000000677c100000) (1024K)]
  0x00000173eff29820 JavaThread "jar transforms Thread 7"           [_thread_blocked, id=20040, stack(0x000000677c100000,0x000000677c200000) (1024K)]
  0x00000173eff27de0 JavaThread "jar transforms Thread 8"           [_thread_blocked, id=4132, stack(0x000000677c200000,0x000000677c300000) (1024K)]
  0x00000173eff270c0 JavaThread "jar transforms Thread 9"           [_thread_blocked, id=6388, stack(0x000000677c300000,0x000000677c400000) (1024K)]
  0x00000173eff28b00 JavaThread "jar transforms Thread 10"          [_thread_blocked, id=17308, stack(0x000000677c400000,0x000000677c500000) (1024K)]
  0x00000173eff29190 JavaThread "jar transforms Thread 11"          [_thread_blocked, id=3088, stack(0x000000677c500000,0x000000677c600000) (1024K)]
  0x00000173eff29eb0 JavaThread "jar transforms Thread 12"          [_thread_blocked, id=3652, stack(0x000000677c600000,0x000000677c700000) (1024K)]
  0x0000017403a69dc0 JavaThread "Daemon Thread 3"                   [_thread_blocked, id=7584, stack(0x0000006778600000,0x0000006778700000) (1024K)]
  0x0000017403a6df60 JavaThread "Daemon worker Thread 3"            [_thread_in_vm, id=9456, stack(0x0000006779c00000,0x0000006779d00000) (1024K)]
  0x0000017403dcafc0 JavaThread "Memory manager"                    [_thread_blocked, id=20616, stack(0x000000677a900000,0x000000677aa00000) (1024K)]
  0x00000174149f3bc0 JavaThread "RMI Scheduler(0)"           daemon [_thread_blocked, id=6472, stack(0x0000006703800000,0x0000006703900000) (1024K)]
  0x00000174149f4250 JavaThread "RMI GC Daemon"              daemon [_thread_blocked, id=6028, stack(0x0000006703a00000,0x0000006703b00000) (1024K)]
  0x00000174149f4f70 JavaThread "RMI TCP Accept-0"           daemon [_thread_in_native, id=23388, stack(0x0000006703b00000,0x0000006703c00000) (1024K)]
  0x00000174149f1af0 JavaThread "RMI Reaper"                        [_thread_blocked, id=5412, stack(0x0000006703c00000,0x0000006703d00000) (1024K)]
  0x000001741c88b7b0 JavaThread "included builds Thread 2"          [_thread_blocked, id=20668, stack(0x0000006703400000,0x0000006703500000) (1024K)]
  0x00000174157f3060 JavaThread "VFS cleanup Thread 4"              [_thread_blocked, id=10796, stack(0x0000006700000000,0x0000006700100000) (1024K)]
  0x00000174050f26f0 JavaThread "Handler for socket connection from /127.0.0.1:54017 to /127.0.0.1:63474"        [_thread_in_native, id=20072, stack(0x0000006700100000,0x0000006700200000) (1024K)]
  0x00000174050f2060 JavaThread "Cancel handler"                    [_thread_blocked, id=1888, stack(0x0000006700200000,0x0000006700300000) (1024K)]
  0x000001741d5f6910 JavaThread "Asynchronous log dispatcher for DefaultDaemonConnection: socket connection from /127.0.0.1:54017 to /127.0.0.1:63474"        [_thread_blocked, id=16216, stack(0x0000006700300000,0x0000006700400000) (1024K)]
  0x00000173efaddf40 JavaThread "Stdin handler"                     [_thread_blocked, id=22704, stack(0x0000006700400000,0x0000006700500000) (1024K)]
  0x00000173efadcb90 JavaThread "Daemon client event forwarder"        [_thread_blocked, id=6484, stack(0x0000006700500000,0x0000006700600000) (1024K)]
  0x00000173efadc500 JavaThread "Cache worker for file hash cache (C:\Users\WIDI\Documents\SEM 4\ReWorth_PBLsem4\mobile_reworth\android\.gradle\8.14\fileHashes)"        [_thread_blocked, id=10100, stack(0x0000006700600000,0x0000006700700000) (1024K)]
  0x00000173efade5d0 JavaThread "Cache worker for Build Output Cleanup Cache (C:\Users\WIDI\Documents\SEM 4\ReWorth_PBLsem4\mobile_reworth\android\.gradle\buildOutputCleanup)"        [_thread_blocked, id=12032, stack(0x0000006700700000,0x0000006700800000) (1024K)]
  0x00000173efadd220 JavaThread "Cache worker for checksums cache (C:\Users\WIDI\Documents\SEM 4\ReWorth_PBLsem4\mobile_reworth\android\.gradle\8.14\checksums)"        [_thread_blocked, id=17812, stack(0x0000006700800000,0x0000006700900000) (1024K)]
  0x00000173efadec60 JavaThread "Cache worker for cache directory md-supplier (C:\Users\WIDI\.gradle\caches\8.14\md-supplier)"        [_thread_blocked, id=14204, stack(0x0000006700900000,0x0000006700a00000) (1024K)]
  0x00000173efadf2f0 JavaThread "Cache worker for cache directory md-rule (C:\Users\WIDI\.gradle\caches\8.14\md-rule)"        [_thread_blocked, id=5080, stack(0x0000006700a00000,0x0000006700b00000) (1024K)]
  0x00000173efadf980 JavaThread "Cache worker for Build Output Cleanup Cache (C:\Users\WIDI\Documents\SEM 4\ReWorth_PBLsem4\flutter\packages\flutter_tools\gradle\.gradle\buildOutputCleanup)"        [_thread_blocked, id=17260, stack(0x0000006700b00000,0x0000006700c00000) (1024K)]
  0x000001741c88df10 JavaThread "Unconstrained build operations"        [_thread_blocked, id=23500, stack(0x0000006700c00000,0x0000006700d00000) (1024K)]
  0x000001741c88c4d0 JavaThread "Unconstrained build operations Thread 2"        [_thread_blocked, id=23404, stack(0x0000006700d00000,0x0000006700e00000) (1024K)]
  0x000001741c88d1f0 JavaThread "Unconstrained build operations Thread 3"        [_thread_blocked, id=16244, stack(0x0000006700e00000,0x0000006700f00000) (1024K)]
  0x000001741c88aa90 JavaThread "Unconstrained build operations Thread 4"        [_thread_blocked, id=10116, stack(0x0000006700f00000,0x0000006701000000) (1024K)]
  0x000001741c88cb60 JavaThread "Unconstrained build operations Thread 5"        [_thread_blocked, id=19068, stack(0x0000006701000000,0x0000006701100000) (1024K)]
  0x000001741c88be40 JavaThread "Unconstrained build operations Thread 6"        [_thread_blocked, id=12568, stack(0x0000006701100000,0x0000006701200000) (1024K)]
  0x000001741c88e5a0 JavaThread "Unconstrained build operations Thread 7"        [_thread_blocked, id=21772, stack(0x0000006701200000,0x0000006701300000) (1024K)]
  0x000001741c88b120 JavaThread "Unconstrained build operations Thread 8"        [_thread_blocked, id=10472, stack(0x0000006701300000,0x0000006701400000) (1024K)]
  0x0000017415e7f680 JavaThread "Unconstrained build operations Thread 9"        [_thread_blocked, id=5012, stack(0x0000006701400000,0x0000006701500000) (1024K)]
  0x0000017415e81d20 JavaThread "Unconstrained build operations Thread 10"        [_thread_blocked, id=9068, stack(0x0000006701500000,0x0000006701600000) (1024K)]
  0x0000017415e823b0 JavaThread "Unconstrained build operations Thread 11"        [_thread_blocked, id=13656, stack(0x0000006701600000,0x0000006701700000) (1024K)]
  0x0000017415e81690 JavaThread "Unconstrained build operations Thread 12"        [_thread_blocked, id=3180, stack(0x0000006701800000,0x0000006701900000) (1024K)]
  0x0000017415e81000 JavaThread "Unconstrained build operations Thread 13"        [_thread_blocked, id=15052, stack(0x0000006701900000,0x0000006701a00000) (1024K)]
  0x0000017400e31340 JavaThread "Unconstrained build operations Thread 14"        [_thread_blocked, id=11376, stack(0x0000006701a00000,0x0000006701b00000) (1024K)]
  0x0000017400e33410 JavaThread "Unconstrained build operations Thread 15"        [_thread_blocked, id=22036, stack(0x0000006701b00000,0x0000006701c00000) (1024K)]
  0x0000017400e34130 JavaThread "Unconstrained build operations Thread 16"        [_thread_blocked, id=10536, stack(0x0000006701c00000,0x0000006701d00000) (1024K)]
  0x0000017400e33aa0 JavaThread "Unconstrained build operations Thread 17"        [_thread_blocked, id=12020, stack(0x0000006701d00000,0x0000006701e00000) (1024K)]
  0x0000017400e30cb0 JavaThread "Unconstrained build operations Thread 18"        [_thread_blocked, id=17168, stack(0x0000006701e00000,0x0000006701f00000) (1024K)]
  0x0000017400e319d0 JavaThread "Unconstrained build operations Thread 19"        [_thread_blocked, id=14188, stack(0x0000006701f00000,0x0000006702000000) (1024K)]
  0x0000017400e32060 JavaThread "Unconstrained build operations Thread 20"        [_thread_blocked, id=17244, stack(0x0000006702000000,0x0000006702100000) (1024K)]
  0x0000017413da4c60 JavaThread "Unconstrained build operations Thread 21"        [_thread_blocked, id=12260, stack(0x0000006702100000,0x0000006702200000) (1024K)]
  0x0000017413da6d30 JavaThread "Unconstrained build operations Thread 22"        [_thread_blocked, id=1364, stack(0x0000006702200000,0x0000006702300000) (1024K)]
  0x0000017413da52f0 JavaThread "build event listener"              [_thread_blocked, id=21744, stack(0x0000006702300000,0x0000006702400000) (1024K)]
  0x0000017413da6010 JavaThread "Kotlin DSL Writer"                 [_thread_blocked, id=8948, stack(0x0000006701700000,0x0000006701800000) (1024K)]
  0x000001741c0e5e10 JavaThread "included builds"                   [_thread_blocked, id=22444, stack(0x0000006702400000,0x0000006702500000) (1024K)]
  0x000001741d87e9d0 JavaThread "Execution worker"                  [_thread_blocked, id=5608, stack(0x0000006702500000,0x0000006702600000) (1024K)]
  0x000001741d87f6f0 JavaThread "Execution worker Thread 2"         [_thread_blocked, id=19720, stack(0x0000006702600000,0x0000006702700000) (1024K)]
  0x000001741d87f060 JavaThread "Execution worker Thread 3"         [_thread_blocked, id=3716, stack(0x0000006702700000,0x0000006702800000) (1024K)]
  0x000001741d87fd80 JavaThread "Execution worker Thread 4"         [_thread_blocked, id=7104, stack(0x0000006702800000,0x0000006702900000) (1024K)]
  0x000001741cbc5700 JavaThread "Execution worker Thread 5"         [_thread_blocked, id=17284, stack(0x0000006702900000,0x0000006702a00000) (1024K)]
  0x000001741cbc6ab0 JavaThread "Execution worker Thread 6"         [_thread_blocked, id=17844, stack(0x0000006702a00000,0x0000006702b00000) (1024K)]
  0x000001741cbc7140 JavaThread "Execution worker Thread 7"         [_thread_blocked, id=19400, stack(0x0000006702b00000,0x0000006702c00000) (1024K)]
  0x000001741cbc77d0 JavaThread "Execution worker Thread 8"         [_thread_blocked, id=16668, stack(0x0000006702c00000,0x0000006702d00000) (1024K)]
  0x000001741cbc49e0 JavaThread "Execution worker Thread 9"         [_thread_blocked, id=22112, stack(0x0000006702d00000,0x0000006702e00000) (1024K)]
  0x000001741cbc5d90 JavaThread "Execution worker Thread 10"        [_thread_blocked, id=15372, stack(0x0000006702e00000,0x0000006702f00000) (1024K)]
  0x000001741d01d0f0 JavaThread "Execution worker Thread 11"        [_thread_blocked, id=14644, stack(0x0000006702f00000,0x0000006703000000) (1024K)]
  0x0000017400e326f0 JavaThread "Cache worker for execution history cache (C:\Users\WIDI\Documents\SEM 4\ReWorth_PBLsem4\flutter\packages\flutter_tools\gradle\.gradle\8.14\executionHistory)"        [_thread_blocked, id=18796, stack(0x0000006703000000,0x0000006703100000) (1024K)]
  0x0000017413da3f40 JavaThread "Unconstrained build operations Thread 23"        [_thread_blocked, id=8296, stack(0x0000006703100000,0x0000006703200000) (1024K)]
  0x0000017413da5980 JavaThread "Unconstrained build operations Thread 24"        [_thread_blocked, id=4856, stack(0x0000006703200000,0x0000006703300000) (1024K)]
  0x0000017413da66a0 JavaThread "Unconstrained build operations Thread 25"        [_thread_blocked, id=22164, stack(0x0000006703300000,0x0000006703400000) (1024K)]
  0x0000017413da73c0 JavaThread "Unconstrained build operations Thread 26"        [_thread_blocked, id=23356, stack(0x0000006703500000,0x0000006703600000) (1024K)]
  0x0000017413da45d0 JavaThread "Unconstrained build operations Thread 27"        [_thread_blocked, id=22568, stack(0x0000006703600000,0x0000006703700000) (1024K)]
  0x000001741e1cfc30 JavaThread "Unconstrained build operations Thread 28"        [_thread_blocked, id=4820, stack(0x0000006703700000,0x0000006703800000) (1024K)]
  0x000001741e1cf5a0 JavaThread "Unconstrained build operations Thread 29"        [_thread_blocked, id=22916, stack(0x0000006703900000,0x0000006703a00000) (1024K)]
  0x000001741e1d02c0 JavaThread "Unconstrained build operations Thread 30"        [_thread_blocked, id=5892, stack(0x0000006703d00000,0x0000006703e00000) (1024K)]
  0x000001741e1d0950 JavaThread "Unconstrained build operations Thread 31"        [_thread_blocked, id=3120, stack(0x0000006703e00000,0x0000006703f00000) (1024K)]
  0x000001741e1cef10 JavaThread "Unconstrained build operations Thread 32"        [_thread_blocked, id=6316, stack(0x0000006703f00000,0x0000006704000000) (1024K)]
  0x000001741e1ce880 JavaThread "Unconstrained build operations Thread 33"        [_thread_blocked, id=20752, stack(0x0000006704000000,0x0000006704100000) (1024K)]
  0x000001741c890d00 JavaThread "Unconstrained build operations Thread 34"        [_thread_blocked, id=21608, stack(0x0000006704100000,0x0000006704200000) (1024K)]
  0x000001741c890670 JavaThread "Unconstrained build operations Thread 35"        [_thread_blocked, id=19916, stack(0x0000006704200000,0x0000006704300000) (1024K)]
  0x000001741c88ec30 JavaThread "Unconstrained build operations Thread 36"        [_thread_blocked, id=12980, stack(0x0000006704300000,0x0000006704400000) (1024K)]
  0x000001741c88ffe0 JavaThread "Unconstrained build operations Thread 37"        [_thread_blocked, id=14672, stack(0x0000006704400000,0x0000006704500000) (1024K)]
  0x000001741c891a20 JavaThread "Unconstrained build operations Thread 38"        [_thread_blocked, id=18152, stack(0x0000006704500000,0x0000006704600000) (1024K)]
  0x000001741c891390 JavaThread "Unconstrained build operations Thread 39"        [_thread_blocked, id=9228, stack(0x0000006704600000,0x0000006704700000) (1024K)]
  0x000001741c88f2c0 JavaThread "Unconstrained build operations Thread 40"        [_thread_blocked, id=14120, stack(0x0000006704700000,0x0000006704800000) (1024K)]
  0x000001741c8920b0 JavaThread "Unconstrained build operations Thread 41"        [_thread_blocked, id=19880, stack(0x0000006704800000,0x0000006704900000) (1024K)]
  0x000001741c892740 JavaThread "Unconstrained build operations Thread 42"        [_thread_blocked, id=2776, stack(0x0000006704900000,0x0000006704a00000) (1024K)]
  0x000001741c892dd0 JavaThread "Unconstrained build operations Thread 43"        [_thread_blocked, id=8764, stack(0x0000006704a00000,0x0000006704b00000) (1024K)]
  0x000001741c88f950 JavaThread "Unconstrained build operations Thread 44"        [_thread_blocked, id=21788, stack(0x0000006704b00000,0x0000006704c00000) (1024K)]
  0x000001741c894810 JavaThread "Unconstrained build operations Thread 45"        [_thread_blocked, id=17472, stack(0x0000006704c00000,0x0000006704d00000) (1024K)]
  0x000001741c893460 JavaThread "Unconstrained build operations Thread 46"        [_thread_blocked, id=8508, stack(0x0000006704d00000,0x0000006704e00000) (1024K)]
  0x0000017400e32d80 JavaThread "Unconstrained build operations Thread 47"        [_thread_blocked, id=6892, stack(0x0000006704e00000,0x0000006704f00000) (1024K)]
  0x000001741ef93f00 JavaThread "Unconstrained build operations Thread 48"        [_thread_blocked, id=22992, stack(0x0000006704f00000,0x0000006705000000) (1024K)]
  0x000001741ef924c0 JavaThread "Unconstrained build operations Thread 49"        [_thread_blocked, id=4280, stack(0x0000006705000000,0x0000006705100000) (1024K)]
  0x000001741ef92b50 JavaThread "Unconstrained build operations Thread 50"        [_thread_blocked, id=23144, stack(0x0000006705100000,0x0000006705200000) (1024K)]
  0x000001741ef952b0 JavaThread "Unconstrained build operations Thread 51"        [_thread_blocked, id=13068, stack(0x0000006705200000,0x0000006705300000) (1024K)]
  0x000001741ef95940 JavaThread "Unconstrained build operations Thread 52"        [_thread_blocked, id=6200, stack(0x0000006705300000,0x0000006705400000) (1024K)]
  0x000001741ef931e0 JavaThread "Unconstrained build operations Thread 53"        [_thread_blocked, id=23236, stack(0x0000006705400000,0x0000006705500000) (1024K)]
  0x000001741ef94590 JavaThread "Unconstrained build operations Thread 54"        [_thread_blocked, id=7988, stack(0x0000006705500000,0x0000006705600000) (1024K)]
  0x000001741ef93870 JavaThread "Unconstrained build operations Thread 55"        [_thread_blocked, id=21544, stack(0x0000006705600000,0x0000006705700000) (1024K)]
  0x000001741ef94c20 JavaThread "Unconstrained build operations Thread 56"        [_thread_blocked, id=4008, stack(0x0000006705700000,0x0000006705800000) (1024K)]
  0x000001741dbfa840 JavaThread "Unconstrained build operations Thread 57"        [_thread_blocked, id=10088, stack(0x0000006705800000,0x0000006705900000) (1024K)]
  0x000001741cbc5070 JavaThread "Unconstrained build operations Thread 58"        [_thread_blocked, id=20804, stack(0x0000006705900000,0x0000006705a00000) (1024K)]
  0x000001741cbc6420 JavaThread "Unconstrained build operations Thread 59"        [_thread_blocked, id=14176, stack(0x0000006705a00000,0x0000006705b00000) (1024K)]
  0x000001741c74a5b0 JavaThread "Unconstrained build operations Thread 60"        [_thread_blocked, id=12008, stack(0x0000006705b00000,0x0000006705c00000) (1024K)]
  0x000001741c749200 JavaThread "Unconstrained build operations Thread 61"        [_thread_blocked, id=19188, stack(0x0000006705c00000,0x0000006705d00000) (1024K)]
  0x000001741c74b2d0 JavaThread "Unconstrained build operations Thread 62"        [_thread_blocked, id=11988, stack(0x0000006705d00000,0x0000006705e00000) (1024K)]
  0x000001741c749890 JavaThread "Unconstrained build operations Thread 63"        [_thread_blocked, id=20220, stack(0x0000006705e00000,0x0000006705f00000) (1024K)]
  0x000001741c74bff0 JavaThread "Unconstrained build operations Thread 64"        [_thread_blocked, id=18324, stack(0x0000006705f00000,0x0000006706000000) (1024K)]
  0x000001741c74b960 JavaThread "Unconstrained build operations Thread 65"        [_thread_blocked, id=17524, stack(0x0000006706000000,0x0000006706100000) (1024K)]
  0x000001741c749f20 JavaThread "Unconstrained build operations Thread 66"        [_thread_blocked, id=14568, stack(0x0000006706100000,0x0000006706200000) (1024K)]
  0x000001741c74ac40 JavaThread "Unconstrained build operations Thread 67"        [_thread_blocked, id=20900, stack(0x0000006706200000,0x0000006706300000) (1024K)]
  0x000001741c748b70 JavaThread "Unconstrained build operations Thread 68"        [_thread_blocked, id=2124, stack(0x0000006706300000,0x0000006706400000) (1024K)]
  0x000001741bf98e80 JavaThread "Kotlin DSL Writer"                 [_thread_blocked, id=17876, stack(0x0000006706400000,0x0000006706500000) (1024K)]
  0x000001741bf9bc70 JavaThread "build event listener"              [_thread_blocked, id=2636, stack(0x0000006706500000,0x0000006706600000) (1024K)]
  0x000001741c054c10 JavaThread "C2 CompilerThread1"         daemon [_thread_in_vm, id=21664, stack(0x0000006706600000,0x0000006706700000) (1024K)]
Total: 138

Other Threads:
  0x00000173fd7ef2d0 VMThread "VM Thread"                           [id=8652, stack(0x0000006779000000,0x0000006779100000) (1024K)]
  0x00000173fd7e0020 WatcherThread "VM Periodic Task Thread"        [id=9560, stack(0x0000006778f00000,0x0000006779000000) (1024K)]
  0x00000173f088ce00 WorkerThread "GC Thread#0"                     [id=10996, stack(0x0000006778a00000,0x0000006778b00000) (1024K)]
  0x00000173a8ab15a0 WorkerThread "GC Thread#1"                     [id=19860, stack(0x0000006779d00000,0x0000006779e00000) (1024K)]
  0x00000173a8c41140 WorkerThread "GC Thread#2"                     [id=3012, stack(0x0000006779e00000,0x0000006779f00000) (1024K)]
  0x00000173a8b1bce0 WorkerThread "GC Thread#3"                     [id=13904, stack(0x0000006779f00000,0x000000677a000000) (1024K)]
  0x00000173ee2fa1b0 WorkerThread "GC Thread#4"                     [id=5340, stack(0x000000677a000000,0x000000677a100000) (1024K)]
  0x00000173ee2fca20 WorkerThread "GC Thread#5"                     [id=8656, stack(0x000000677a100000,0x000000677a200000) (1024K)]
  0x00000173ee42dd30 WorkerThread "GC Thread#6"                     [id=9024, stack(0x000000677a500000,0x000000677a600000) (1024K)]
  0x00000173ee42ebf0 WorkerThread "GC Thread#7"                     [id=6952, stack(0x000000677a600000,0x000000677a700000) (1024K)]
  0x00000173ee42d220 WorkerThread "GC Thread#8"                     [id=17680, stack(0x000000677a700000,0x000000677a800000) (1024K)]
  0x00000173ef0fc790 WorkerThread "GC Thread#9"                     [id=12960, stack(0x000000677a800000,0x000000677a900000) (1024K)]
  0x00000173f02fdf90 ConcurrentGCThread "G1 Main Marker"            [id=13764, stack(0x0000006778b00000,0x0000006778c00000) (1024K)]
  0x00000173f089e940 WorkerThread "G1 Conc#0"                       [id=16236, stack(0x0000006778c00000,0x0000006778d00000) (1024K)]
  0x00000173ef0fddb0 WorkerThread "G1 Conc#1"                       [id=12952, stack(0x000000677b300000,0x000000677b400000) (1024K)]
  0x00000173ef0fe8c0 WorkerThread "G1 Conc#2"                       [id=7372, stack(0x000000677b400000,0x000000677b500000) (1024K)]
  0x00000173fd6a6870 ConcurrentGCThread "G1 Refine#0"               [id=9964, stack(0x0000006778d00000,0x0000006778e00000) (1024K)]
  0x00000173fd6a7300 ConcurrentGCThread "G1 Service"                [id=10064, stack(0x0000006778e00000,0x0000006778f00000) (1024K)]
Total: 18

Threads with active compile tasks:
C2 CompilerThread0  6794544 48655       4       org.jetbrains.kotlin.resolve.calls.tower.AbstractSimpleScopeTowerProcessor::createCandidates (101 bytes)
C1 CompilerThread0  6794544 48720       3       org.jetbrains.kotlin.resolve.calls.checkers.ContractNotAllowedCallChecker::check (534 bytes)
C2 CompilerThread1  6794544 48736       4       org.jetbrains.kotlin.cfg.pseudocodeTraverser.PseudocodeTraverserKt::traverse (88 bytes)
Total: 3

VM state: not at safepoint (normal execution)

VM Mutex/Monitor currently owned by a thread: None

Heap address: 0x0000000600000000, size: 8192 MB, Compressed Oops mode: Zero based, Oop shift amount: 3

CDS archive(s) mapped at: [0x00000173a9000000-0x00000173a9d70000-0x00000173a9d70000), size 14090240, SharedBaseAddress: 0x00000173a9000000, ArchiveRelocationMode: 1.
Compressed class space mapped at: 0x00000173aa000000-0x00000173ea000000, reserved size: 1073741824
Narrow klass base: 0x00000173a9000000, Narrow klass shift: 0, Narrow klass range: 0x41000000

GC Precious Log:
 CardTable entry size: 512
 Card Set container configuration: InlinePtr #cards 4 size 8 Array Of Cards #cards 32 size 80 Howl #buckets 8 coarsen threshold 7372 Howl Bitmap #cards 1024 size 144 coarsen threshold 921 Card regions per heap region 1 cards per card region 8192
 CPUs: 12 total, 12 available
 Memory: 5981M
 Large Page Support: Disabled
 NUMA Support: Disabled
 Compressed Oops: Enabled (Zero based)
 Heap Region Size: 4M
 Heap Min Capacity: 8M
 Heap Initial Capacity: 96M
 Heap Max Capacity: 8G
 Pre-touch: Disabled
 Parallel Workers: 10
 Concurrent Workers: 3
 Concurrent Refinement Workers: 10
 Periodic GC: Disabled

Heap:
 garbage-first heap   total reserved 8388608K, committed 3715072K, used 1080220K [0x0000000600000000, 0x0000000800000000)
  region size 4096K, 135 young (552960K), 7 survivors (28672K)
 Metaspace       used 221587K, committed 225088K, reserved 1245184K
  class space    used 28595K, committed 30208K, reserved 1048576K

Heap Regions: E=young(eden), S=young(survivor), O=old, HS=humongous(starts), HC=humongous(continues), CS=collection set, F=free, TAMS=top-at-mark-start, PB=parsable bottom
|   0|0x0000000600000000, 0x0000000600400000, 0x0000000600400000|100%|HS|  |TAMS 0x0000000600000000| PB 0x0000000600000000| Complete |  0
|   1|0x0000000600400000, 0x0000000600800000, 0x0000000600800000|100%| O|  |TAMS 0x0000000600400000| PB 0x0000000600400000| Untracked |  0
|   2|0x0000000600800000, 0x0000000600c00000, 0x0000000600c00000|100%| O|  |TAMS 0x0000000600800000| PB 0x0000000600800000| Untracked |  0
|   3|0x0000000600c00000, 0x0000000601000000, 0x0000000601000000|100%| O|  |TAMS 0x0000000600c00000| PB 0x0000000600c00000| Untracked |  0
|   4|0x0000000601000000, 0x0000000601400000, 0x0000000601400000|100%| O|  |TAMS 0x0000000601000000| PB 0x0000000601000000| Untracked |  0
|   5|0x0000000601400000, 0x0000000601800000, 0x0000000601800000|100%| O|  |TAMS 0x0000000601400000| PB 0x0000000601400000| Untracked |  0
|   6|0x0000000601800000, 0x0000000601c00000, 0x0000000601c00000|100%| O|  |TAMS 0x0000000601800000| PB 0x0000000601800000| Untracked |  0
|   7|0x0000000601c00000, 0x0000000602000000, 0x0000000602000000|100%| O|  |TAMS 0x0000000601c00000| PB 0x0000000601c00000| Untracked |  0
|   8|0x0000000602000000, 0x0000000602400000, 0x0000000602400000|100%| O|  |TAMS 0x0000000602000000| PB 0x0000000602000000| Untracked |  0
|   9|0x0000000602400000, 0x0000000602800000, 0x0000000602800000|100%| O|  |TAMS 0x0000000602400000| PB 0x0000000602400000| Untracked |  0
|  10|0x0000000602800000, 0x0000000602c00000, 0x0000000602c00000|100%| O|  |TAMS 0x0000000602800000| PB 0x0000000602800000| Untracked |  0
|  11|0x0000000602c00000, 0x0000000603000000, 0x0000000603000000|100%| O|  |TAMS 0x0000000602c00000| PB 0x0000000602c00000| Untracked |  0
|  12|0x0000000603000000, 0x0000000603400000, 0x0000000603400000|100%| O|  |TAMS 0x0000000603000000| PB 0x0000000603000000| Untracked |  0
|  13|0x0000000603400000, 0x0000000603800000, 0x0000000603800000|100%| O|  |TAMS 0x0000000603400000| PB 0x0000000603400000| Untracked |  0
|  14|0x0000000603800000, 0x0000000603c00000, 0x0000000603c00000|100%|HS|  |TAMS 0x0000000603800000| PB 0x0000000603800000| Complete |  0
|  15|0x0000000603c00000, 0x0000000604000000, 0x0000000604000000|100%| O|  |TAMS 0x0000000603c00000| PB 0x0000000603c00000| Untracked |  0
|  16|0x0000000604000000, 0x0000000604400000, 0x0000000604400000|100%| O|  |TAMS 0x0000000604000000| PB 0x0000000604000000| Untracked |  0
|  17|0x0000000604400000, 0x0000000604800000, 0x0000000604800000|100%| O|  |TAMS 0x0000000604400000| PB 0x0000000604400000| Untracked |  0
|  18|0x0000000604800000, 0x0000000604c00000, 0x0000000604c00000|100%| O|  |TAMS 0x0000000604800000| PB 0x0000000604800000| Untracked |  0
|  19|0x0000000604c00000, 0x0000000605000000, 0x0000000605000000|100%| O|  |TAMS 0x0000000604c00000| PB 0x0000000604c00000| Untracked |  0
|  20|0x0000000605000000, 0x0000000605400000, 0x0000000605400000|100%| O|  |TAMS 0x0000000605000000| PB 0x0000000605000000| Untracked |  0
|  21|0x0000000605400000, 0x0000000605800000, 0x0000000605800000|100%| O|  |TAMS 0x0000000605400000| PB 0x0000000605400000| Untracked |  0
|  22|0x0000000605800000, 0x0000000605c00000, 0x0000000605c00000|100%| O|  |TAMS 0x0000000605800000| PB 0x0000000605800000| Untracked |  0
|  23|0x0000000605c00000, 0x0000000606000000, 0x0000000606000000|100%| O|  |TAMS 0x0000000605c00000| PB 0x0000000605c00000| Untracked |  0
|  24|0x0000000606000000, 0x0000000606400000, 0x0000000606400000|100%| O|  |TAMS 0x0000000606000000| PB 0x0000000606000000| Untracked |  0
|  25|0x0000000606400000, 0x0000000606800000, 0x0000000606800000|100%| O|  |TAMS 0x0000000606400000| PB 0x0000000606400000| Untracked |  0
|  26|0x0000000606800000, 0x0000000606c00000, 0x0000000606c00000|100%| O|  |TAMS 0x0000000606800000| PB 0x0000000606800000| Untracked |  0
|  27|0x0000000606c00000, 0x0000000607000000, 0x0000000607000000|100%| O|  |TAMS 0x0000000606c00000| PB 0x0000000606c00000| Untracked |  0
|  28|0x0000000607000000, 0x0000000607400000, 0x0000000607400000|100%| O|  |TAMS 0x0000000607000000| PB 0x0000000607000000| Untracked |  0
|  29|0x0000000607400000, 0x0000000607800000, 0x0000000607800000|100%| O|  |TAMS 0x0000000607400000| PB 0x0000000607400000| Untracked |  0
|  30|0x0000000607800000, 0x0000000607c00000, 0x0000000607c00000|100%| O|  |TAMS 0x0000000607800000| PB 0x0000000607800000| Untracked |  0
|  31|0x0000000607c00000, 0x0000000608000000, 0x0000000608000000|100%| O|  |TAMS 0x0000000607c00000| PB 0x0000000607c00000| Untracked |  0
|  32|0x0000000608000000, 0x0000000608400000, 0x0000000608400000|100%| O|  |TAMS 0x0000000608000000| PB 0x0000000608000000| Untracked |  0
|  33|0x0000000608400000, 0x0000000608800000, 0x0000000608800000|100%| O|  |TAMS 0x0000000608400000| PB 0x0000000608400000| Untracked |  0
|  34|0x0000000608800000, 0x0000000608c00000, 0x0000000608c00000|100%| O|  |TAMS 0x0000000608800000| PB 0x0000000608800000| Untracked |  0
|  35|0x0000000608c00000, 0x0000000609000000, 0x0000000609000000|100%| O|  |TAMS 0x0000000608c00000| PB 0x0000000608c00000| Untracked |  0
|  36|0x0000000609000000, 0x0000000609400000, 0x0000000609400000|100%| O|  |TAMS 0x0000000609000000| PB 0x0000000609000000| Untracked |  0
|  37|0x0000000609400000, 0x0000000609800000, 0x0000000609800000|100%| O|  |TAMS 0x0000000609400000| PB 0x0000000609400000| Untracked |  0
|  38|0x0000000609800000, 0x0000000609c00000, 0x0000000609c00000|100%| O|  |TAMS 0x0000000609800000| PB 0x0000000609800000| Untracked |  0
|  39|0x0000000609c00000, 0x000000060a000000, 0x000000060a000000|100%| O|  |TAMS 0x0000000609c00000| PB 0x0000000609c00000| Untracked |  0
|  40|0x000000060a000000, 0x000000060a400000, 0x000000060a400000|100%| O|  |TAMS 0x000000060a000000| PB 0x000000060a000000| Untracked |  0
|  41|0x000000060a400000, 0x000000060a800000, 0x000000060a800000|100%| O|  |TAMS 0x000000060a400000| PB 0x000000060a400000| Untracked |  0
|  42|0x000000060a800000, 0x000000060ac00000, 0x000000060ac00000|100%| O|  |TAMS 0x000000060a800000| PB 0x000000060a800000| Untracked |  0
|  43|0x000000060ac00000, 0x000000060b000000, 0x000000060b000000|100%| O|  |TAMS 0x000000060ac00000| PB 0x000000060ac00000| Untracked |  0
|  44|0x000000060b000000, 0x000000060b400000, 0x000000060b400000|100%| O|  |TAMS 0x000000060b000000| PB 0x000000060b000000| Untracked |  0
|  45|0x000000060b400000, 0x000000060b800000, 0x000000060b800000|100%| O|  |TAMS 0x000000060b400000| PB 0x000000060b400000| Untracked |  0
|  46|0x000000060b800000, 0x000000060bc00000, 0x000000060bc00000|100%| O|  |TAMS 0x000000060b800000| PB 0x000000060b800000| Untracked |  0
|  47|0x000000060bc00000, 0x000000060c000000, 0x000000060c000000|100%| O|  |TAMS 0x000000060bc00000| PB 0x000000060bc00000| Untracked |  0
|  48|0x000000060c000000, 0x000000060c400000, 0x000000060c400000|100%| O|  |TAMS 0x000000060c000000| PB 0x000000060c000000| Untracked |  0
|  49|0x000000060c400000, 0x000000060c800000, 0x000000060c800000|100%| O|  |TAMS 0x000000060c400000| PB 0x000000060c400000| Untracked |  0
|  50|0x000000060c800000, 0x000000060cc00000, 0x000000060cc00000|100%| O|  |TAMS 0x000000060c800000| PB 0x000000060c800000| Untracked |  0
|  51|0x000000060cc00000, 0x000000060d000000, 0x000000060d000000|100%| O|  |TAMS 0x000000060cc00000| PB 0x000000060cc00000| Untracked |  0
|  52|0x000000060d000000, 0x000000060d400000, 0x000000060d400000|100%| O|  |TAMS 0x000000060d000000| PB 0x000000060d000000| Untracked |  0
|  53|0x000000060d400000, 0x000000060d800000, 0x000000060d800000|100%| O|  |TAMS 0x000000060d400000| PB 0x000000060d400000| Untracked |  0
|  54|0x000000060d800000, 0x000000060dc00000, 0x000000060dc00000|100%| O|  |TAMS 0x000000060d800000| PB 0x000000060d800000| Untracked |  0
|  55|0x000000060dc00000, 0x000000060e000000, 0x000000060e000000|100%| O|  |TAMS 0x000000060dc00000| PB 0x000000060dc00000| Untracked |  0
|  56|0x000000060e000000, 0x000000060e400000, 0x000000060e400000|100%| O|  |TAMS 0x000000060e000000| PB 0x000000060e000000| Untracked |  0
|  57|0x000000060e400000, 0x000000060e800000, 0x000000060e800000|100%| O|  |TAMS 0x000000060e400000| PB 0x000000060e400000| Untracked |  0
|  58|0x000000060e800000, 0x000000060ec00000, 0x000000060ec00000|100%| O|  |TAMS 0x000000060e800000| PB 0x000000060e800000| Untracked |  0
|  59|0x000000060ec00000, 0x000000060f000000, 0x000000060f000000|100%| O|  |TAMS 0x000000060ec00000| PB 0x000000060ec00000| Untracked |  0
|  60|0x000000060f000000, 0x000000060f400000, 0x000000060f400000|100%| O|  |TAMS 0x000000060f000000| PB 0x000000060f000000| Untracked |  0
|  61|0x000000060f400000, 0x000000060f800000, 0x000000060f800000|100%| O|  |TAMS 0x000000060f400000| PB 0x000000060f400000| Untracked |  0
|  62|0x000000060f800000, 0x000000060fc00000, 0x000000060fc00000|100%| O|  |TAMS 0x000000060f800000| PB 0x000000060f800000| Untracked |  0
|  63|0x000000060fc00000, 0x0000000610000000, 0x0000000610000000|100%| O|  |TAMS 0x000000060fc00000| PB 0x000000060fc00000| Untracked |  0
|  64|0x0000000610000000, 0x0000000610400000, 0x0000000610400000|100%| O|  |TAMS 0x0000000610000000| PB 0x0000000610000000| Untracked |  0
|  65|0x0000000610400000, 0x0000000610800000, 0x0000000610800000|100%| O|  |TAMS 0x0000000610400000| PB 0x0000000610400000| Untracked |  0
|  66|0x0000000610800000, 0x0000000610c00000, 0x0000000610c00000|100%| O|  |TAMS 0x0000000610800000| PB 0x0000000610800000| Untracked |  0
|  67|0x0000000610c00000, 0x0000000611000000, 0x0000000611000000|100%| O|  |TAMS 0x0000000610c00000| PB 0x0000000610c00000| Untracked |  0
|  68|0x0000000611000000, 0x0000000611400000, 0x0000000611400000|100%| O|  |TAMS 0x0000000611000000| PB 0x0000000611000000| Untracked |  0
|  69|0x0000000611400000, 0x0000000611800000, 0x0000000611800000|100%| O|  |TAMS 0x0000000611400000| PB 0x0000000611400000| Untracked |  0
|  70|0x0000000611800000, 0x0000000611c00000, 0x0000000611c00000|100%| O|  |TAMS 0x0000000611800000| PB 0x0000000611800000| Untracked |  0
|  71|0x0000000611c00000, 0x0000000612000000, 0x0000000612000000|100%| O|  |TAMS 0x0000000611c00000| PB 0x0000000611c00000| Untracked |  0
|  72|0x0000000612000000, 0x0000000612400000, 0x0000000612400000|100%| O|  |TAMS 0x0000000612000000| PB 0x0000000612000000| Untracked |  0
|  73|0x0000000612400000, 0x0000000612800000, 0x0000000612800000|100%| O|  |TAMS 0x0000000612400000| PB 0x0000000612400000| Untracked |  0
|  74|0x0000000612800000, 0x0000000612c00000, 0x0000000612c00000|100%| O|  |TAMS 0x0000000612800000| PB 0x0000000612800000| Untracked |  0
|  75|0x0000000612c00000, 0x0000000613000000, 0x0000000613000000|100%| O|  |TAMS 0x0000000612c00000| PB 0x0000000612c00000| Untracked |  0
|  76|0x0000000613000000, 0x0000000613400000, 0x0000000613400000|100%| O|  |TAMS 0x0000000613000000| PB 0x0000000613000000| Untracked |  0
|  77|0x0000000613400000, 0x0000000613800000, 0x0000000613800000|100%| O|  |TAMS 0x0000000613400000| PB 0x0000000613400000| Untracked |  0
|  78|0x0000000613800000, 0x0000000613c00000, 0x0000000613c00000|100%| O|  |TAMS 0x0000000613800000| PB 0x0000000613800000| Untracked |  0
|  79|0x0000000613c00000, 0x0000000614000000, 0x0000000614000000|100%| O|  |TAMS 0x0000000613c00000| PB 0x0000000613c00000| Untracked |  0
|  80|0x0000000614000000, 0x0000000614400000, 0x0000000614400000|100%| O|  |TAMS 0x0000000614000000| PB 0x0000000614000000| Untracked |  0
|  81|0x0000000614400000, 0x0000000614800000, 0x0000000614800000|100%| O|  |TAMS 0x0000000614400000| PB 0x0000000614400000| Untracked |  0
|  82|0x0000000614800000, 0x0000000614c00000, 0x0000000614c00000|100%| O|  |TAMS 0x0000000614800000| PB 0x0000000614800000| Untracked |  0
|  83|0x0000000614c00000, 0x0000000615000000, 0x0000000615000000|100%| O|  |TAMS 0x0000000614c00000| PB 0x0000000614c00000| Untracked |  0
|  84|0x0000000615000000, 0x0000000615400000, 0x0000000615400000|100%| O|  |TAMS 0x0000000615000000| PB 0x0000000615000000| Untracked |  0
|  85|0x0000000615400000, 0x0000000615800000, 0x0000000615800000|100%| O|  |TAMS 0x0000000615400000| PB 0x0000000615400000| Untracked |  0
|  86|0x0000000615800000, 0x0000000615c00000, 0x0000000615c00000|100%| O|  |TAMS 0x0000000615800000| PB 0x0000000615800000| Untracked |  0
|  87|0x0000000615c00000, 0x0000000616000000, 0x0000000616000000|100%| O|  |TAMS 0x0000000615c00000| PB 0x0000000615c00000| Untracked |  0
|  88|0x0000000616000000, 0x0000000616400000, 0x0000000616400000|100%| O|  |TAMS 0x0000000616000000| PB 0x0000000616000000| Untracked |  0
|  89|0x0000000616400000, 0x0000000616800000, 0x0000000616800000|100%| O|  |TAMS 0x0000000616400000| PB 0x0000000616400000| Untracked |  0
|  90|0x0000000616800000, 0x0000000616c00000, 0x0000000616c00000|100%| O|  |TAMS 0x0000000616800000| PB 0x0000000616800000| Untracked |  0
|  91|0x0000000616c00000, 0x0000000617000000, 0x0000000617000000|100%| O|  |TAMS 0x0000000616c00000| PB 0x0000000616c00000| Untracked |  0
|  92|0x0000000617000000, 0x0000000617400000, 0x0000000617400000|100%| O|  |TAMS 0x0000000617000000| PB 0x0000000617000000| Untracked |  0
|  93|0x0000000617400000, 0x0000000617800000, 0x0000000617800000|100%| O|  |TAMS 0x0000000617400000| PB 0x0000000617400000| Untracked |  0
|  94|0x0000000617800000, 0x0000000617c00000, 0x0000000617c00000|100%| O|  |TAMS 0x0000000617800000| PB 0x0000000617800000| Untracked |  0
|  95|0x0000000617c00000, 0x0000000618000000, 0x0000000618000000|100%| O|  |TAMS 0x0000000617c00000| PB 0x0000000617c00000| Untracked |  0
|  96|0x0000000618000000, 0x0000000618400000, 0x0000000618400000|100%| O|  |TAMS 0x0000000618000000| PB 0x0000000618000000| Untracked |  0
|  97|0x0000000618400000, 0x0000000618800000, 0x0000000618800000|100%| O|  |TAMS 0x0000000618400000| PB 0x0000000618400000| Untracked |  0
|  98|0x0000000618800000, 0x0000000618c00000, 0x0000000618c00000|100%| O|  |TAMS 0x0000000618800000| PB 0x0000000618800000| Untracked |  0
|  99|0x0000000618c00000, 0x0000000619000000, 0x0000000619000000|100%| O|  |TAMS 0x0000000618c00000| PB 0x0000000618c00000| Untracked |  0
| 100|0x0000000619000000, 0x0000000619400000, 0x0000000619400000|100%| O|  |TAMS 0x0000000619000000| PB 0x0000000619000000| Untracked |  0
| 101|0x0000000619400000, 0x0000000619800000, 0x0000000619800000|100%| O|  |TAMS 0x0000000619400000| PB 0x0000000619400000| Untracked |  0
| 102|0x0000000619800000, 0x0000000619c00000, 0x0000000619c00000|100%| O|  |TAMS 0x0000000619800000| PB 0x0000000619800000| Untracked |  0
| 103|0x0000000619c00000, 0x000000061a000000, 0x000000061a000000|100%| O|  |TAMS 0x0000000619c00000| PB 0x0000000619c00000| Untracked |  0
| 104|0x000000061a000000, 0x000000061a400000, 0x000000061a400000|100%| O|  |TAMS 0x000000061a000000| PB 0x000000061a000000| Untracked |  0
| 105|0x000000061a400000, 0x000000061a800000, 0x000000061a800000|100%| O|  |TAMS 0x000000061a400000| PB 0x000000061a400000| Untracked |  0
| 106|0x000000061a800000, 0x000000061ac00000, 0x000000061ac00000|100%| O|  |TAMS 0x000000061a800000| PB 0x000000061a800000| Untracked |  0
| 107|0x000000061ac00000, 0x000000061b000000, 0x000000061b000000|100%| O|  |TAMS 0x000000061ac00000| PB 0x000000061ac00000| Untracked |  0
| 108|0x000000061b000000, 0x000000061b400000, 0x000000061b400000|100%| O|  |TAMS 0x000000061b000000| PB 0x000000061b000000| Untracked |  0
| 109|0x000000061b400000, 0x000000061b800000, 0x000000061b800000|100%| O|  |TAMS 0x000000061b400000| PB 0x000000061b400000| Untracked |  0
| 110|0x000000061b800000, 0x000000061bc00000, 0x000000061bc00000|100%| O|  |TAMS 0x000000061b800000| PB 0x000000061b800000| Untracked |  0
| 111|0x000000061bc00000, 0x000000061c000000, 0x000000061c000000|100%| O|  |TAMS 0x000000061bc00000| PB 0x000000061bc00000| Untracked |  0
| 112|0x000000061c000000, 0x000000061c400000, 0x000000061c400000|100%| O|  |TAMS 0x000000061c000000| PB 0x000000061c000000| Untracked |  0
| 113|0x000000061c400000, 0x000000061c800000, 0x000000061c800000|100%| O|  |TAMS 0x000000061c400000| PB 0x000000061c400000| Untracked |  0
| 114|0x000000061c800000, 0x000000061cc00000, 0x000000061cc00000|100%| O|  |TAMS 0x000000061c800000| PB 0x000000061c800000| Untracked |  0
| 115|0x000000061cc00000, 0x000000061d000000, 0x000000061d000000|100%| O|  |TAMS 0x000000061cc00000| PB 0x000000061cc00000| Untracked |  0
| 116|0x000000061d000000, 0x000000061d400000, 0x000000061d400000|100%|HS|  |TAMS 0x000000061d000000| PB 0x000000061d000000| Complete |  0
| 117|0x000000061d400000, 0x000000061d800000, 0x000000061d800000|100%|HC|  |TAMS 0x000000061d400000| PB 0x000000061d400000| Complete |  0
| 118|0x000000061d800000, 0x000000061dc00000, 0x000000061dc00000|100%|HS|  |TAMS 0x000000061d800000| PB 0x000000061d800000| Complete |  0
| 119|0x000000061dc00000, 0x000000061e000000, 0x000000061e000000|100%|HC|  |TAMS 0x000000061dc00000| PB 0x000000061dc00000| Complete |  0
| 120|0x000000061e000000, 0x000000061e400000, 0x000000061e400000|100%|HS|  |TAMS 0x000000061e000000| PB 0x000000061e000000| Complete |  0
| 121|0x000000061e400000, 0x000000061e800000, 0x000000061e800000|100%|HC|  |TAMS 0x000000061e400000| PB 0x000000061e400000| Complete |  0
| 122|0x000000061e800000, 0x000000061ec00000, 0x000000061ec00000|100%| O|  |TAMS 0x000000061e800000| PB 0x000000061e800000| Untracked |  0
| 123|0x000000061ec00000, 0x000000061f000000, 0x000000061f000000|100%| O|  |TAMS 0x000000061ec00000| PB 0x000000061ec00000| Untracked |  0
| 124|0x000000061f000000, 0x000000061f400000, 0x000000061f400000|100%| O|  |TAMS 0x000000061f000000| PB 0x000000061f000000| Untracked |  0
| 125|0x000000061f400000, 0x000000061f800000, 0x000000061f800000|100%| O|  |TAMS 0x000000061f400000| PB 0x000000061f400000| Untracked |  0
| 126|0x000000061f800000, 0x000000061fc00000, 0x000000061fc00000|100%| O|  |TAMS 0x000000061f800000| PB 0x000000061f800000| Untracked |  0
| 127|0x000000061fc00000, 0x0000000620000000, 0x0000000620000000|100%| O|  |TAMS 0x000000061fc00000| PB 0x000000061fc00000| Untracked |  0
| 128|0x0000000620000000, 0x0000000620400000, 0x0000000620400000|100%| O|  |TAMS 0x0000000620000000| PB 0x0000000620000000| Untracked |  0
| 129|0x0000000620400000, 0x0000000620800000, 0x0000000620800000|100%| O|  |TAMS 0x0000000620400000| PB 0x0000000620400000| Untracked |  0
| 130|0x0000000620800000, 0x000000062090b2b0, 0x0000000620c00000| 26%| O|  |TAMS 0x0000000620800000| PB 0x0000000620800000| Untracked |  0
| 131|0x0000000620c00000, 0x0000000620c00000, 0x0000000621000000|  0%| F|  |TAMS 0x0000000620c00000| PB 0x0000000620c00000| Untracked |  0
| 132|0x0000000621000000, 0x0000000621000000, 0x0000000621400000|  0%| F|  |TAMS 0x0000000621000000| PB 0x0000000621000000| Untracked |  0
| 133|0x0000000621400000, 0x0000000621400000, 0x0000000621800000|  0%| F|  |TAMS 0x0000000621400000| PB 0x0000000621400000| Untracked |  0
| 134|0x0000000621800000, 0x0000000621800000, 0x0000000621c00000|  0%| F|  |TAMS 0x0000000621800000| PB 0x0000000621800000| Untracked |  0
| 135|0x0000000621c00000, 0x0000000621c00000, 0x0000000622000000|  0%| F|  |TAMS 0x0000000621c00000| PB 0x0000000621c00000| Untracked |  0
| 136|0x0000000622000000, 0x0000000622000000, 0x0000000622400000|  0%| F|  |TAMS 0x0000000622000000| PB 0x0000000622000000| Untracked |  0
| 137|0x0000000622400000, 0x0000000622400000, 0x0000000622800000|  0%| F|  |TAMS 0x0000000622400000| PB 0x0000000622400000| Untracked |  0
| 138|0x0000000622800000, 0x0000000622800000, 0x0000000622c00000|  0%| F|  |TAMS 0x0000000622800000| PB 0x0000000622800000| Untracked |  0
| 139|0x0000000622c00000, 0x0000000622c00000, 0x0000000623000000|  0%| F|  |TAMS 0x0000000622c00000| PB 0x0000000622c00000| Untracked |  0
| 140|0x0000000623000000, 0x0000000623000000, 0x0000000623400000|  0%| F|  |TAMS 0x0000000623000000| PB 0x0000000623000000| Untracked |  0
| 141|0x0000000623400000, 0x0000000623400000, 0x0000000623800000|  0%| F|  |TAMS 0x0000000623400000| PB 0x0000000623400000| Untracked |  0
| 142|0x0000000623800000, 0x0000000623800000, 0x0000000623c00000|  0%| F|  |TAMS 0x0000000623800000| PB 0x0000000623800000| Untracked |  0
| 143|0x0000000623c00000, 0x0000000623c00000, 0x0000000624000000|  0%| F|  |TAMS 0x0000000623c00000| PB 0x0000000623c00000| Untracked |  0
| 144|0x0000000624000000, 0x0000000624000000, 0x0000000624400000|  0%| F|  |TAMS 0x0000000624000000| PB 0x0000000624000000| Untracked |  0
| 145|0x0000000624400000, 0x0000000624400000, 0x0000000624800000|  0%| F|  |TAMS 0x0000000624400000| PB 0x0000000624400000| Untracked |  0
| 146|0x0000000624800000, 0x0000000624800000, 0x0000000624c00000|  0%| F|  |TAMS 0x0000000624800000| PB 0x0000000624800000| Untracked |  0
| 147|0x0000000624c00000, 0x0000000624c00000, 0x0000000625000000|  0%| F|  |TAMS 0x0000000624c00000| PB 0x0000000624c00000| Untracked |  0
| 148|0x0000000625000000, 0x0000000625000000, 0x0000000625400000|  0%| F|  |TAMS 0x0000000625000000| PB 0x0000000625000000| Untracked |  0
| 149|0x0000000625400000, 0x0000000625400000, 0x0000000625800000|  0%| F|  |TAMS 0x0000000625400000| PB 0x0000000625400000| Untracked |  0
| 150|0x0000000625800000, 0x0000000625800000, 0x0000000625c00000|  0%| F|  |TAMS 0x0000000625800000| PB 0x0000000625800000| Untracked |  0
| 151|0x0000000625c00000, 0x0000000625c00000, 0x0000000626000000|  0%| F|  |TAMS 0x0000000625c00000| PB 0x0000000625c00000| Untracked |  0
| 152|0x0000000626000000, 0x0000000626000000, 0x0000000626400000|  0%| F|  |TAMS 0x0000000626000000| PB 0x0000000626000000| Untracked |  0
| 153|0x0000000626400000, 0x0000000626400000, 0x0000000626800000|  0%| F|  |TAMS 0x0000000626400000| PB 0x0000000626400000| Untracked |  0
| 154|0x0000000626800000, 0x0000000626800000, 0x0000000626c00000|  0%| F|  |TAMS 0x0000000626800000| PB 0x0000000626800000| Untracked |  0
| 155|0x0000000626c00000, 0x0000000626c00000, 0x0000000627000000|  0%| F|  |TAMS 0x0000000626c00000| PB 0x0000000626c00000| Untracked |  0
| 156|0x0000000627000000, 0x0000000627000000, 0x0000000627400000|  0%| F|  |TAMS 0x0000000627000000| PB 0x0000000627000000| Untracked |  0
| 157|0x0000000627400000, 0x0000000627400000, 0x0000000627800000|  0%| F|  |TAMS 0x0000000627400000| PB 0x0000000627400000| Untracked |  0
| 158|0x0000000627800000, 0x0000000627800000, 0x0000000627c00000|  0%| F|  |TAMS 0x0000000627800000| PB 0x0000000627800000| Untracked |  0
| 159|0x0000000627c00000, 0x0000000627c00000, 0x0000000628000000|  0%| F|  |TAMS 0x0000000627c00000| PB 0x0000000627c00000| Untracked |  0
| 160|0x0000000628000000, 0x0000000628000000, 0x0000000628400000|  0%| F|  |TAMS 0x0000000628000000| PB 0x0000000628000000| Untracked |  0
| 161|0x0000000628400000, 0x0000000628400000, 0x0000000628800000|  0%| F|  |TAMS 0x0000000628400000| PB 0x0000000628400000| Untracked |  0
| 162|0x0000000628800000, 0x0000000628800000, 0x0000000628c00000|  0%| F|  |TAMS 0x0000000628800000| PB 0x0000000628800000| Untracked |  0
| 163|0x0000000628c00000, 0x0000000628c00000, 0x0000000629000000|  0%| F|  |TAMS 0x0000000628c00000| PB 0x0000000628c00000| Untracked |  0
| 164|0x0000000629000000, 0x0000000629000000, 0x0000000629400000|  0%| F|  |TAMS 0x0000000629000000| PB 0x0000000629000000| Untracked |  0
| 165|0x0000000629400000, 0x0000000629400000, 0x0000000629800000|  0%| F|  |TAMS 0x0000000629400000| PB 0x0000000629400000| Untracked |  0
| 166|0x0000000629800000, 0x0000000629800000, 0x0000000629c00000|  0%| F|  |TAMS 0x0000000629800000| PB 0x0000000629800000| Untracked |  0
| 167|0x0000000629c00000, 0x0000000629c00000, 0x000000062a000000|  0%| F|  |TAMS 0x0000000629c00000| PB 0x0000000629c00000| Untracked |  0
| 168|0x000000062a000000, 0x000000062a000000, 0x000000062a400000|  0%| F|  |TAMS 0x000000062a000000| PB 0x000000062a000000| Untracked |  0
| 169|0x000000062a400000, 0x000000062a400000, 0x000000062a800000|  0%| F|  |TAMS 0x000000062a400000| PB 0x000000062a400000| Untracked |  0
| 170|0x000000062a800000, 0x000000062a800000, 0x000000062ac00000|  0%| F|  |TAMS 0x000000062a800000| PB 0x000000062a800000| Untracked |  0
| 171|0x000000062ac00000, 0x000000062ac00000, 0x000000062b000000|  0%| F|  |TAMS 0x000000062ac00000| PB 0x000000062ac00000| Untracked |  0
| 172|0x000000062b000000, 0x000000062b000000, 0x000000062b400000|  0%| F|  |TAMS 0x000000062b000000| PB 0x000000062b000000| Untracked |  0
| 173|0x000000062b400000, 0x000000062b400000, 0x000000062b800000|  0%| F|  |TAMS 0x000000062b400000| PB 0x000000062b400000| Untracked |  0
| 174|0x000000062b800000, 0x000000062b800000, 0x000000062bc00000|  0%| F|  |TAMS 0x000000062b800000| PB 0x000000062b800000| Untracked |  0
| 175|0x000000062bc00000, 0x000000062bc00000, 0x000000062c000000|  0%| F|  |TAMS 0x000000062bc00000| PB 0x000000062bc00000| Untracked |  0
| 176|0x000000062c000000, 0x000000062c000000, 0x000000062c400000|  0%| F|  |TAMS 0x000000062c000000| PB 0x000000062c000000| Untracked |  0
| 177|0x000000062c400000, 0x000000062c400000, 0x000000062c800000|  0%| F|  |TAMS 0x000000062c400000| PB 0x000000062c400000| Untracked |  0
| 178|0x000000062c800000, 0x000000062c800000, 0x000000062cc00000|  0%| F|  |TAMS 0x000000062c800000| PB 0x000000062c800000| Untracked |  0
| 179|0x000000062cc00000, 0x000000062cc00000, 0x000000062d000000|  0%| F|  |TAMS 0x000000062cc00000| PB 0x000000062cc00000| Untracked |  0
| 180|0x000000062d000000, 0x000000062d000000, 0x000000062d400000|  0%| F|  |TAMS 0x000000062d000000| PB 0x000000062d000000| Untracked |  0
| 181|0x000000062d400000, 0x000000062d400000, 0x000000062d800000|  0%| F|  |TAMS 0x000000062d400000| PB 0x000000062d400000| Untracked |  0
| 182|0x000000062d800000, 0x000000062d800000, 0x000000062dc00000|  0%| F|  |TAMS 0x000000062d800000| PB 0x000000062d800000| Untracked |  0
| 183|0x000000062dc00000, 0x000000062dc00000, 0x000000062e000000|  0%| F|  |TAMS 0x000000062dc00000| PB 0x000000062dc00000| Untracked |  0
| 184|0x000000062e000000, 0x000000062e000000, 0x000000062e400000|  0%| F|  |TAMS 0x000000062e000000| PB 0x000000062e000000| Untracked |  0
| 185|0x000000062e400000, 0x000000062e400000, 0x000000062e800000|  0%| F|  |TAMS 0x000000062e400000| PB 0x000000062e400000| Untracked |  0
| 186|0x000000062e800000, 0x000000062e800000, 0x000000062ec00000|  0%| F|  |TAMS 0x000000062e800000| PB 0x000000062e800000| Untracked |  0
| 187|0x000000062ec00000, 0x000000062ec00000, 0x000000062f000000|  0%| F|  |TAMS 0x000000062ec00000| PB 0x000000062ec00000| Untracked |  0
| 188|0x000000062f000000, 0x000000062f000000, 0x000000062f400000|  0%| F|  |TAMS 0x000000062f000000| PB 0x000000062f000000| Untracked |  0
| 189|0x000000062f400000, 0x000000062f400000, 0x000000062f800000|  0%| F|  |TAMS 0x000000062f400000| PB 0x000000062f400000| Untracked |  0
| 190|0x000000062f800000, 0x000000062f800000, 0x000000062fc00000|  0%| F|  |TAMS 0x000000062f800000| PB 0x000000062f800000| Untracked |  0
| 191|0x000000062fc00000, 0x000000062fc00000, 0x0000000630000000|  0%| F|  |TAMS 0x000000062fc00000| PB 0x000000062fc00000| Untracked |  0
| 192|0x0000000630000000, 0x0000000630000000, 0x0000000630400000|  0%| F|  |TAMS 0x0000000630000000| PB 0x0000000630000000| Untracked |  0
| 193|0x0000000630400000, 0x0000000630400000, 0x0000000630800000|  0%| F|  |TAMS 0x0000000630400000| PB 0x0000000630400000| Untracked |  0
| 194|0x0000000630800000, 0x0000000630800000, 0x0000000630c00000|  0%| F|  |TAMS 0x0000000630800000| PB 0x0000000630800000| Untracked |  0
| 195|0x0000000630c00000, 0x0000000630c00000, 0x0000000631000000|  0%| F|  |TAMS 0x0000000630c00000| PB 0x0000000630c00000| Untracked |  0
| 196|0x0000000631000000, 0x0000000631000000, 0x0000000631400000|  0%| F|  |TAMS 0x0000000631000000| PB 0x0000000631000000| Untracked |  0
| 197|0x0000000631400000, 0x0000000631400000, 0x0000000631800000|  0%| F|  |TAMS 0x0000000631400000| PB 0x0000000631400000| Untracked |  0
| 198|0x0000000631800000, 0x0000000631800000, 0x0000000631c00000|  0%| F|  |TAMS 0x0000000631800000| PB 0x0000000631800000| Untracked |  0
| 199|0x0000000631c00000, 0x0000000631c00000, 0x0000000632000000|  0%| F|  |TAMS 0x0000000631c00000| PB 0x0000000631c00000| Untracked |  0
| 200|0x0000000632000000, 0x0000000632000000, 0x0000000632400000|  0%| F|  |TAMS 0x0000000632000000| PB 0x0000000632000000| Untracked |  0
| 201|0x0000000632400000, 0x0000000632400000, 0x0000000632800000|  0%| F|  |TAMS 0x0000000632400000| PB 0x0000000632400000| Untracked |  0
| 202|0x0000000632800000, 0x0000000632800000, 0x0000000632c00000|  0%| F|  |TAMS 0x0000000632800000| PB 0x0000000632800000| Untracked |  0
| 203|0x0000000632c00000, 0x0000000632c00000, 0x0000000633000000|  0%| F|  |TAMS 0x0000000632c00000| PB 0x0000000632c00000| Untracked |  0
| 204|0x0000000633000000, 0x0000000633000000, 0x0000000633400000|  0%| F|  |TAMS 0x0000000633000000| PB 0x0000000633000000| Untracked |  0
| 205|0x0000000633400000, 0x0000000633400000, 0x0000000633800000|  0%| F|  |TAMS 0x0000000633400000| PB 0x0000000633400000| Untracked |  0
| 206|0x0000000633800000, 0x0000000633800000, 0x0000000633c00000|  0%| F|  |TAMS 0x0000000633800000| PB 0x0000000633800000| Untracked |  0
| 207|0x0000000633c00000, 0x0000000633c00000, 0x0000000634000000|  0%| F|  |TAMS 0x0000000633c00000| PB 0x0000000633c00000| Untracked |  0
| 208|0x0000000634000000, 0x0000000634000000, 0x0000000634400000|  0%| F|  |TAMS 0x0000000634000000| PB 0x0000000634000000| Untracked |  0
| 209|0x0000000634400000, 0x0000000634400000, 0x0000000634800000|  0%| F|  |TAMS 0x0000000634400000| PB 0x0000000634400000| Untracked |  0
| 210|0x0000000634800000, 0x0000000634800000, 0x0000000634c00000|  0%| F|  |TAMS 0x0000000634800000| PB 0x0000000634800000| Untracked |  0
| 211|0x0000000634c00000, 0x0000000634c00000, 0x0000000635000000|  0%| F|  |TAMS 0x0000000634c00000| PB 0x0000000634c00000| Untracked |  0
| 212|0x0000000635000000, 0x0000000635000000, 0x0000000635400000|  0%| F|  |TAMS 0x0000000635000000| PB 0x0000000635000000| Untracked |  0
| 213|0x0000000635400000, 0x0000000635400000, 0x0000000635800000|  0%| F|  |TAMS 0x0000000635400000| PB 0x0000000635400000| Untracked |  0
| 214|0x0000000635800000, 0x0000000635800000, 0x0000000635c00000|  0%| F|  |TAMS 0x0000000635800000| PB 0x0000000635800000| Untracked |  0
| 215|0x0000000635c00000, 0x0000000635c00000, 0x0000000636000000|  0%| F|  |TAMS 0x0000000635c00000| PB 0x0000000635c00000| Untracked |  0
| 216|0x0000000636000000, 0x0000000636000000, 0x0000000636400000|  0%| F|  |TAMS 0x0000000636000000| PB 0x0000000636000000| Untracked |  0
| 217|0x0000000636400000, 0x0000000636400000, 0x0000000636800000|  0%| F|  |TAMS 0x0000000636400000| PB 0x0000000636400000| Untracked |  0
| 218|0x0000000636800000, 0x0000000636800000, 0x0000000636c00000|  0%| F|  |TAMS 0x0000000636800000| PB 0x0000000636800000| Untracked |  0
| 219|0x0000000636c00000, 0x0000000636c00000, 0x0000000637000000|  0%| F|  |TAMS 0x0000000636c00000| PB 0x0000000636c00000| Untracked |  0
| 220|0x0000000637000000, 0x0000000637000000, 0x0000000637400000|  0%| F|  |TAMS 0x0000000637000000| PB 0x0000000637000000| Untracked |  0
| 221|0x0000000637400000, 0x0000000637400000, 0x0000000637800000|  0%| F|  |TAMS 0x0000000637400000| PB 0x0000000637400000| Untracked |  0
| 222|0x0000000637800000, 0x0000000637800000, 0x0000000637c00000|  0%| F|  |TAMS 0x0000000637800000| PB 0x0000000637800000| Untracked |  0
| 223|0x0000000637c00000, 0x0000000637c00000, 0x0000000638000000|  0%| F|  |TAMS 0x0000000637c00000| PB 0x0000000637c00000| Untracked |  0
| 224|0x0000000638000000, 0x0000000638000000, 0x0000000638400000|  0%| F|  |TAMS 0x0000000638000000| PB 0x0000000638000000| Untracked |  0
| 225|0x0000000638400000, 0x0000000638400000, 0x0000000638800000|  0%| F|  |TAMS 0x0000000638400000| PB 0x0000000638400000| Untracked |  0
| 226|0x0000000638800000, 0x0000000638800000, 0x0000000638c00000|  0%| F|  |TAMS 0x0000000638800000| PB 0x0000000638800000| Untracked |  0
| 227|0x0000000638c00000, 0x0000000638c00000, 0x0000000639000000|  0%| F|  |TAMS 0x0000000638c00000| PB 0x0000000638c00000| Untracked |  0
| 228|0x0000000639000000, 0x0000000639000000, 0x0000000639400000|  0%| F|  |TAMS 0x0000000639000000| PB 0x0000000639000000| Untracked |  0
| 229|0x0000000639400000, 0x0000000639400000, 0x0000000639800000|  0%| F|  |TAMS 0x0000000639400000| PB 0x0000000639400000| Untracked |  0
| 230|0x0000000639800000, 0x0000000639800000, 0x0000000639c00000|  0%| F|  |TAMS 0x0000000639800000| PB 0x0000000639800000| Untracked |  0
| 231|0x0000000639c00000, 0x0000000639c00000, 0x000000063a000000|  0%| F|  |TAMS 0x0000000639c00000| PB 0x0000000639c00000| Untracked |  0
| 232|0x000000063a000000, 0x000000063a000000, 0x000000063a400000|  0%| F|  |TAMS 0x000000063a000000| PB 0x000000063a000000| Untracked |  0
| 233|0x000000063a400000, 0x000000063a400000, 0x000000063a800000|  0%| F|  |TAMS 0x000000063a400000| PB 0x000000063a400000| Untracked |  0
| 234|0x000000063a800000, 0x000000063a800000, 0x000000063ac00000|  0%| F|  |TAMS 0x000000063a800000| PB 0x000000063a800000| Untracked |  0
| 235|0x000000063ac00000, 0x000000063ac00000, 0x000000063b000000|  0%| F|  |TAMS 0x000000063ac00000| PB 0x000000063ac00000| Untracked |  0
| 236|0x000000063b000000, 0x000000063b000000, 0x000000063b400000|  0%| F|  |TAMS 0x000000063b000000| PB 0x000000063b000000| Untracked |  0
| 237|0x000000063b400000, 0x000000063b400000, 0x000000063b800000|  0%| F|  |TAMS 0x000000063b400000| PB 0x000000063b400000| Untracked |  0
| 238|0x000000063b800000, 0x000000063b800000, 0x000000063bc00000|  0%| F|  |TAMS 0x000000063b800000| PB 0x000000063b800000| Untracked |  0
| 239|0x000000063bc00000, 0x000000063bc00000, 0x000000063c000000|  0%| F|  |TAMS 0x000000063bc00000| PB 0x000000063bc00000| Untracked |  0
| 240|0x000000063c000000, 0x000000063c000000, 0x000000063c400000|  0%| F|  |TAMS 0x000000063c000000| PB 0x000000063c000000| Untracked |  0
| 241|0x000000063c400000, 0x000000063c400000, 0x000000063c800000|  0%| F|  |TAMS 0x000000063c400000| PB 0x000000063c400000| Untracked |  0
| 242|0x000000063c800000, 0x000000063c800000, 0x000000063cc00000|  0%| F|  |TAMS 0x000000063c800000| PB 0x000000063c800000| Untracked |  0
| 243|0x000000063cc00000, 0x000000063cc00000, 0x000000063d000000|  0%| F|  |TAMS 0x000000063cc00000| PB 0x000000063cc00000| Untracked |  0
| 244|0x000000063d000000, 0x000000063d000000, 0x000000063d400000|  0%| F|  |TAMS 0x000000063d000000| PB 0x000000063d000000| Untracked |  0
| 245|0x000000063d400000, 0x000000063d400000, 0x000000063d800000|  0%| F|  |TAMS 0x000000063d400000| PB 0x000000063d400000| Untracked |  0
| 246|0x000000063d800000, 0x000000063d800000, 0x000000063dc00000|  0%| F|  |TAMS 0x000000063d800000| PB 0x000000063d800000| Untracked |  0
| 247|0x000000063dc00000, 0x000000063dc00000, 0x000000063e000000|  0%| F|  |TAMS 0x000000063dc00000| PB 0x000000063dc00000| Untracked |  0
| 248|0x000000063e000000, 0x000000063e000000, 0x000000063e400000|  0%| F|  |TAMS 0x000000063e000000| PB 0x000000063e000000| Untracked |  0
| 249|0x000000063e400000, 0x000000063e400000, 0x000000063e800000|  0%| F|  |TAMS 0x000000063e400000| PB 0x000000063e400000| Untracked |  0
| 250|0x000000063e800000, 0x000000063e800000, 0x000000063ec00000|  0%| F|  |TAMS 0x000000063e800000| PB 0x000000063e800000| Untracked |  0
| 251|0x000000063ec00000, 0x000000063ec00000, 0x000000063f000000|  0%| F|  |TAMS 0x000000063ec00000| PB 0x000000063ec00000| Untracked |  0
| 252|0x000000063f000000, 0x000000063f000000, 0x000000063f400000|  0%| F|  |TAMS 0x000000063f000000| PB 0x000000063f000000| Untracked |  0
| 253|0x000000063f400000, 0x000000063f400000, 0x000000063f800000|  0%| F|  |TAMS 0x000000063f400000| PB 0x000000063f400000| Untracked |  0
| 254|0x000000063f800000, 0x000000063f800000, 0x000000063fc00000|  0%| F|  |TAMS 0x000000063f800000| PB 0x000000063f800000| Untracked |  0
| 255|0x000000063fc00000, 0x000000063fc00000, 0x0000000640000000|  0%| F|  |TAMS 0x000000063fc00000| PB 0x000000063fc00000| Untracked |  0
| 256|0x0000000640000000, 0x0000000640000000, 0x0000000640400000|  0%| F|  |TAMS 0x0000000640000000| PB 0x0000000640000000| Untracked |  0
| 257|0x0000000640400000, 0x0000000640400000, 0x0000000640800000|  0%| F|  |TAMS 0x0000000640400000| PB 0x0000000640400000| Untracked |  0
| 258|0x0000000640800000, 0x0000000640800000, 0x0000000640c00000|  0%| F|  |TAMS 0x0000000640800000| PB 0x0000000640800000| Untracked |  0
| 259|0x0000000640c00000, 0x0000000640c00000, 0x0000000641000000|  0%| F|  |TAMS 0x0000000640c00000| PB 0x0000000640c00000| Untracked |  0
| 260|0x0000000641000000, 0x0000000641000000, 0x0000000641400000|  0%| F|  |TAMS 0x0000000641000000| PB 0x0000000641000000| Untracked |  0
| 261|0x0000000641400000, 0x0000000641400000, 0x0000000641800000|  0%| F|  |TAMS 0x0000000641400000| PB 0x0000000641400000| Untracked |  0
| 262|0x0000000641800000, 0x0000000641800000, 0x0000000641c00000|  0%| F|  |TAMS 0x0000000641800000| PB 0x0000000641800000| Untracked |  0
| 263|0x0000000641c00000, 0x0000000641c00000, 0x0000000642000000|  0%| F|  |TAMS 0x0000000641c00000| PB 0x0000000641c00000| Untracked |  0
| 264|0x0000000642000000, 0x0000000642000000, 0x0000000642400000|  0%| F|  |TAMS 0x0000000642000000| PB 0x0000000642000000| Untracked |  0
| 265|0x0000000642400000, 0x0000000642400000, 0x0000000642800000|  0%| F|  |TAMS 0x0000000642400000| PB 0x0000000642400000| Untracked |  0
| 266|0x0000000642800000, 0x0000000642800000, 0x0000000642c00000|  0%| F|  |TAMS 0x0000000642800000| PB 0x0000000642800000| Untracked |  0
| 267|0x0000000642c00000, 0x0000000642c00000, 0x0000000643000000|  0%| F|  |TAMS 0x0000000642c00000| PB 0x0000000642c00000| Untracked |  0
| 268|0x0000000643000000, 0x0000000643000000, 0x0000000643400000|  0%| F|  |TAMS 0x0000000643000000| PB 0x0000000643000000| Untracked |  0
| 269|0x0000000643400000, 0x0000000643400000, 0x0000000643800000|  0%| F|  |TAMS 0x0000000643400000| PB 0x0000000643400000| Untracked |  0
| 270|0x0000000643800000, 0x0000000643800000, 0x0000000643c00000|  0%| F|  |TAMS 0x0000000643800000| PB 0x0000000643800000| Untracked |  0
| 271|0x0000000643c00000, 0x0000000643c00000, 0x0000000644000000|  0%| F|  |TAMS 0x0000000643c00000| PB 0x0000000643c00000| Untracked |  0
| 272|0x0000000644000000, 0x0000000644000000, 0x0000000644400000|  0%| F|  |TAMS 0x0000000644000000| PB 0x0000000644000000| Untracked |  0
| 273|0x0000000644400000, 0x0000000644400000, 0x0000000644800000|  0%| F|  |TAMS 0x0000000644400000| PB 0x0000000644400000| Untracked |  0
| 274|0x0000000644800000, 0x0000000644800000, 0x0000000644c00000|  0%| F|  |TAMS 0x0000000644800000| PB 0x0000000644800000| Untracked |  0
| 275|0x0000000644c00000, 0x0000000644c00000, 0x0000000645000000|  0%| F|  |TAMS 0x0000000644c00000| PB 0x0000000644c00000| Untracked |  0
| 276|0x0000000645000000, 0x0000000645000000, 0x0000000645400000|  0%| F|  |TAMS 0x0000000645000000| PB 0x0000000645000000| Untracked |  0
| 277|0x0000000645400000, 0x0000000645400000, 0x0000000645800000|  0%| F|  |TAMS 0x0000000645400000| PB 0x0000000645400000| Untracked |  0
| 278|0x0000000645800000, 0x0000000645800000, 0x0000000645c00000|  0%| F|  |TAMS 0x0000000645800000| PB 0x0000000645800000| Untracked |  0
| 279|0x0000000645c00000, 0x0000000645c00000, 0x0000000646000000|  0%| F|  |TAMS 0x0000000645c00000| PB 0x0000000645c00000| Untracked |  0
| 280|0x0000000646000000, 0x0000000646000000, 0x0000000646400000|  0%| F|  |TAMS 0x0000000646000000| PB 0x0000000646000000| Untracked |  0
| 281|0x0000000646400000, 0x0000000646400000, 0x0000000646800000|  0%| F|  |TAMS 0x0000000646400000| PB 0x0000000646400000| Untracked |  0
| 282|0x0000000646800000, 0x0000000646800000, 0x0000000646c00000|  0%| F|  |TAMS 0x0000000646800000| PB 0x0000000646800000| Untracked |  0
| 283|0x0000000646c00000, 0x0000000646c00000, 0x0000000647000000|  0%| F|  |TAMS 0x0000000646c00000| PB 0x0000000646c00000| Untracked |  0
| 284|0x0000000647000000, 0x0000000647000000, 0x0000000647400000|  0%| F|  |TAMS 0x0000000647000000| PB 0x0000000647000000| Untracked |  0
| 285|0x0000000647400000, 0x0000000647400000, 0x0000000647800000|  0%| F|  |TAMS 0x0000000647400000| PB 0x0000000647400000| Untracked |  0
| 286|0x0000000647800000, 0x0000000647800000, 0x0000000647c00000|  0%| F|  |TAMS 0x0000000647800000| PB 0x0000000647800000| Untracked |  0
| 287|0x0000000647c00000, 0x0000000647c00000, 0x0000000648000000|  0%| F|  |TAMS 0x0000000647c00000| PB 0x0000000647c00000| Untracked |  0
| 288|0x0000000648000000, 0x0000000648000000, 0x0000000648400000|  0%| F|  |TAMS 0x0000000648000000| PB 0x0000000648000000| Untracked |  0
| 289|0x0000000648400000, 0x0000000648400000, 0x0000000648800000|  0%| F|  |TAMS 0x0000000648400000| PB 0x0000000648400000| Untracked |  0
| 290|0x0000000648800000, 0x0000000648800000, 0x0000000648c00000|  0%| F|  |TAMS 0x0000000648800000| PB 0x0000000648800000| Untracked |  0
| 291|0x0000000648c00000, 0x0000000648c00000, 0x0000000649000000|  0%| F|  |TAMS 0x0000000648c00000| PB 0x0000000648c00000| Untracked |  0
| 292|0x0000000649000000, 0x0000000649000000, 0x0000000649400000|  0%| F|  |TAMS 0x0000000649000000| PB 0x0000000649000000| Untracked |  0
| 293|0x0000000649400000, 0x0000000649400000, 0x0000000649800000|  0%| F|  |TAMS 0x0000000649400000| PB 0x0000000649400000| Untracked |  0
| 294|0x0000000649800000, 0x0000000649800000, 0x0000000649c00000|  0%| F|  |TAMS 0x0000000649800000| PB 0x0000000649800000| Untracked |  0
| 295|0x0000000649c00000, 0x0000000649c00000, 0x000000064a000000|  0%| F|  |TAMS 0x0000000649c00000| PB 0x0000000649c00000| Untracked |  0
| 296|0x000000064a000000, 0x000000064a000000, 0x000000064a400000|  0%| F|  |TAMS 0x000000064a000000| PB 0x000000064a000000| Untracked |  0
| 297|0x000000064a400000, 0x000000064a400000, 0x000000064a800000|  0%| F|  |TAMS 0x000000064a400000| PB 0x000000064a400000| Untracked |  0
| 298|0x000000064a800000, 0x000000064a800000, 0x000000064ac00000|  0%| F|  |TAMS 0x000000064a800000| PB 0x000000064a800000| Untracked |  0
| 299|0x000000064ac00000, 0x000000064ac00000, 0x000000064b000000|  0%| F|  |TAMS 0x000000064ac00000| PB 0x000000064ac00000| Untracked |  0
| 300|0x000000064b000000, 0x000000064b000000, 0x000000064b400000|  0%| F|  |TAMS 0x000000064b000000| PB 0x000000064b000000| Untracked |  0
| 301|0x000000064b400000, 0x000000064b400000, 0x000000064b800000|  0%| F|  |TAMS 0x000000064b400000| PB 0x000000064b400000| Untracked |  0
| 302|0x000000064b800000, 0x000000064b800000, 0x000000064bc00000|  0%| F|  |TAMS 0x000000064b800000| PB 0x000000064b800000| Untracked |  0
| 303|0x000000064bc00000, 0x000000064bc00000, 0x000000064c000000|  0%| F|  |TAMS 0x000000064bc00000| PB 0x000000064bc00000| Untracked |  0
| 304|0x000000064c000000, 0x000000064c000000, 0x000000064c400000|  0%| F|  |TAMS 0x000000064c000000| PB 0x000000064c000000| Untracked |  0
| 305|0x000000064c400000, 0x000000064c400000, 0x000000064c800000|  0%| F|  |TAMS 0x000000064c400000| PB 0x000000064c400000| Untracked |  0
| 306|0x000000064c800000, 0x000000064c800000, 0x000000064cc00000|  0%| F|  |TAMS 0x000000064c800000| PB 0x000000064c800000| Untracked |  0
| 307|0x000000064cc00000, 0x000000064cc00000, 0x000000064d000000|  0%| F|  |TAMS 0x000000064cc00000| PB 0x000000064cc00000| Untracked |  0
| 308|0x000000064d000000, 0x000000064d000000, 0x000000064d400000|  0%| F|  |TAMS 0x000000064d000000| PB 0x000000064d000000| Untracked |  0
| 309|0x000000064d400000, 0x000000064d400000, 0x000000064d800000|  0%| F|  |TAMS 0x000000064d400000| PB 0x000000064d400000| Untracked |  0
| 310|0x000000064d800000, 0x000000064d800000, 0x000000064dc00000|  0%| F|  |TAMS 0x000000064d800000| PB 0x000000064d800000| Untracked |  0
| 311|0x000000064dc00000, 0x000000064dc00000, 0x000000064e000000|  0%| F|  |TAMS 0x000000064dc00000| PB 0x000000064dc00000| Untracked |  0
| 312|0x000000064e000000, 0x000000064e000000, 0x000000064e400000|  0%| F|  |TAMS 0x000000064e000000| PB 0x000000064e000000| Untracked |  0
| 313|0x000000064e400000, 0x000000064e400000, 0x000000064e800000|  0%| F|  |TAMS 0x000000064e400000| PB 0x000000064e400000| Untracked |  0
| 314|0x000000064e800000, 0x000000064e800000, 0x000000064ec00000|  0%| F|  |TAMS 0x000000064e800000| PB 0x000000064e800000| Untracked |  0
| 315|0x000000064ec00000, 0x000000064ec00000, 0x000000064f000000|  0%| F|  |TAMS 0x000000064ec00000| PB 0x000000064ec00000| Untracked |  0
| 316|0x000000064f000000, 0x000000064f000000, 0x000000064f400000|  0%| F|  |TAMS 0x000000064f000000| PB 0x000000064f000000| Untracked |  0
| 317|0x000000064f400000, 0x000000064f400000, 0x000000064f800000|  0%| F|  |TAMS 0x000000064f400000| PB 0x000000064f400000| Untracked |  0
| 318|0x000000064f800000, 0x000000064f800000, 0x000000064fc00000|  0%| F|  |TAMS 0x000000064f800000| PB 0x000000064f800000| Untracked |  0
| 319|0x000000064fc00000, 0x000000064fc00000, 0x0000000650000000|  0%| F|  |TAMS 0x000000064fc00000| PB 0x000000064fc00000| Untracked |  0
| 320|0x0000000650000000, 0x0000000650000000, 0x0000000650400000|  0%| F|  |TAMS 0x0000000650000000| PB 0x0000000650000000| Untracked |  0
| 321|0x0000000650400000, 0x0000000650400000, 0x0000000650800000|  0%| F|  |TAMS 0x0000000650400000| PB 0x0000000650400000| Untracked |  0
| 322|0x0000000650800000, 0x0000000650800000, 0x0000000650c00000|  0%| F|  |TAMS 0x0000000650800000| PB 0x0000000650800000| Untracked |  0
| 323|0x0000000650c00000, 0x0000000650c00000, 0x0000000651000000|  0%| F|  |TAMS 0x0000000650c00000| PB 0x0000000650c00000| Untracked |  0
| 324|0x0000000651000000, 0x0000000651000000, 0x0000000651400000|  0%| F|  |TAMS 0x0000000651000000| PB 0x0000000651000000| Untracked |  0
| 325|0x0000000651400000, 0x0000000651400000, 0x0000000651800000|  0%| F|  |TAMS 0x0000000651400000| PB 0x0000000651400000| Untracked |  0
| 326|0x0000000651800000, 0x0000000651800000, 0x0000000651c00000|  0%| F|  |TAMS 0x0000000651800000| PB 0x0000000651800000| Untracked |  0
| 327|0x0000000651c00000, 0x0000000651c00000, 0x0000000652000000|  0%| F|  |TAMS 0x0000000651c00000| PB 0x0000000651c00000| Untracked |  0
| 328|0x0000000652000000, 0x0000000652000000, 0x0000000652400000|  0%| F|  |TAMS 0x0000000652000000| PB 0x0000000652000000| Untracked |  0
| 329|0x0000000652400000, 0x0000000652400000, 0x0000000652800000|  0%| F|  |TAMS 0x0000000652400000| PB 0x0000000652400000| Untracked |  0
| 330|0x0000000652800000, 0x0000000652800000, 0x0000000652c00000|  0%| F|  |TAMS 0x0000000652800000| PB 0x0000000652800000| Untracked |  0
| 331|0x0000000652c00000, 0x0000000652c00000, 0x0000000653000000|  0%| F|  |TAMS 0x0000000652c00000| PB 0x0000000652c00000| Untracked |  0
| 332|0x0000000653000000, 0x0000000653000000, 0x0000000653400000|  0%| F|  |TAMS 0x0000000653000000| PB 0x0000000653000000| Untracked |  0
| 333|0x0000000653400000, 0x0000000653400000, 0x0000000653800000|  0%| F|  |TAMS 0x0000000653400000| PB 0x0000000653400000| Untracked |  0
| 334|0x0000000653800000, 0x0000000653800000, 0x0000000653c00000|  0%| F|  |TAMS 0x0000000653800000| PB 0x0000000653800000| Untracked |  0
| 335|0x0000000653c00000, 0x0000000653c00000, 0x0000000654000000|  0%| F|  |TAMS 0x0000000653c00000| PB 0x0000000653c00000| Untracked |  0
| 336|0x0000000654000000, 0x0000000654000000, 0x0000000654400000|  0%| F|  |TAMS 0x0000000654000000| PB 0x0000000654000000| Untracked |  0
| 337|0x0000000654400000, 0x0000000654400000, 0x0000000654800000|  0%| F|  |TAMS 0x0000000654400000| PB 0x0000000654400000| Untracked |  0
| 338|0x0000000654800000, 0x0000000654800000, 0x0000000654c00000|  0%| F|  |TAMS 0x0000000654800000| PB 0x0000000654800000| Untracked |  0
| 339|0x0000000654c00000, 0x0000000654c00000, 0x0000000655000000|  0%| F|  |TAMS 0x0000000654c00000| PB 0x0000000654c00000| Untracked |  0
| 340|0x0000000655000000, 0x0000000655000000, 0x0000000655400000|  0%| F|  |TAMS 0x0000000655000000| PB 0x0000000655000000| Untracked |  0
| 341|0x0000000655400000, 0x0000000655400000, 0x0000000655800000|  0%| F|  |TAMS 0x0000000655400000| PB 0x0000000655400000| Untracked |  0
| 342|0x0000000655800000, 0x0000000655800000, 0x0000000655c00000|  0%| F|  |TAMS 0x0000000655800000| PB 0x0000000655800000| Untracked |  0
| 343|0x0000000655c00000, 0x0000000655c00000, 0x0000000656000000|  0%| F|  |TAMS 0x0000000655c00000| PB 0x0000000655c00000| Untracked |  0
| 344|0x0000000656000000, 0x0000000656000000, 0x0000000656400000|  0%| F|  |TAMS 0x0000000656000000| PB 0x0000000656000000| Untracked |  0
| 345|0x0000000656400000, 0x0000000656400000, 0x0000000656800000|  0%| F|  |TAMS 0x0000000656400000| PB 0x0000000656400000| Untracked |  0
| 346|0x0000000656800000, 0x0000000656800000, 0x0000000656c00000|  0%| F|  |TAMS 0x0000000656800000| PB 0x0000000656800000| Untracked |  0
| 347|0x0000000656c00000, 0x0000000656c00000, 0x0000000657000000|  0%| F|  |TAMS 0x0000000656c00000| PB 0x0000000656c00000| Untracked |  0
| 348|0x0000000657000000, 0x0000000657000000, 0x0000000657400000|  0%| F|  |TAMS 0x0000000657000000| PB 0x0000000657000000| Untracked |  0
| 349|0x0000000657400000, 0x0000000657400000, 0x0000000657800000|  0%| F|  |TAMS 0x0000000657400000| PB 0x0000000657400000| Untracked |  0
| 350|0x0000000657800000, 0x0000000657800000, 0x0000000657c00000|  0%| F|  |TAMS 0x0000000657800000| PB 0x0000000657800000| Untracked |  0
| 351|0x0000000657c00000, 0x0000000657c00000, 0x0000000658000000|  0%| F|  |TAMS 0x0000000657c00000| PB 0x0000000657c00000| Untracked |  0
| 352|0x0000000658000000, 0x0000000658000000, 0x0000000658400000|  0%| F|  |TAMS 0x0000000658000000| PB 0x0000000658000000| Untracked |  0
| 353|0x0000000658400000, 0x0000000658400000, 0x0000000658800000|  0%| F|  |TAMS 0x0000000658400000| PB 0x0000000658400000| Untracked |  0
| 354|0x0000000658800000, 0x0000000658800000, 0x0000000658c00000|  0%| F|  |TAMS 0x0000000658800000| PB 0x0000000658800000| Untracked |  0
| 355|0x0000000658c00000, 0x0000000658c00000, 0x0000000659000000|  0%| F|  |TAMS 0x0000000658c00000| PB 0x0000000658c00000| Untracked |  0
| 356|0x0000000659000000, 0x0000000659000000, 0x0000000659400000|  0%| F|  |TAMS 0x0000000659000000| PB 0x0000000659000000| Untracked |  0
| 357|0x0000000659400000, 0x0000000659400000, 0x0000000659800000|  0%| F|  |TAMS 0x0000000659400000| PB 0x0000000659400000| Untracked |  0
| 358|0x0000000659800000, 0x0000000659800000, 0x0000000659c00000|  0%| F|  |TAMS 0x0000000659800000| PB 0x0000000659800000| Untracked |  0
| 359|0x0000000659c00000, 0x0000000659c00000, 0x000000065a000000|  0%| F|  |TAMS 0x0000000659c00000| PB 0x0000000659c00000| Untracked |  0
| 360|0x000000065a000000, 0x000000065a000000, 0x000000065a400000|  0%| F|  |TAMS 0x000000065a000000| PB 0x000000065a000000| Untracked |  0
| 361|0x000000065a400000, 0x000000065a400000, 0x000000065a800000|  0%| F|  |TAMS 0x000000065a400000| PB 0x000000065a400000| Untracked |  0
| 362|0x000000065a800000, 0x000000065a800000, 0x000000065ac00000|  0%| F|  |TAMS 0x000000065a800000| PB 0x000000065a800000| Untracked |  0
| 363|0x000000065ac00000, 0x000000065ac00000, 0x000000065b000000|  0%| F|  |TAMS 0x000000065ac00000| PB 0x000000065ac00000| Untracked |  0
| 364|0x000000065b000000, 0x000000065b000000, 0x000000065b400000|  0%| F|  |TAMS 0x000000065b000000| PB 0x000000065b000000| Untracked |  0
| 365|0x000000065b400000, 0x000000065b400000, 0x000000065b800000|  0%| F|  |TAMS 0x000000065b400000| PB 0x000000065b400000| Untracked |  0
| 366|0x000000065b800000, 0x000000065b800000, 0x000000065bc00000|  0%| F|  |TAMS 0x000000065b800000| PB 0x000000065b800000| Untracked |  0
| 367|0x000000065bc00000, 0x000000065bc00000, 0x000000065c000000|  0%| F|  |TAMS 0x000000065bc00000| PB 0x000000065bc00000| Untracked |  0
| 368|0x000000065c000000, 0x000000065c000000, 0x000000065c400000|  0%| F|  |TAMS 0x000000065c000000| PB 0x000000065c000000| Untracked |  0
| 369|0x000000065c400000, 0x000000065c400000, 0x000000065c800000|  0%| F|  |TAMS 0x000000065c400000| PB 0x000000065c400000| Untracked |  0
| 370|0x000000065c800000, 0x000000065c800000, 0x000000065cc00000|  0%| F|  |TAMS 0x000000065c800000| PB 0x000000065c800000| Untracked |  0
| 371|0x000000065cc00000, 0x000000065cc00000, 0x000000065d000000|  0%| F|  |TAMS 0x000000065cc00000| PB 0x000000065cc00000| Untracked |  0
| 372|0x000000065d000000, 0x000000065d000000, 0x000000065d400000|  0%| F|  |TAMS 0x000000065d000000| PB 0x000000065d000000| Untracked |  0
| 373|0x000000065d400000, 0x000000065d400000, 0x000000065d800000|  0%| F|  |TAMS 0x000000065d400000| PB 0x000000065d400000| Untracked |  0
| 374|0x000000065d800000, 0x000000065d800000, 0x000000065dc00000|  0%| F|  |TAMS 0x000000065d800000| PB 0x000000065d800000| Untracked |  0
| 375|0x000000065dc00000, 0x000000065dc00000, 0x000000065e000000|  0%| F|  |TAMS 0x000000065dc00000| PB 0x000000065dc00000| Untracked |  0
| 376|0x000000065e000000, 0x000000065e000000, 0x000000065e400000|  0%| F|  |TAMS 0x000000065e000000| PB 0x000000065e000000| Untracked |  0
| 377|0x000000065e400000, 0x000000065e400000, 0x000000065e800000|  0%| F|  |TAMS 0x000000065e400000| PB 0x000000065e400000| Untracked |  0
| 378|0x000000065e800000, 0x000000065e800000, 0x000000065ec00000|  0%| F|  |TAMS 0x000000065e800000| PB 0x000000065e800000| Untracked |  0
| 379|0x000000065ec00000, 0x000000065ec00000, 0x000000065f000000|  0%| F|  |TAMS 0x000000065ec00000| PB 0x000000065ec00000| Untracked |  0
| 380|0x000000065f000000, 0x000000065f000000, 0x000000065f400000|  0%| F|  |TAMS 0x000000065f000000| PB 0x000000065f000000| Untracked |  0
| 381|0x000000065f400000, 0x000000065f400000, 0x000000065f800000|  0%| F|  |TAMS 0x000000065f400000| PB 0x000000065f400000| Untracked |  0
| 382|0x000000065f800000, 0x000000065f800000, 0x000000065fc00000|  0%| F|  |TAMS 0x000000065f800000| PB 0x000000065f800000| Untracked |  0
| 383|0x000000065fc00000, 0x000000065fc00000, 0x0000000660000000|  0%| F|  |TAMS 0x000000065fc00000| PB 0x000000065fc00000| Untracked |  0
| 384|0x0000000660000000, 0x0000000660000000, 0x0000000660400000|  0%| F|  |TAMS 0x0000000660000000| PB 0x0000000660000000| Untracked |  0
| 385|0x0000000660400000, 0x0000000660400000, 0x0000000660800000|  0%| F|  |TAMS 0x0000000660400000| PB 0x0000000660400000| Untracked |  0
| 386|0x0000000660800000, 0x0000000660800000, 0x0000000660c00000|  0%| F|  |TAMS 0x0000000660800000| PB 0x0000000660800000| Untracked |  0
| 387|0x0000000660c00000, 0x0000000660c00000, 0x0000000661000000|  0%| F|  |TAMS 0x0000000660c00000| PB 0x0000000660c00000| Untracked |  0
| 388|0x0000000661000000, 0x0000000661000000, 0x0000000661400000|  0%| F|  |TAMS 0x0000000661000000| PB 0x0000000661000000| Untracked |  0
| 389|0x0000000661400000, 0x0000000661400000, 0x0000000661800000|  0%| F|  |TAMS 0x0000000661400000| PB 0x0000000661400000| Untracked |  0
| 390|0x0000000661800000, 0x0000000661800000, 0x0000000661c00000|  0%| F|  |TAMS 0x0000000661800000| PB 0x0000000661800000| Untracked |  0
| 391|0x0000000661c00000, 0x0000000661c00000, 0x0000000662000000|  0%| F|  |TAMS 0x0000000661c00000| PB 0x0000000661c00000| Untracked |  0
| 392|0x0000000662000000, 0x0000000662000000, 0x0000000662400000|  0%| F|  |TAMS 0x0000000662000000| PB 0x0000000662000000| Untracked |  0
| 393|0x0000000662400000, 0x0000000662400000, 0x0000000662800000|  0%| F|  |TAMS 0x0000000662400000| PB 0x0000000662400000| Untracked |  0
| 394|0x0000000662800000, 0x0000000662800000, 0x0000000662c00000|  0%| F|  |TAMS 0x0000000662800000| PB 0x0000000662800000| Untracked |  0
| 395|0x0000000662c00000, 0x0000000662c00000, 0x0000000663000000|  0%| F|  |TAMS 0x0000000662c00000| PB 0x0000000662c00000| Untracked |  0
| 396|0x0000000663000000, 0x0000000663000000, 0x0000000663400000|  0%| F|  |TAMS 0x0000000663000000| PB 0x0000000663000000| Untracked |  0
| 397|0x0000000663400000, 0x0000000663400000, 0x0000000663800000|  0%| F|  |TAMS 0x0000000663400000| PB 0x0000000663400000| Untracked |  0
| 398|0x0000000663800000, 0x0000000663800000, 0x0000000663c00000|  0%| F|  |TAMS 0x0000000663800000| PB 0x0000000663800000| Untracked |  0
| 399|0x0000000663c00000, 0x0000000663c00000, 0x0000000664000000|  0%| F|  |TAMS 0x0000000663c00000| PB 0x0000000663c00000| Untracked |  0
| 400|0x0000000664000000, 0x0000000664000000, 0x0000000664400000|  0%| F|  |TAMS 0x0000000664000000| PB 0x0000000664000000| Untracked |  0
| 401|0x0000000664400000, 0x0000000664400000, 0x0000000664800000|  0%| F|  |TAMS 0x0000000664400000| PB 0x0000000664400000| Untracked |  0
| 402|0x0000000664800000, 0x0000000664800000, 0x0000000664c00000|  0%| F|  |TAMS 0x0000000664800000| PB 0x0000000664800000| Untracked |  0
| 403|0x0000000664c00000, 0x0000000664c00000, 0x0000000665000000|  0%| F|  |TAMS 0x0000000664c00000| PB 0x0000000664c00000| Untracked |  0
| 404|0x0000000665000000, 0x0000000665000000, 0x0000000665400000|  0%| F|  |TAMS 0x0000000665000000| PB 0x0000000665000000| Untracked |  0
| 405|0x0000000665400000, 0x0000000665400000, 0x0000000665800000|  0%| F|  |TAMS 0x0000000665400000| PB 0x0000000665400000| Untracked |  0
| 406|0x0000000665800000, 0x0000000665800000, 0x0000000665c00000|  0%| F|  |TAMS 0x0000000665800000| PB 0x0000000665800000| Untracked |  0
| 407|0x0000000665c00000, 0x0000000665c00000, 0x0000000666000000|  0%| F|  |TAMS 0x0000000665c00000| PB 0x0000000665c00000| Untracked |  0
| 408|0x0000000666000000, 0x0000000666000000, 0x0000000666400000|  0%| F|  |TAMS 0x0000000666000000| PB 0x0000000666000000| Untracked |  0
| 409|0x0000000666400000, 0x0000000666400000, 0x0000000666800000|  0%| F|  |TAMS 0x0000000666400000| PB 0x0000000666400000| Untracked |  0
| 410|0x0000000666800000, 0x0000000666800000, 0x0000000666c00000|  0%| F|  |TAMS 0x0000000666800000| PB 0x0000000666800000| Untracked |  0
| 411|0x0000000666c00000, 0x0000000666c00000, 0x0000000667000000|  0%| F|  |TAMS 0x0000000666c00000| PB 0x0000000666c00000| Untracked |  0
| 412|0x0000000667000000, 0x0000000667000000, 0x0000000667400000|  0%| F|  |TAMS 0x0000000667000000| PB 0x0000000667000000| Untracked |  0
| 413|0x0000000667400000, 0x0000000667400000, 0x0000000667800000|  0%| F|  |TAMS 0x0000000667400000| PB 0x0000000667400000| Untracked |  0
| 414|0x0000000667800000, 0x0000000667800000, 0x0000000667c00000|  0%| F|  |TAMS 0x0000000667800000| PB 0x0000000667800000| Untracked |  0
| 415|0x0000000667c00000, 0x0000000667c00000, 0x0000000668000000|  0%| F|  |TAMS 0x0000000667c00000| PB 0x0000000667c00000| Untracked |  0
| 416|0x0000000668000000, 0x0000000668000000, 0x0000000668400000|  0%| F|  |TAMS 0x0000000668000000| PB 0x0000000668000000| Untracked |  0
| 417|0x0000000668400000, 0x0000000668400000, 0x0000000668800000|  0%| F|  |TAMS 0x0000000668400000| PB 0x0000000668400000| Untracked |  0
| 418|0x0000000668800000, 0x0000000668800000, 0x0000000668c00000|  0%| F|  |TAMS 0x0000000668800000| PB 0x0000000668800000| Untracked |  0
| 419|0x0000000668c00000, 0x0000000668c00000, 0x0000000669000000|  0%| F|  |TAMS 0x0000000668c00000| PB 0x0000000668c00000| Untracked |  0
| 420|0x0000000669000000, 0x0000000669000000, 0x0000000669400000|  0%| F|  |TAMS 0x0000000669000000| PB 0x0000000669000000| Untracked |  0
| 421|0x0000000669400000, 0x0000000669400000, 0x0000000669800000|  0%| F|  |TAMS 0x0000000669400000| PB 0x0000000669400000| Untracked |  0
| 422|0x0000000669800000, 0x0000000669800000, 0x0000000669c00000|  0%| F|  |TAMS 0x0000000669800000| PB 0x0000000669800000| Untracked |  0
| 423|0x0000000669c00000, 0x0000000669c00000, 0x000000066a000000|  0%| F|  |TAMS 0x0000000669c00000| PB 0x0000000669c00000| Untracked |  0
| 424|0x000000066a000000, 0x000000066a000000, 0x000000066a400000|  0%| F|  |TAMS 0x000000066a000000| PB 0x000000066a000000| Untracked |  0
| 425|0x000000066a400000, 0x000000066a400000, 0x000000066a800000|  0%| F|  |TAMS 0x000000066a400000| PB 0x000000066a400000| Untracked |  0
| 426|0x000000066a800000, 0x000000066a800000, 0x000000066ac00000|  0%| F|  |TAMS 0x000000066a800000| PB 0x000000066a800000| Untracked |  0
| 427|0x000000066ac00000, 0x000000066ac00000, 0x000000066b000000|  0%| F|  |TAMS 0x000000066ac00000| PB 0x000000066ac00000| Untracked |  0
| 428|0x000000066b000000, 0x000000066b000000, 0x000000066b400000|  0%| F|  |TAMS 0x000000066b000000| PB 0x000000066b000000| Untracked |  0
| 429|0x000000066b400000, 0x000000066b400000, 0x000000066b800000|  0%| F|  |TAMS 0x000000066b400000| PB 0x000000066b400000| Untracked |  0
| 430|0x000000066b800000, 0x000000066b800000, 0x000000066bc00000|  0%| F|  |TAMS 0x000000066b800000| PB 0x000000066b800000| Untracked |  0
| 431|0x000000066bc00000, 0x000000066bc00000, 0x000000066c000000|  0%| F|  |TAMS 0x000000066bc00000| PB 0x000000066bc00000| Untracked |  0
| 432|0x000000066c000000, 0x000000066c000000, 0x000000066c400000|  0%| F|  |TAMS 0x000000066c000000| PB 0x000000066c000000| Untracked |  0
| 433|0x000000066c400000, 0x000000066c400000, 0x000000066c800000|  0%| F|  |TAMS 0x000000066c400000| PB 0x000000066c400000| Untracked |  0
| 434|0x000000066c800000, 0x000000066c800000, 0x000000066cc00000|  0%| F|  |TAMS 0x000000066c800000| PB 0x000000066c800000| Untracked |  0
| 435|0x000000066cc00000, 0x000000066cc00000, 0x000000066d000000|  0%| F|  |TAMS 0x000000066cc00000| PB 0x000000066cc00000| Untracked |  0
| 436|0x000000066d000000, 0x000000066d000000, 0x000000066d400000|  0%| F|  |TAMS 0x000000066d000000| PB 0x000000066d000000| Untracked |  0
| 437|0x000000066d400000, 0x000000066d400000, 0x000000066d800000|  0%| F|  |TAMS 0x000000066d400000| PB 0x000000066d400000| Untracked |  0
| 438|0x000000066d800000, 0x000000066d800000, 0x000000066dc00000|  0%| F|  |TAMS 0x000000066d800000| PB 0x000000066d800000| Untracked |  0
| 439|0x000000066dc00000, 0x000000066dc00000, 0x000000066e000000|  0%| F|  |TAMS 0x000000066dc00000| PB 0x000000066dc00000| Untracked |  0
| 440|0x000000066e000000, 0x000000066e000000, 0x000000066e400000|  0%| F|  |TAMS 0x000000066e000000| PB 0x000000066e000000| Untracked |  0
| 441|0x000000066e400000, 0x000000066e400000, 0x000000066e800000|  0%| F|  |TAMS 0x000000066e400000| PB 0x000000066e400000| Untracked |  0
| 442|0x000000066e800000, 0x000000066e800000, 0x000000066ec00000|  0%| F|  |TAMS 0x000000066e800000| PB 0x000000066e800000| Untracked |  0
| 443|0x000000066ec00000, 0x000000066ec00000, 0x000000066f000000|  0%| F|  |TAMS 0x000000066ec00000| PB 0x000000066ec00000| Untracked |  0
| 444|0x000000066f000000, 0x000000066f000000, 0x000000066f400000|  0%| F|  |TAMS 0x000000066f000000| PB 0x000000066f000000| Untracked |  0
| 445|0x000000066f400000, 0x000000066f400000, 0x000000066f800000|  0%| F|  |TAMS 0x000000066f400000| PB 0x000000066f400000| Untracked |  0
| 446|0x000000066f800000, 0x000000066f800000, 0x000000066fc00000|  0%| F|  |TAMS 0x000000066f800000| PB 0x000000066f800000| Untracked |  0
| 447|0x000000066fc00000, 0x000000066fc00000, 0x0000000670000000|  0%| F|  |TAMS 0x000000066fc00000| PB 0x000000066fc00000| Untracked |  0
| 448|0x0000000670000000, 0x0000000670000000, 0x0000000670400000|  0%| F|  |TAMS 0x0000000670000000| PB 0x0000000670000000| Untracked |  0
| 449|0x0000000670400000, 0x0000000670400000, 0x0000000670800000|  0%| F|  |TAMS 0x0000000670400000| PB 0x0000000670400000| Untracked |  0
| 450|0x0000000670800000, 0x0000000670800000, 0x0000000670c00000|  0%| F|  |TAMS 0x0000000670800000| PB 0x0000000670800000| Untracked |  0
| 451|0x0000000670c00000, 0x0000000670c00000, 0x0000000671000000|  0%| F|  |TAMS 0x0000000670c00000| PB 0x0000000670c00000| Untracked |  0
| 452|0x0000000671000000, 0x0000000671000000, 0x0000000671400000|  0%| F|  |TAMS 0x0000000671000000| PB 0x0000000671000000| Untracked |  0
| 453|0x0000000671400000, 0x0000000671400000, 0x0000000671800000|  0%| F|  |TAMS 0x0000000671400000| PB 0x0000000671400000| Untracked |  0
| 454|0x0000000671800000, 0x0000000671800000, 0x0000000671c00000|  0%| F|  |TAMS 0x0000000671800000| PB 0x0000000671800000| Untracked |  0
| 455|0x0000000671c00000, 0x0000000671c00000, 0x0000000672000000|  0%| F|  |TAMS 0x0000000671c00000| PB 0x0000000671c00000| Untracked |  0
| 456|0x0000000672000000, 0x0000000672000000, 0x0000000672400000|  0%| F|  |TAMS 0x0000000672000000| PB 0x0000000672000000| Untracked |  0
| 457|0x0000000672400000, 0x0000000672400000, 0x0000000672800000|  0%| F|  |TAMS 0x0000000672400000| PB 0x0000000672400000| Untracked |  0
| 458|0x0000000672800000, 0x0000000672800000, 0x0000000672c00000|  0%| F|  |TAMS 0x0000000672800000| PB 0x0000000672800000| Untracked |  0
| 459|0x0000000672c00000, 0x0000000672c00000, 0x0000000673000000|  0%| F|  |TAMS 0x0000000672c00000| PB 0x0000000672c00000| Untracked |  0
| 460|0x0000000673000000, 0x0000000673000000, 0x0000000673400000|  0%| F|  |TAMS 0x0000000673000000| PB 0x0000000673000000| Untracked |  0
| 461|0x0000000673400000, 0x0000000673400000, 0x0000000673800000|  0%| F|  |TAMS 0x0000000673400000| PB 0x0000000673400000| Untracked |  0
| 462|0x0000000673800000, 0x0000000673800000, 0x0000000673c00000|  0%| F|  |TAMS 0x0000000673800000| PB 0x0000000673800000| Untracked |  0
| 463|0x0000000673c00000, 0x0000000673c00000, 0x0000000674000000|  0%| F|  |TAMS 0x0000000673c00000| PB 0x0000000673c00000| Untracked |  0
| 464|0x0000000674000000, 0x0000000674000000, 0x0000000674400000|  0%| F|  |TAMS 0x0000000674000000| PB 0x0000000674000000| Untracked |  0
| 465|0x0000000674400000, 0x0000000674400000, 0x0000000674800000|  0%| F|  |TAMS 0x0000000674400000| PB 0x0000000674400000| Untracked |  0
| 466|0x0000000674800000, 0x0000000674800000, 0x0000000674c00000|  0%| F|  |TAMS 0x0000000674800000| PB 0x0000000674800000| Untracked |  0
| 467|0x0000000674c00000, 0x0000000674c00000, 0x0000000675000000|  0%| F|  |TAMS 0x0000000674c00000| PB 0x0000000674c00000| Untracked |  0
| 468|0x0000000675000000, 0x0000000675000000, 0x0000000675400000|  0%| F|  |TAMS 0x0000000675000000| PB 0x0000000675000000| Untracked |  0
| 469|0x0000000675400000, 0x0000000675400000, 0x0000000675800000|  0%| F|  |TAMS 0x0000000675400000| PB 0x0000000675400000| Untracked |  0
| 470|0x0000000675800000, 0x0000000675800000, 0x0000000675c00000|  0%| F|  |TAMS 0x0000000675800000| PB 0x0000000675800000| Untracked |  0
| 471|0x0000000675c00000, 0x0000000675c00000, 0x0000000676000000|  0%| F|  |TAMS 0x0000000675c00000| PB 0x0000000675c00000| Untracked |  0
| 472|0x0000000676000000, 0x0000000676000000, 0x0000000676400000|  0%| F|  |TAMS 0x0000000676000000| PB 0x0000000676000000| Untracked |  0
| 473|0x0000000676400000, 0x0000000676400000, 0x0000000676800000|  0%| F|  |TAMS 0x0000000676400000| PB 0x0000000676400000| Untracked |  0
| 474|0x0000000676800000, 0x0000000676800000, 0x0000000676c00000|  0%| F|  |TAMS 0x0000000676800000| PB 0x0000000676800000| Untracked |  0
| 475|0x0000000676c00000, 0x0000000676c00000, 0x0000000677000000|  0%| F|  |TAMS 0x0000000676c00000| PB 0x0000000676c00000| Untracked |  0
| 476|0x0000000677000000, 0x0000000677000000, 0x0000000677400000|  0%| F|  |TAMS 0x0000000677000000| PB 0x0000000677000000| Untracked |  0
| 477|0x0000000677400000, 0x0000000677400000, 0x0000000677800000|  0%| F|  |TAMS 0x0000000677400000| PB 0x0000000677400000| Untracked |  0
| 478|0x0000000677800000, 0x0000000677800000, 0x0000000677c00000|  0%| F|  |TAMS 0x0000000677800000| PB 0x0000000677800000| Untracked |  0
| 479|0x0000000677c00000, 0x0000000677c00000, 0x0000000678000000|  0%| F|  |TAMS 0x0000000677c00000| PB 0x0000000677c00000| Untracked |  0
| 480|0x0000000678000000, 0x0000000678000000, 0x0000000678400000|  0%| F|  |TAMS 0x0000000678000000| PB 0x0000000678000000| Untracked |  0
| 481|0x0000000678400000, 0x0000000678400000, 0x0000000678800000|  0%| F|  |TAMS 0x0000000678400000| PB 0x0000000678400000| Untracked |  0
| 482|0x0000000678800000, 0x0000000678800000, 0x0000000678c00000|  0%| F|  |TAMS 0x0000000678800000| PB 0x0000000678800000| Untracked |  0
| 483|0x0000000678c00000, 0x0000000678c00000, 0x0000000679000000|  0%| F|  |TAMS 0x0000000678c00000| PB 0x0000000678c00000| Untracked |  0
| 484|0x0000000679000000, 0x0000000679000000, 0x0000000679400000|  0%| F|  |TAMS 0x0000000679000000| PB 0x0000000679000000| Untracked |  0
| 485|0x0000000679400000, 0x0000000679400000, 0x0000000679800000|  0%| F|  |TAMS 0x0000000679400000| PB 0x0000000679400000| Untracked |  0
| 486|0x0000000679800000, 0x0000000679800000, 0x0000000679c00000|  0%| F|  |TAMS 0x0000000679800000| PB 0x0000000679800000| Untracked |  0
| 487|0x0000000679c00000, 0x0000000679c00000, 0x000000067a000000|  0%| F|  |TAMS 0x0000000679c00000| PB 0x0000000679c00000| Untracked |  0
| 488|0x000000067a000000, 0x000000067a000000, 0x000000067a400000|  0%| F|  |TAMS 0x000000067a000000| PB 0x000000067a000000| Untracked |  0
| 489|0x000000067a400000, 0x000000067a400000, 0x000000067a800000|  0%| F|  |TAMS 0x000000067a400000| PB 0x000000067a400000| Untracked |  0
| 490|0x000000067a800000, 0x000000067a800000, 0x000000067ac00000|  0%| F|  |TAMS 0x000000067a800000| PB 0x000000067a800000| Untracked |  0
| 491|0x000000067ac00000, 0x000000067ac00000, 0x000000067b000000|  0%| F|  |TAMS 0x000000067ac00000| PB 0x000000067ac00000| Untracked |  0
| 492|0x000000067b000000, 0x000000067b000000, 0x000000067b400000|  0%| F|  |TAMS 0x000000067b000000| PB 0x000000067b000000| Untracked |  0
| 493|0x000000067b400000, 0x000000067b400000, 0x000000067b800000|  0%| F|  |TAMS 0x000000067b400000| PB 0x000000067b400000| Untracked |  0
| 494|0x000000067b800000, 0x000000067b800000, 0x000000067bc00000|  0%| F|  |TAMS 0x000000067b800000| PB 0x000000067b800000| Untracked |  0
| 495|0x000000067bc00000, 0x000000067bc00000, 0x000000067c000000|  0%| F|  |TAMS 0x000000067bc00000| PB 0x000000067bc00000| Untracked |  0
| 496|0x000000067c000000, 0x000000067c000000, 0x000000067c400000|  0%| F|  |TAMS 0x000000067c000000| PB 0x000000067c000000| Untracked |  0
| 497|0x000000067c400000, 0x000000067c400000, 0x000000067c800000|  0%| F|  |TAMS 0x000000067c400000| PB 0x000000067c400000| Untracked |  0
| 498|0x000000067c800000, 0x000000067c800000, 0x000000067cc00000|  0%| F|  |TAMS 0x000000067c800000| PB 0x000000067c800000| Untracked |  0
| 499|0x000000067cc00000, 0x000000067cc00000, 0x000000067d000000|  0%| F|  |TAMS 0x000000067cc00000| PB 0x000000067cc00000| Untracked |  0
| 500|0x000000067d000000, 0x000000067d000000, 0x000000067d400000|  0%| F|  |TAMS 0x000000067d000000| PB 0x000000067d000000| Untracked |  0
| 501|0x000000067d400000, 0x000000067d400000, 0x000000067d800000|  0%| F|  |TAMS 0x000000067d400000| PB 0x000000067d400000| Untracked |  0
| 502|0x000000067d800000, 0x000000067d800000, 0x000000067dc00000|  0%| F|  |TAMS 0x000000067d800000| PB 0x000000067d800000| Untracked |  0
| 503|0x000000067dc00000, 0x000000067dc00000, 0x000000067e000000|  0%| F|  |TAMS 0x000000067dc00000| PB 0x000000067dc00000| Untracked |  0
| 504|0x000000067e000000, 0x000000067e000000, 0x000000067e400000|  0%| F|  |TAMS 0x000000067e000000| PB 0x000000067e000000| Untracked |  0
| 505|0x000000067e400000, 0x000000067e400000, 0x000000067e800000|  0%| F|  |TAMS 0x000000067e400000| PB 0x000000067e400000| Untracked |  0
| 506|0x000000067e800000, 0x000000067e800000, 0x000000067ec00000|  0%| F|  |TAMS 0x000000067e800000| PB 0x000000067e800000| Untracked |  0
| 507|0x000000067ec00000, 0x000000067ec00000, 0x000000067f000000|  0%| F|  |TAMS 0x000000067ec00000| PB 0x000000067ec00000| Untracked |  0
| 508|0x000000067f000000, 0x000000067f000000, 0x000000067f400000|  0%| F|  |TAMS 0x000000067f000000| PB 0x000000067f000000| Untracked |  0
| 509|0x000000067f400000, 0x000000067f400000, 0x000000067f800000|  0%| F|  |TAMS 0x000000067f400000| PB 0x000000067f400000| Untracked |  0
| 510|0x000000067f800000, 0x000000067f800000, 0x000000067fc00000|  0%| F|  |TAMS 0x000000067f800000| PB 0x000000067f800000| Untracked |  0
| 511|0x000000067fc00000, 0x000000067fc00000, 0x0000000680000000|  0%| F|  |TAMS 0x000000067fc00000| PB 0x000000067fc00000| Untracked |  0
| 512|0x0000000680000000, 0x0000000680000000, 0x0000000680400000|  0%| F|  |TAMS 0x0000000680000000| PB 0x0000000680000000| Untracked |  0
| 513|0x0000000680400000, 0x0000000680400000, 0x0000000680800000|  0%| F|  |TAMS 0x0000000680400000| PB 0x0000000680400000| Untracked |  0
| 514|0x0000000680800000, 0x0000000680800000, 0x0000000680c00000|  0%| F|  |TAMS 0x0000000680800000| PB 0x0000000680800000| Untracked |  0
| 515|0x0000000680c00000, 0x0000000680c00000, 0x0000000681000000|  0%| F|  |TAMS 0x0000000680c00000| PB 0x0000000680c00000| Untracked |  0
| 516|0x0000000681000000, 0x0000000681000000, 0x0000000681400000|  0%| F|  |TAMS 0x0000000681000000| PB 0x0000000681000000| Untracked |  0
| 517|0x0000000681400000, 0x0000000681400000, 0x0000000681800000|  0%| F|  |TAMS 0x0000000681400000| PB 0x0000000681400000| Untracked |  0
| 518|0x0000000681800000, 0x0000000681800000, 0x0000000681c00000|  0%| F|  |TAMS 0x0000000681800000| PB 0x0000000681800000| Untracked |  0
| 519|0x0000000681c00000, 0x0000000681c00000, 0x0000000682000000|  0%| F|  |TAMS 0x0000000681c00000| PB 0x0000000681c00000| Untracked |  0
| 520|0x0000000682000000, 0x0000000682000000, 0x0000000682400000|  0%| F|  |TAMS 0x0000000682000000| PB 0x0000000682000000| Untracked |  0
| 521|0x0000000682400000, 0x0000000682400000, 0x0000000682800000|  0%| F|  |TAMS 0x0000000682400000| PB 0x0000000682400000| Untracked |  0
| 522|0x0000000682800000, 0x0000000682800000, 0x0000000682c00000|  0%| F|  |TAMS 0x0000000682800000| PB 0x0000000682800000| Untracked |  0
| 523|0x0000000682c00000, 0x0000000682c00000, 0x0000000683000000|  0%| F|  |TAMS 0x0000000682c00000| PB 0x0000000682c00000| Untracked |  0
| 524|0x0000000683000000, 0x0000000683000000, 0x0000000683400000|  0%| F|  |TAMS 0x0000000683000000| PB 0x0000000683000000| Untracked |  0
| 525|0x0000000683400000, 0x0000000683400000, 0x0000000683800000|  0%| F|  |TAMS 0x0000000683400000| PB 0x0000000683400000| Untracked |  0
| 526|0x0000000683800000, 0x0000000683800000, 0x0000000683c00000|  0%| F|  |TAMS 0x0000000683800000| PB 0x0000000683800000| Untracked |  0
| 527|0x0000000683c00000, 0x0000000683c00000, 0x0000000684000000|  0%| F|  |TAMS 0x0000000683c00000| PB 0x0000000683c00000| Untracked |  0
| 528|0x0000000684000000, 0x0000000684000000, 0x0000000684400000|  0%| F|  |TAMS 0x0000000684000000| PB 0x0000000684000000| Untracked |  0
| 529|0x0000000684400000, 0x0000000684400000, 0x0000000684800000|  0%| F|  |TAMS 0x0000000684400000| PB 0x0000000684400000| Untracked |  0
| 530|0x0000000684800000, 0x0000000684800000, 0x0000000684c00000|  0%| F|  |TAMS 0x0000000684800000| PB 0x0000000684800000| Untracked |  0
| 531|0x0000000684c00000, 0x0000000684c00000, 0x0000000685000000|  0%| F|  |TAMS 0x0000000684c00000| PB 0x0000000684c00000| Untracked |  0
| 532|0x0000000685000000, 0x0000000685000000, 0x0000000685400000|  0%| F|  |TAMS 0x0000000685000000| PB 0x0000000685000000| Untracked |  0
| 533|0x0000000685400000, 0x0000000685400000, 0x0000000685800000|  0%| F|  |TAMS 0x0000000685400000| PB 0x0000000685400000| Untracked |  0
| 534|0x0000000685800000, 0x0000000685800000, 0x0000000685c00000|  0%| F|  |TAMS 0x0000000685800000| PB 0x0000000685800000| Untracked |  0
| 535|0x0000000685c00000, 0x0000000685c00000, 0x0000000686000000|  0%| F|  |TAMS 0x0000000685c00000| PB 0x0000000685c00000| Untracked |  0
| 536|0x0000000686000000, 0x0000000686000000, 0x0000000686400000|  0%| F|  |TAMS 0x0000000686000000| PB 0x0000000686000000| Untracked |  0
| 537|0x0000000686400000, 0x0000000686400000, 0x0000000686800000|  0%| F|  |TAMS 0x0000000686400000| PB 0x0000000686400000| Untracked |  0
| 538|0x0000000686800000, 0x0000000686800000, 0x0000000686c00000|  0%| F|  |TAMS 0x0000000686800000| PB 0x0000000686800000| Untracked |  0
| 539|0x0000000686c00000, 0x0000000686c00000, 0x0000000687000000|  0%| F|  |TAMS 0x0000000686c00000| PB 0x0000000686c00000| Untracked |  0
| 540|0x0000000687000000, 0x0000000687000000, 0x0000000687400000|  0%| F|  |TAMS 0x0000000687000000| PB 0x0000000687000000| Untracked |  0
| 541|0x0000000687400000, 0x0000000687400000, 0x0000000687800000|  0%| F|  |TAMS 0x0000000687400000| PB 0x0000000687400000| Untracked |  0
| 542|0x0000000687800000, 0x0000000687800000, 0x0000000687c00000|  0%| F|  |TAMS 0x0000000687800000| PB 0x0000000687800000| Untracked |  0
| 543|0x0000000687c00000, 0x0000000687c00000, 0x0000000688000000|  0%| F|  |TAMS 0x0000000687c00000| PB 0x0000000687c00000| Untracked |  0
| 544|0x0000000688000000, 0x0000000688000000, 0x0000000688400000|  0%| F|  |TAMS 0x0000000688000000| PB 0x0000000688000000| Untracked |  0
| 545|0x0000000688400000, 0x0000000688400000, 0x0000000688800000|  0%| F|  |TAMS 0x0000000688400000| PB 0x0000000688400000| Untracked |  0
| 546|0x0000000688800000, 0x0000000688800000, 0x0000000688c00000|  0%| F|  |TAMS 0x0000000688800000| PB 0x0000000688800000| Untracked |  0
| 547|0x0000000688c00000, 0x0000000688c00000, 0x0000000689000000|  0%| F|  |TAMS 0x0000000688c00000| PB 0x0000000688c00000| Untracked |  0
| 548|0x0000000689000000, 0x0000000689000000, 0x0000000689400000|  0%| F|  |TAMS 0x0000000689000000| PB 0x0000000689000000| Untracked |  0
| 549|0x0000000689400000, 0x0000000689400000, 0x0000000689800000|  0%| F|  |TAMS 0x0000000689400000| PB 0x0000000689400000| Untracked |  0
| 550|0x0000000689800000, 0x0000000689800000, 0x0000000689c00000|  0%| F|  |TAMS 0x0000000689800000| PB 0x0000000689800000| Untracked |  0
| 551|0x0000000689c00000, 0x0000000689c00000, 0x000000068a000000|  0%| F|  |TAMS 0x0000000689c00000| PB 0x0000000689c00000| Untracked |  0
| 552|0x000000068a000000, 0x000000068a000000, 0x000000068a400000|  0%| F|  |TAMS 0x000000068a000000| PB 0x000000068a000000| Untracked |  0
| 553|0x000000068a400000, 0x000000068a400000, 0x000000068a800000|  0%| F|  |TAMS 0x000000068a400000| PB 0x000000068a400000| Untracked |  0
| 554|0x000000068a800000, 0x000000068a800000, 0x000000068ac00000|  0%| F|  |TAMS 0x000000068a800000| PB 0x000000068a800000| Untracked |  0
| 555|0x000000068ac00000, 0x000000068ac00000, 0x000000068b000000|  0%| F|  |TAMS 0x000000068ac00000| PB 0x000000068ac00000| Untracked |  0
| 556|0x000000068b000000, 0x000000068b000000, 0x000000068b400000|  0%| F|  |TAMS 0x000000068b000000| PB 0x000000068b000000| Untracked |  0
| 557|0x000000068b400000, 0x000000068b400000, 0x000000068b800000|  0%| F|  |TAMS 0x000000068b400000| PB 0x000000068b400000| Untracked |  0
| 558|0x000000068b800000, 0x000000068b800000, 0x000000068bc00000|  0%| F|  |TAMS 0x000000068b800000| PB 0x000000068b800000| Untracked |  0
| 559|0x000000068bc00000, 0x000000068bc00000, 0x000000068c000000|  0%| F|  |TAMS 0x000000068bc00000| PB 0x000000068bc00000| Untracked |  0
| 560|0x000000068c000000, 0x000000068c000000, 0x000000068c400000|  0%| F|  |TAMS 0x000000068c000000| PB 0x000000068c000000| Untracked |  0
| 561|0x000000068c400000, 0x000000068c400000, 0x000000068c800000|  0%| F|  |TAMS 0x000000068c400000| PB 0x000000068c400000| Untracked |  0
| 562|0x000000068c800000, 0x000000068c800000, 0x000000068cc00000|  0%| F|  |TAMS 0x000000068c800000| PB 0x000000068c800000| Untracked |  0
| 563|0x000000068cc00000, 0x000000068cc00000, 0x000000068d000000|  0%| F|  |TAMS 0x000000068cc00000| PB 0x000000068cc00000| Untracked |  0
| 564|0x000000068d000000, 0x000000068d000000, 0x000000068d400000|  0%| F|  |TAMS 0x000000068d000000| PB 0x000000068d000000| Untracked |  0
| 565|0x000000068d400000, 0x000000068d400000, 0x000000068d800000|  0%| F|  |TAMS 0x000000068d400000| PB 0x000000068d400000| Untracked |  0
| 566|0x000000068d800000, 0x000000068d800000, 0x000000068dc00000|  0%| F|  |TAMS 0x000000068d800000| PB 0x000000068d800000| Untracked |  0
| 567|0x000000068dc00000, 0x000000068dc00000, 0x000000068e000000|  0%| F|  |TAMS 0x000000068dc00000| PB 0x000000068dc00000| Untracked |  0
| 568|0x000000068e000000, 0x000000068e000000, 0x000000068e400000|  0%| F|  |TAMS 0x000000068e000000| PB 0x000000068e000000| Untracked |  0
| 569|0x000000068e400000, 0x000000068e400000, 0x000000068e800000|  0%| F|  |TAMS 0x000000068e400000| PB 0x000000068e400000| Untracked |  0
| 570|0x000000068e800000, 0x000000068e800000, 0x000000068ec00000|  0%| F|  |TAMS 0x000000068e800000| PB 0x000000068e800000| Untracked |  0
| 571|0x000000068ec00000, 0x000000068ec00000, 0x000000068f000000|  0%| F|  |TAMS 0x000000068ec00000| PB 0x000000068ec00000| Untracked |  0
| 572|0x000000068f000000, 0x000000068f000000, 0x000000068f400000|  0%| F|  |TAMS 0x000000068f000000| PB 0x000000068f000000| Untracked |  0
| 573|0x000000068f400000, 0x000000068f400000, 0x000000068f800000|  0%| F|  |TAMS 0x000000068f400000| PB 0x000000068f400000| Untracked |  0
| 574|0x000000068f800000, 0x000000068f800000, 0x000000068fc00000|  0%| F|  |TAMS 0x000000068f800000| PB 0x000000068f800000| Untracked |  0
| 575|0x000000068fc00000, 0x000000068fc00000, 0x0000000690000000|  0%| F|  |TAMS 0x000000068fc00000| PB 0x000000068fc00000| Untracked |  0
| 576|0x0000000690000000, 0x0000000690000000, 0x0000000690400000|  0%| F|  |TAMS 0x0000000690000000| PB 0x0000000690000000| Untracked |  0
| 577|0x0000000690400000, 0x0000000690400000, 0x0000000690800000|  0%| F|  |TAMS 0x0000000690400000| PB 0x0000000690400000| Untracked |  0
| 578|0x0000000690800000, 0x0000000690800000, 0x0000000690c00000|  0%| F|  |TAMS 0x0000000690800000| PB 0x0000000690800000| Untracked |  0
| 579|0x0000000690c00000, 0x0000000690c00000, 0x0000000691000000|  0%| F|  |TAMS 0x0000000690c00000| PB 0x0000000690c00000| Untracked |  0
| 580|0x0000000691000000, 0x0000000691000000, 0x0000000691400000|  0%| F|  |TAMS 0x0000000691000000| PB 0x0000000691000000| Untracked |  0
| 581|0x0000000691400000, 0x0000000691400000, 0x0000000691800000|  0%| F|  |TAMS 0x0000000691400000| PB 0x0000000691400000| Untracked |  0
| 582|0x0000000691800000, 0x0000000691800000, 0x0000000691c00000|  0%| F|  |TAMS 0x0000000691800000| PB 0x0000000691800000| Untracked |  0
| 583|0x0000000691c00000, 0x0000000691c00000, 0x0000000692000000|  0%| F|  |TAMS 0x0000000691c00000| PB 0x0000000691c00000| Untracked |  0
| 584|0x0000000692000000, 0x0000000692000000, 0x0000000692400000|  0%| F|  |TAMS 0x0000000692000000| PB 0x0000000692000000| Untracked |  0
| 585|0x0000000692400000, 0x0000000692400000, 0x0000000692800000|  0%| F|  |TAMS 0x0000000692400000| PB 0x0000000692400000| Untracked |  0
| 586|0x0000000692800000, 0x0000000692800000, 0x0000000692c00000|  0%| F|  |TAMS 0x0000000692800000| PB 0x0000000692800000| Untracked |  0
| 587|0x0000000692c00000, 0x0000000692c00000, 0x0000000693000000|  0%| F|  |TAMS 0x0000000692c00000| PB 0x0000000692c00000| Untracked |  0
| 588|0x0000000693000000, 0x0000000693000000, 0x0000000693400000|  0%| F|  |TAMS 0x0000000693000000| PB 0x0000000693000000| Untracked |  0
| 589|0x0000000693400000, 0x0000000693400000, 0x0000000693800000|  0%| F|  |TAMS 0x0000000693400000| PB 0x0000000693400000| Untracked |  0
| 590|0x0000000693800000, 0x0000000693800000, 0x0000000693c00000|  0%| F|  |TAMS 0x0000000693800000| PB 0x0000000693800000| Untracked |  0
| 591|0x0000000693c00000, 0x0000000693c00000, 0x0000000694000000|  0%| F|  |TAMS 0x0000000693c00000| PB 0x0000000693c00000| Untracked |  0
| 592|0x0000000694000000, 0x0000000694000000, 0x0000000694400000|  0%| F|  |TAMS 0x0000000694000000| PB 0x0000000694000000| Untracked |  0
| 593|0x0000000694400000, 0x0000000694400000, 0x0000000694800000|  0%| F|  |TAMS 0x0000000694400000| PB 0x0000000694400000| Untracked |  0
| 594|0x0000000694800000, 0x0000000694800000, 0x0000000694c00000|  0%| F|  |TAMS 0x0000000694800000| PB 0x0000000694800000| Untracked |  0
| 595|0x0000000694c00000, 0x0000000694c00000, 0x0000000695000000|  0%| F|  |TAMS 0x0000000694c00000| PB 0x0000000694c00000| Untracked |  0
| 596|0x0000000695000000, 0x0000000695000000, 0x0000000695400000|  0%| F|  |TAMS 0x0000000695000000| PB 0x0000000695000000| Untracked |  0
| 597|0x0000000695400000, 0x0000000695400000, 0x0000000695800000|  0%| F|  |TAMS 0x0000000695400000| PB 0x0000000695400000| Untracked |  0
| 598|0x0000000695800000, 0x0000000695800000, 0x0000000695c00000|  0%| F|  |TAMS 0x0000000695800000| PB 0x0000000695800000| Untracked |  0
| 599|0x0000000695c00000, 0x0000000695c00000, 0x0000000696000000|  0%| F|  |TAMS 0x0000000695c00000| PB 0x0000000695c00000| Untracked |  0
| 600|0x0000000696000000, 0x0000000696000000, 0x0000000696400000|  0%| F|  |TAMS 0x0000000696000000| PB 0x0000000696000000| Untracked |  0
| 601|0x0000000696400000, 0x0000000696400000, 0x0000000696800000|  0%| F|  |TAMS 0x0000000696400000| PB 0x0000000696400000| Untracked |  0
| 602|0x0000000696800000, 0x0000000696800000, 0x0000000696c00000|  0%| F|  |TAMS 0x0000000696800000| PB 0x0000000696800000| Untracked |  0
| 603|0x0000000696c00000, 0x0000000696c00000, 0x0000000697000000|  0%| F|  |TAMS 0x0000000696c00000| PB 0x0000000696c00000| Untracked |  0
| 604|0x0000000697000000, 0x0000000697000000, 0x0000000697400000|  0%| F|  |TAMS 0x0000000697000000| PB 0x0000000697000000| Untracked |  0
| 605|0x0000000697400000, 0x0000000697400000, 0x0000000697800000|  0%| F|  |TAMS 0x0000000697400000| PB 0x0000000697400000| Untracked |  0
| 606|0x0000000697800000, 0x0000000697800000, 0x0000000697c00000|  0%| F|  |TAMS 0x0000000697800000| PB 0x0000000697800000| Untracked |  0
| 607|0x0000000697c00000, 0x0000000697c00000, 0x0000000698000000|  0%| F|  |TAMS 0x0000000697c00000| PB 0x0000000697c00000| Untracked |  0
| 608|0x0000000698000000, 0x0000000698000000, 0x0000000698400000|  0%| F|  |TAMS 0x0000000698000000| PB 0x0000000698000000| Untracked |  0
| 609|0x0000000698400000, 0x0000000698400000, 0x0000000698800000|  0%| F|  |TAMS 0x0000000698400000| PB 0x0000000698400000| Untracked |  0
| 610|0x0000000698800000, 0x0000000698800000, 0x0000000698c00000|  0%| F|  |TAMS 0x0000000698800000| PB 0x0000000698800000| Untracked |  0
| 611|0x0000000698c00000, 0x0000000698c00000, 0x0000000699000000|  0%| F|  |TAMS 0x0000000698c00000| PB 0x0000000698c00000| Untracked |  0
| 612|0x0000000699000000, 0x0000000699000000, 0x0000000699400000|  0%| F|  |TAMS 0x0000000699000000| PB 0x0000000699000000| Untracked |  0
| 613|0x0000000699400000, 0x0000000699400000, 0x0000000699800000|  0%| F|  |TAMS 0x0000000699400000| PB 0x0000000699400000| Untracked |  0
| 614|0x0000000699800000, 0x0000000699800000, 0x0000000699c00000|  0%| F|  |TAMS 0x0000000699800000| PB 0x0000000699800000| Untracked |  0
| 615|0x0000000699c00000, 0x0000000699c00000, 0x000000069a000000|  0%| F|  |TAMS 0x0000000699c00000| PB 0x0000000699c00000| Untracked |  0
| 616|0x000000069a000000, 0x000000069a000000, 0x000000069a400000|  0%| F|  |TAMS 0x000000069a000000| PB 0x000000069a000000| Untracked |  0
| 617|0x000000069a400000, 0x000000069a400000, 0x000000069a800000|  0%| F|  |TAMS 0x000000069a400000| PB 0x000000069a400000| Untracked |  0
| 618|0x000000069a800000, 0x000000069a800000, 0x000000069ac00000|  0%| F|  |TAMS 0x000000069a800000| PB 0x000000069a800000| Untracked |  0
| 619|0x000000069ac00000, 0x000000069ac00000, 0x000000069b000000|  0%| F|  |TAMS 0x000000069ac00000| PB 0x000000069ac00000| Untracked |  0
| 620|0x000000069b000000, 0x000000069b000000, 0x000000069b400000|  0%| F|  |TAMS 0x000000069b000000| PB 0x000000069b000000| Untracked |  0
| 621|0x000000069b400000, 0x000000069b400000, 0x000000069b800000|  0%| F|  |TAMS 0x000000069b400000| PB 0x000000069b400000| Untracked |  0
| 622|0x000000069b800000, 0x000000069b800000, 0x000000069bc00000|  0%| F|  |TAMS 0x000000069b800000| PB 0x000000069b800000| Untracked |  0
| 623|0x000000069bc00000, 0x000000069bc00000, 0x000000069c000000|  0%| F|  |TAMS 0x000000069bc00000| PB 0x000000069bc00000| Untracked |  0
| 624|0x000000069c000000, 0x000000069c000000, 0x000000069c400000|  0%| F|  |TAMS 0x000000069c000000| PB 0x000000069c000000| Untracked |  0
| 625|0x000000069c400000, 0x000000069c400000, 0x000000069c800000|  0%| F|  |TAMS 0x000000069c400000| PB 0x000000069c400000| Untracked |  0
| 626|0x000000069c800000, 0x000000069c800000, 0x000000069cc00000|  0%| F|  |TAMS 0x000000069c800000| PB 0x000000069c800000| Untracked |  0
| 627|0x000000069cc00000, 0x000000069cc00000, 0x000000069d000000|  0%| F|  |TAMS 0x000000069cc00000| PB 0x000000069cc00000| Untracked |  0
| 628|0x000000069d000000, 0x000000069d000000, 0x000000069d400000|  0%| F|  |TAMS 0x000000069d000000| PB 0x000000069d000000| Untracked |  0
| 629|0x000000069d400000, 0x000000069d400000, 0x000000069d800000|  0%| F|  |TAMS 0x000000069d400000| PB 0x000000069d400000| Untracked |  0
| 630|0x000000069d800000, 0x000000069d800000, 0x000000069dc00000|  0%| F|  |TAMS 0x000000069d800000| PB 0x000000069d800000| Untracked |  0
| 631|0x000000069dc00000, 0x000000069dc00000, 0x000000069e000000|  0%| F|  |TAMS 0x000000069dc00000| PB 0x000000069dc00000| Untracked |  0
| 632|0x000000069e000000, 0x000000069e000000, 0x000000069e400000|  0%| F|  |TAMS 0x000000069e000000| PB 0x000000069e000000| Untracked |  0
| 633|0x000000069e400000, 0x000000069e400000, 0x000000069e800000|  0%| F|  |TAMS 0x000000069e400000| PB 0x000000069e400000| Untracked |  0
| 634|0x000000069e800000, 0x000000069e800000, 0x000000069ec00000|  0%| F|  |TAMS 0x000000069e800000| PB 0x000000069e800000| Untracked |  0
| 635|0x000000069ec00000, 0x000000069ec00000, 0x000000069f000000|  0%| F|  |TAMS 0x000000069ec00000| PB 0x000000069ec00000| Untracked |  0
| 636|0x000000069f000000, 0x000000069f000000, 0x000000069f400000|  0%| F|  |TAMS 0x000000069f000000| PB 0x000000069f000000| Untracked |  0
| 637|0x000000069f400000, 0x000000069f400000, 0x000000069f800000|  0%| F|  |TAMS 0x000000069f400000| PB 0x000000069f400000| Untracked |  0
| 638|0x000000069f800000, 0x000000069f800000, 0x000000069fc00000|  0%| F|  |TAMS 0x000000069f800000| PB 0x000000069f800000| Untracked |  0
| 639|0x000000069fc00000, 0x000000069fc00000, 0x00000006a0000000|  0%| F|  |TAMS 0x000000069fc00000| PB 0x000000069fc00000| Untracked |  0
| 640|0x00000006a0000000, 0x00000006a0000000, 0x00000006a0400000|  0%| F|  |TAMS 0x00000006a0000000| PB 0x00000006a0000000| Untracked |  0
| 641|0x00000006a0400000, 0x00000006a0400000, 0x00000006a0800000|  0%| F|  |TAMS 0x00000006a0400000| PB 0x00000006a0400000| Untracked |  0
| 642|0x00000006a0800000, 0x00000006a0800000, 0x00000006a0c00000|  0%| F|  |TAMS 0x00000006a0800000| PB 0x00000006a0800000| Untracked |  0
| 643|0x00000006a0c00000, 0x00000006a0c00000, 0x00000006a1000000|  0%| F|  |TAMS 0x00000006a0c00000| PB 0x00000006a0c00000| Untracked |  0
| 644|0x00000006a1000000, 0x00000006a1000000, 0x00000006a1400000|  0%| F|  |TAMS 0x00000006a1000000| PB 0x00000006a1000000| Untracked |  0
| 645|0x00000006a1400000, 0x00000006a1400000, 0x00000006a1800000|  0%| F|  |TAMS 0x00000006a1400000| PB 0x00000006a1400000| Untracked |  0
| 646|0x00000006a1800000, 0x00000006a1800000, 0x00000006a1c00000|  0%| F|  |TAMS 0x00000006a1800000| PB 0x00000006a1800000| Untracked |  0
| 647|0x00000006a1c00000, 0x00000006a1c00000, 0x00000006a2000000|  0%| F|  |TAMS 0x00000006a1c00000| PB 0x00000006a1c00000| Untracked |  0
| 648|0x00000006a2000000, 0x00000006a2000000, 0x00000006a2400000|  0%| F|  |TAMS 0x00000006a2000000| PB 0x00000006a2000000| Untracked |  0
| 649|0x00000006a2400000, 0x00000006a2400000, 0x00000006a2800000|  0%| F|  |TAMS 0x00000006a2400000| PB 0x00000006a2400000| Untracked |  0
| 650|0x00000006a2800000, 0x00000006a2800000, 0x00000006a2c00000|  0%| F|  |TAMS 0x00000006a2800000| PB 0x00000006a2800000| Untracked |  0
| 651|0x00000006a2c00000, 0x00000006a2c00000, 0x00000006a3000000|  0%| F|  |TAMS 0x00000006a2c00000| PB 0x00000006a2c00000| Untracked |  0
| 652|0x00000006a3000000, 0x00000006a3000000, 0x00000006a3400000|  0%| F|  |TAMS 0x00000006a3000000| PB 0x00000006a3000000| Untracked |  0
| 653|0x00000006a3400000, 0x00000006a3400000, 0x00000006a3800000|  0%| F|  |TAMS 0x00000006a3400000| PB 0x00000006a3400000| Untracked |  0
| 654|0x00000006a3800000, 0x00000006a3800000, 0x00000006a3c00000|  0%| F|  |TAMS 0x00000006a3800000| PB 0x00000006a3800000| Untracked |  0
| 655|0x00000006a3c00000, 0x00000006a3c00000, 0x00000006a4000000|  0%| F|  |TAMS 0x00000006a3c00000| PB 0x00000006a3c00000| Untracked |  0
| 656|0x00000006a4000000, 0x00000006a4000000, 0x00000006a4400000|  0%| F|  |TAMS 0x00000006a4000000| PB 0x00000006a4000000| Untracked |  0
| 657|0x00000006a4400000, 0x00000006a4400000, 0x00000006a4800000|  0%| F|  |TAMS 0x00000006a4400000| PB 0x00000006a4400000| Untracked |  0
| 658|0x00000006a4800000, 0x00000006a4800000, 0x00000006a4c00000|  0%| F|  |TAMS 0x00000006a4800000| PB 0x00000006a4800000| Untracked |  0
| 659|0x00000006a4c00000, 0x00000006a4c00000, 0x00000006a5000000|  0%| F|  |TAMS 0x00000006a4c00000| PB 0x00000006a4c00000| Untracked |  0
| 660|0x00000006a5000000, 0x00000006a5000000, 0x00000006a5400000|  0%| F|  |TAMS 0x00000006a5000000| PB 0x00000006a5000000| Untracked |  0
| 661|0x00000006a5400000, 0x00000006a5400000, 0x00000006a5800000|  0%| F|  |TAMS 0x00000006a5400000| PB 0x00000006a5400000| Untracked |  0
| 662|0x00000006a5800000, 0x00000006a5800000, 0x00000006a5c00000|  0%| F|  |TAMS 0x00000006a5800000| PB 0x00000006a5800000| Untracked |  0
| 663|0x00000006a5c00000, 0x00000006a5c00000, 0x00000006a6000000|  0%| F|  |TAMS 0x00000006a5c00000| PB 0x00000006a5c00000| Untracked |  0
| 664|0x00000006a6000000, 0x00000006a6000000, 0x00000006a6400000|  0%| F|  |TAMS 0x00000006a6000000| PB 0x00000006a6000000| Untracked |  0
| 665|0x00000006a6400000, 0x00000006a6400000, 0x00000006a6800000|  0%| F|  |TAMS 0x00000006a6400000| PB 0x00000006a6400000| Untracked |  0
| 666|0x00000006a6800000, 0x00000006a6800000, 0x00000006a6c00000|  0%| F|  |TAMS 0x00000006a6800000| PB 0x00000006a6800000| Untracked |  0
| 667|0x00000006a6c00000, 0x00000006a6c00000, 0x00000006a7000000|  0%| F|  |TAMS 0x00000006a6c00000| PB 0x00000006a6c00000| Untracked |  0
| 668|0x00000006a7000000, 0x00000006a7000000, 0x00000006a7400000|  0%| F|  |TAMS 0x00000006a7000000| PB 0x00000006a7000000| Untracked |  0
| 669|0x00000006a7400000, 0x00000006a7400000, 0x00000006a7800000|  0%| F|  |TAMS 0x00000006a7400000| PB 0x00000006a7400000| Untracked |  0
| 670|0x00000006a7800000, 0x00000006a7800000, 0x00000006a7c00000|  0%| F|  |TAMS 0x00000006a7800000| PB 0x00000006a7800000| Untracked |  0
| 671|0x00000006a7c00000, 0x00000006a7c00000, 0x00000006a8000000|  0%| F|  |TAMS 0x00000006a7c00000| PB 0x00000006a7c00000| Untracked |  0
| 672|0x00000006a8000000, 0x00000006a8000000, 0x00000006a8400000|  0%| F|  |TAMS 0x00000006a8000000| PB 0x00000006a8000000| Untracked |  0
| 673|0x00000006a8400000, 0x00000006a8400000, 0x00000006a8800000|  0%| F|  |TAMS 0x00000006a8400000| PB 0x00000006a8400000| Untracked |  0
| 674|0x00000006a8800000, 0x00000006a8800000, 0x00000006a8c00000|  0%| F|  |TAMS 0x00000006a8800000| PB 0x00000006a8800000| Untracked |  0
| 675|0x00000006a8c00000, 0x00000006a8c00000, 0x00000006a9000000|  0%| F|  |TAMS 0x00000006a8c00000| PB 0x00000006a8c00000| Untracked |  0
| 676|0x00000006a9000000, 0x00000006a9000000, 0x00000006a9400000|  0%| F|  |TAMS 0x00000006a9000000| PB 0x00000006a9000000| Untracked |  0
| 677|0x00000006a9400000, 0x00000006a9400000, 0x00000006a9800000|  0%| F|  |TAMS 0x00000006a9400000| PB 0x00000006a9400000| Untracked |  0
| 678|0x00000006a9800000, 0x00000006a9800000, 0x00000006a9c00000|  0%| F|  |TAMS 0x00000006a9800000| PB 0x00000006a9800000| Untracked |  0
| 679|0x00000006a9c00000, 0x00000006a9c00000, 0x00000006aa000000|  0%| F|  |TAMS 0x00000006a9c00000| PB 0x00000006a9c00000| Untracked |  0
| 680|0x00000006aa000000, 0x00000006aa000000, 0x00000006aa400000|  0%| F|  |TAMS 0x00000006aa000000| PB 0x00000006aa000000| Untracked |  0
| 681|0x00000006aa400000, 0x00000006aa400000, 0x00000006aa800000|  0%| F|  |TAMS 0x00000006aa400000| PB 0x00000006aa400000| Untracked |  0
| 682|0x00000006aa800000, 0x00000006aa800000, 0x00000006aac00000|  0%| F|  |TAMS 0x00000006aa800000| PB 0x00000006aa800000| Untracked |  0
| 683|0x00000006aac00000, 0x00000006aac00000, 0x00000006ab000000|  0%| F|  |TAMS 0x00000006aac00000| PB 0x00000006aac00000| Untracked |  0
| 684|0x00000006ab000000, 0x00000006ab000000, 0x00000006ab400000|  0%| F|  |TAMS 0x00000006ab000000| PB 0x00000006ab000000| Untracked |  0
| 685|0x00000006ab400000, 0x00000006ab400000, 0x00000006ab800000|  0%| F|  |TAMS 0x00000006ab400000| PB 0x00000006ab400000| Untracked |  0
| 686|0x00000006ab800000, 0x00000006ab800000, 0x00000006abc00000|  0%| F|  |TAMS 0x00000006ab800000| PB 0x00000006ab800000| Untracked |  0
| 687|0x00000006abc00000, 0x00000006abc00000, 0x00000006ac000000|  0%| F|  |TAMS 0x00000006abc00000| PB 0x00000006abc00000| Untracked |  0
| 688|0x00000006ac000000, 0x00000006ac000000, 0x00000006ac400000|  0%| F|  |TAMS 0x00000006ac000000| PB 0x00000006ac000000| Untracked |  0
| 689|0x00000006ac400000, 0x00000006ac400000, 0x00000006ac800000|  0%| F|  |TAMS 0x00000006ac400000| PB 0x00000006ac400000| Untracked |  0
| 690|0x00000006ac800000, 0x00000006ac800000, 0x00000006acc00000|  0%| F|  |TAMS 0x00000006ac800000| PB 0x00000006ac800000| Untracked |  0
| 691|0x00000006acc00000, 0x00000006acc00000, 0x00000006ad000000|  0%| F|  |TAMS 0x00000006acc00000| PB 0x00000006acc00000| Untracked |  0
| 692|0x00000006ad000000, 0x00000006ad000000, 0x00000006ad400000|  0%| F|  |TAMS 0x00000006ad000000| PB 0x00000006ad000000| Untracked |  0
| 693|0x00000006ad400000, 0x00000006ad400000, 0x00000006ad800000|  0%| F|  |TAMS 0x00000006ad400000| PB 0x00000006ad400000| Untracked |  0
| 694|0x00000006ad800000, 0x00000006ad800000, 0x00000006adc00000|  0%| F|  |TAMS 0x00000006ad800000| PB 0x00000006ad800000| Untracked |  0
| 695|0x00000006adc00000, 0x00000006adc00000, 0x00000006ae000000|  0%| F|  |TAMS 0x00000006adc00000| PB 0x00000006adc00000| Untracked |  0
| 696|0x00000006ae000000, 0x00000006ae000000, 0x00000006ae400000|  0%| F|  |TAMS 0x00000006ae000000| PB 0x00000006ae000000| Untracked |  0
| 697|0x00000006ae400000, 0x00000006ae400000, 0x00000006ae800000|  0%| F|  |TAMS 0x00000006ae400000| PB 0x00000006ae400000| Untracked |  0
| 698|0x00000006ae800000, 0x00000006ae800000, 0x00000006aec00000|  0%| F|  |TAMS 0x00000006ae800000| PB 0x00000006ae800000| Untracked |  0
| 699|0x00000006aec00000, 0x00000006aec00000, 0x00000006af000000|  0%| F|  |TAMS 0x00000006aec00000| PB 0x00000006aec00000| Untracked |  0
| 700|0x00000006af000000, 0x00000006af000000, 0x00000006af400000|  0%| F|  |TAMS 0x00000006af000000| PB 0x00000006af000000| Untracked |  0
| 701|0x00000006af400000, 0x00000006af400000, 0x00000006af800000|  0%| F|  |TAMS 0x00000006af400000| PB 0x00000006af400000| Untracked |  0
| 702|0x00000006af800000, 0x00000006af800000, 0x00000006afc00000|  0%| F|  |TAMS 0x00000006af800000| PB 0x00000006af800000| Untracked |  0
| 703|0x00000006afc00000, 0x00000006afc00000, 0x00000006b0000000|  0%| F|  |TAMS 0x00000006afc00000| PB 0x00000006afc00000| Untracked |  0
| 704|0x00000006b0000000, 0x00000006b0000000, 0x00000006b0400000|  0%| F|  |TAMS 0x00000006b0000000| PB 0x00000006b0000000| Untracked |  0
| 705|0x00000006b0400000, 0x00000006b0400000, 0x00000006b0800000|  0%| F|  |TAMS 0x00000006b0400000| PB 0x00000006b0400000| Untracked |  0
| 706|0x00000006b0800000, 0x00000006b0800000, 0x00000006b0c00000|  0%| F|  |TAMS 0x00000006b0800000| PB 0x00000006b0800000| Untracked |  0
| 707|0x00000006b0c00000, 0x00000006b0c00000, 0x00000006b1000000|  0%| F|  |TAMS 0x00000006b0c00000| PB 0x00000006b0c00000| Untracked |  0
| 708|0x00000006b1000000, 0x00000006b1000000, 0x00000006b1400000|  0%| F|  |TAMS 0x00000006b1000000| PB 0x00000006b1000000| Untracked |  0
| 709|0x00000006b1400000, 0x00000006b1400000, 0x00000006b1800000|  0%| F|  |TAMS 0x00000006b1400000| PB 0x00000006b1400000| Untracked |  0
| 710|0x00000006b1800000, 0x00000006b1800000, 0x00000006b1c00000|  0%| F|  |TAMS 0x00000006b1800000| PB 0x00000006b1800000| Untracked |  0
| 711|0x00000006b1c00000, 0x00000006b1c00000, 0x00000006b2000000|  0%| F|  |TAMS 0x00000006b1c00000| PB 0x00000006b1c00000| Untracked |  0
| 712|0x00000006b2000000, 0x00000006b2000000, 0x00000006b2400000|  0%| F|  |TAMS 0x00000006b2000000| PB 0x00000006b2000000| Untracked |  0
| 713|0x00000006b2400000, 0x00000006b2400000, 0x00000006b2800000|  0%| F|  |TAMS 0x00000006b2400000| PB 0x00000006b2400000| Untracked |  0
| 714|0x00000006b2800000, 0x00000006b2800000, 0x00000006b2c00000|  0%| F|  |TAMS 0x00000006b2800000| PB 0x00000006b2800000| Untracked |  0
| 715|0x00000006b2c00000, 0x00000006b2c00000, 0x00000006b3000000|  0%| F|  |TAMS 0x00000006b2c00000| PB 0x00000006b2c00000| Untracked |  0
| 716|0x00000006b3000000, 0x00000006b3000000, 0x00000006b3400000|  0%| F|  |TAMS 0x00000006b3000000| PB 0x00000006b3000000| Untracked |  0
| 717|0x00000006b3400000, 0x00000006b3400000, 0x00000006b3800000|  0%| F|  |TAMS 0x00000006b3400000| PB 0x00000006b3400000| Untracked |  0
| 718|0x00000006b3800000, 0x00000006b3800000, 0x00000006b3c00000|  0%| F|  |TAMS 0x00000006b3800000| PB 0x00000006b3800000| Untracked |  0
| 719|0x00000006b3c00000, 0x00000006b3c00000, 0x00000006b4000000|  0%| F|  |TAMS 0x00000006b3c00000| PB 0x00000006b3c00000| Untracked |  0
| 720|0x00000006b4000000, 0x00000006b4000000, 0x00000006b4400000|  0%| F|  |TAMS 0x00000006b4000000| PB 0x00000006b4000000| Untracked |  0
| 721|0x00000006b4400000, 0x00000006b4400000, 0x00000006b4800000|  0%| F|  |TAMS 0x00000006b4400000| PB 0x00000006b4400000| Untracked |  0
| 722|0x00000006b4800000, 0x00000006b4800000, 0x00000006b4c00000|  0%| F|  |TAMS 0x00000006b4800000| PB 0x00000006b4800000| Untracked |  0
| 723|0x00000006b4c00000, 0x00000006b4c00000, 0x00000006b5000000|  0%| F|  |TAMS 0x00000006b4c00000| PB 0x00000006b4c00000| Untracked |  0
| 724|0x00000006b5000000, 0x00000006b5000000, 0x00000006b5400000|  0%| F|  |TAMS 0x00000006b5000000| PB 0x00000006b5000000| Untracked |  0
| 725|0x00000006b5400000, 0x00000006b5400000, 0x00000006b5800000|  0%| F|  |TAMS 0x00000006b5400000| PB 0x00000006b5400000| Untracked |  0
| 726|0x00000006b5800000, 0x00000006b5800000, 0x00000006b5c00000|  0%| F|  |TAMS 0x00000006b5800000| PB 0x00000006b5800000| Untracked |  0
| 727|0x00000006b5c00000, 0x00000006b5c00000, 0x00000006b6000000|  0%| F|  |TAMS 0x00000006b5c00000| PB 0x00000006b5c00000| Untracked |  0
| 728|0x00000006b6000000, 0x00000006b6000000, 0x00000006b6400000|  0%| F|  |TAMS 0x00000006b6000000| PB 0x00000006b6000000| Untracked |  0
| 729|0x00000006b6400000, 0x00000006b6400000, 0x00000006b6800000|  0%| F|  |TAMS 0x00000006b6400000| PB 0x00000006b6400000| Untracked |  0
| 730|0x00000006b6800000, 0x00000006b6800000, 0x00000006b6c00000|  0%| F|  |TAMS 0x00000006b6800000| PB 0x00000006b6800000| Untracked |  0
| 731|0x00000006b6c00000, 0x00000006b6c00000, 0x00000006b7000000|  0%| F|  |TAMS 0x00000006b6c00000| PB 0x00000006b6c00000| Untracked |  0
| 732|0x00000006b7000000, 0x00000006b7000000, 0x00000006b7400000|  0%| F|  |TAMS 0x00000006b7000000| PB 0x00000006b7000000| Untracked |  0
| 733|0x00000006b7400000, 0x00000006b7400000, 0x00000006b7800000|  0%| F|  |TAMS 0x00000006b7400000| PB 0x00000006b7400000| Untracked |  0
| 734|0x00000006b7800000, 0x00000006b7800000, 0x00000006b7c00000|  0%| F|  |TAMS 0x00000006b7800000| PB 0x00000006b7800000| Untracked |  0
| 735|0x00000006b7c00000, 0x00000006b7c00000, 0x00000006b8000000|  0%| F|  |TAMS 0x00000006b7c00000| PB 0x00000006b7c00000| Untracked |  0
| 736|0x00000006b8000000, 0x00000006b8000000, 0x00000006b8400000|  0%| F|  |TAMS 0x00000006b8000000| PB 0x00000006b8000000| Untracked |  0
| 737|0x00000006b8400000, 0x00000006b8400000, 0x00000006b8800000|  0%| F|  |TAMS 0x00000006b8400000| PB 0x00000006b8400000| Untracked |  0
| 738|0x00000006b8800000, 0x00000006b8800000, 0x00000006b8c00000|  0%| F|  |TAMS 0x00000006b8800000| PB 0x00000006b8800000| Untracked |  0
| 739|0x00000006b8c00000, 0x00000006b8c00000, 0x00000006b9000000|  0%| F|  |TAMS 0x00000006b8c00000| PB 0x00000006b8c00000| Untracked |  0
| 740|0x00000006b9000000, 0x00000006b9000000, 0x00000006b9400000|  0%| F|  |TAMS 0x00000006b9000000| PB 0x00000006b9000000| Untracked |  0
| 741|0x00000006b9400000, 0x00000006b9400000, 0x00000006b9800000|  0%| F|  |TAMS 0x00000006b9400000| PB 0x00000006b9400000| Untracked |  0
| 742|0x00000006b9800000, 0x00000006b9800000, 0x00000006b9c00000|  0%| F|  |TAMS 0x00000006b9800000| PB 0x00000006b9800000| Untracked |  0
| 743|0x00000006b9c00000, 0x00000006b9c00000, 0x00000006ba000000|  0%| F|  |TAMS 0x00000006b9c00000| PB 0x00000006b9c00000| Untracked |  0
| 744|0x00000006ba000000, 0x00000006ba000000, 0x00000006ba400000|  0%| F|  |TAMS 0x00000006ba000000| PB 0x00000006ba000000| Untracked |  0
| 745|0x00000006ba400000, 0x00000006ba400000, 0x00000006ba800000|  0%| F|  |TAMS 0x00000006ba400000| PB 0x00000006ba400000| Untracked |  0
| 746|0x00000006ba800000, 0x00000006ba800000, 0x00000006bac00000|  0%| F|  |TAMS 0x00000006ba800000| PB 0x00000006ba800000| Untracked |  0
| 747|0x00000006bac00000, 0x00000006bac00000, 0x00000006bb000000|  0%| F|  |TAMS 0x00000006bac00000| PB 0x00000006bac00000| Untracked |  0
| 748|0x00000006bb000000, 0x00000006bb000000, 0x00000006bb400000|  0%| F|  |TAMS 0x00000006bb000000| PB 0x00000006bb000000| Untracked |  0
| 749|0x00000006bb400000, 0x00000006bb400000, 0x00000006bb800000|  0%| F|  |TAMS 0x00000006bb400000| PB 0x00000006bb400000| Untracked |  0
| 750|0x00000006bb800000, 0x00000006bb800000, 0x00000006bbc00000|  0%| F|  |TAMS 0x00000006bb800000| PB 0x00000006bb800000| Untracked |  0
| 751|0x00000006bbc00000, 0x00000006bbc00000, 0x00000006bc000000|  0%| F|  |TAMS 0x00000006bbc00000| PB 0x00000006bbc00000| Untracked |  0
| 752|0x00000006bc000000, 0x00000006bc000000, 0x00000006bc400000|  0%| F|  |TAMS 0x00000006bc000000| PB 0x00000006bc000000| Untracked |  0
| 753|0x00000006bc400000, 0x00000006bc400000, 0x00000006bc800000|  0%| F|  |TAMS 0x00000006bc400000| PB 0x00000006bc400000| Untracked |  0
| 754|0x00000006bc800000, 0x00000006bc800000, 0x00000006bcc00000|  0%| F|  |TAMS 0x00000006bc800000| PB 0x00000006bc800000| Untracked |  0
| 755|0x00000006bcc00000, 0x00000006bcc00000, 0x00000006bd000000|  0%| F|  |TAMS 0x00000006bcc00000| PB 0x00000006bcc00000| Untracked |  0
| 756|0x00000006bd000000, 0x00000006bd000000, 0x00000006bd400000|  0%| F|  |TAMS 0x00000006bd000000| PB 0x00000006bd000000| Untracked |  0
| 757|0x00000006bd400000, 0x00000006bd400000, 0x00000006bd800000|  0%| F|  |TAMS 0x00000006bd400000| PB 0x00000006bd400000| Untracked |  0
| 758|0x00000006bd800000, 0x00000006bd800000, 0x00000006bdc00000|  0%| F|  |TAMS 0x00000006bd800000| PB 0x00000006bd800000| Untracked |  0
| 759|0x00000006bdc00000, 0x00000006bdc00000, 0x00000006be000000|  0%| F|  |TAMS 0x00000006bdc00000| PB 0x00000006bdc00000| Untracked |  0
| 760|0x00000006be000000, 0x00000006be000000, 0x00000006be400000|  0%| F|  |TAMS 0x00000006be000000| PB 0x00000006be000000| Untracked |  0
| 761|0x00000006be400000, 0x00000006be400000, 0x00000006be800000|  0%| F|  |TAMS 0x00000006be400000| PB 0x00000006be400000| Untracked |  0
| 762|0x00000006be800000, 0x00000006be800000, 0x00000006bec00000|  0%| F|  |TAMS 0x00000006be800000| PB 0x00000006be800000| Untracked |  0
| 763|0x00000006bec00000, 0x00000006bec00000, 0x00000006bf000000|  0%| F|  |TAMS 0x00000006bec00000| PB 0x00000006bec00000| Untracked |  0
| 764|0x00000006bf000000, 0x00000006bf000000, 0x00000006bf400000|  0%| F|  |TAMS 0x00000006bf000000| PB 0x00000006bf000000| Untracked |  0
| 765|0x00000006bf400000, 0x00000006bf400000, 0x00000006bf800000|  0%| F|  |TAMS 0x00000006bf400000| PB 0x00000006bf400000| Untracked |  0
| 766|0x00000006bf800000, 0x00000006bf800000, 0x00000006bfc00000|  0%| F|  |TAMS 0x00000006bf800000| PB 0x00000006bf800000| Untracked |  0
| 767|0x00000006bfc00000, 0x00000006bfc00000, 0x00000006c0000000|  0%| F|  |TAMS 0x00000006bfc00000| PB 0x00000006bfc00000| Untracked |  0
| 768|0x00000006c0000000, 0x00000006c0000000, 0x00000006c0400000|  0%| F|  |TAMS 0x00000006c0000000| PB 0x00000006c0000000| Untracked |  0
| 769|0x00000006c0400000, 0x00000006c0400000, 0x00000006c0800000|  0%| F|  |TAMS 0x00000006c0400000| PB 0x00000006c0400000| Untracked |  0
| 770|0x00000006c0800000, 0x00000006c0800000, 0x00000006c0c00000|  0%| F|  |TAMS 0x00000006c0800000| PB 0x00000006c0800000| Untracked |  0
| 771|0x00000006c0c00000, 0x00000006c0c00000, 0x00000006c1000000|  0%| F|  |TAMS 0x00000006c0c00000| PB 0x00000006c0c00000| Untracked |  0
| 772|0x00000006c1000000, 0x00000006c1203e58, 0x00000006c1400000| 50%| E|  |TAMS 0x00000006c1000000| PB 0x00000006c1000000| Complete |  0
| 773|0x00000006c1400000, 0x00000006c1800000, 0x00000006c1800000|100%| E|CS|TAMS 0x00000006c1400000| PB 0x00000006c1400000| Complete |  0
| 774|0x00000006c1800000, 0x00000006c1c00000, 0x00000006c1c00000|100%| E|CS|TAMS 0x00000006c1800000| PB 0x00000006c1800000| Complete |  0
| 775|0x00000006c1c00000, 0x00000006c2000000, 0x00000006c2000000|100%| E|CS|TAMS 0x00000006c1c00000| PB 0x00000006c1c00000| Complete |  0
| 776|0x00000006c2000000, 0x00000006c2400000, 0x00000006c2400000|100%| E|CS|TAMS 0x00000006c2000000| PB 0x00000006c2000000| Complete |  0
| 777|0x00000006c2400000, 0x00000006c2800000, 0x00000006c2800000|100%| E|CS|TAMS 0x00000006c2400000| PB 0x00000006c2400000| Complete |  0
| 778|0x00000006c2800000, 0x00000006c2c00000, 0x00000006c2c00000|100%| E|CS|TAMS 0x00000006c2800000| PB 0x00000006c2800000| Complete |  0
| 779|0x00000006c2c00000, 0x00000006c3000000, 0x00000006c3000000|100%| E|CS|TAMS 0x00000006c2c00000| PB 0x00000006c2c00000| Complete |  0
| 780|0x00000006c3000000, 0x00000006c3400000, 0x00000006c3400000|100%| E|CS|TAMS 0x00000006c3000000| PB 0x00000006c3000000| Complete |  0
| 781|0x00000006c3400000, 0x00000006c3800000, 0x00000006c3800000|100%| E|CS|TAMS 0x00000006c3400000| PB 0x00000006c3400000| Complete |  0
| 782|0x00000006c3800000, 0x00000006c3c00000, 0x00000006c3c00000|100%| E|CS|TAMS 0x00000006c3800000| PB 0x00000006c3800000| Complete |  0
| 783|0x00000006c3c00000, 0x00000006c4000000, 0x00000006c4000000|100%| E|CS|TAMS 0x00000006c3c00000| PB 0x00000006c3c00000| Complete |  0
| 784|0x00000006c4000000, 0x00000006c4400000, 0x00000006c4400000|100%| E|CS|TAMS 0x00000006c4000000| PB 0x00000006c4000000| Complete |  0
| 785|0x00000006c4400000, 0x00000006c4800000, 0x00000006c4800000|100%| E|CS|TAMS 0x00000006c4400000| PB 0x00000006c4400000| Complete |  0
| 786|0x00000006c4800000, 0x00000006c4c00000, 0x00000006c4c00000|100%| E|CS|TAMS 0x00000006c4800000| PB 0x00000006c4800000| Complete |  0
| 787|0x00000006c4c00000, 0x00000006c5000000, 0x00000006c5000000|100%| E|CS|TAMS 0x00000006c4c00000| PB 0x00000006c4c00000| Complete |  0
| 788|0x00000006c5000000, 0x00000006c5400000, 0x00000006c5400000|100%| E|CS|TAMS 0x00000006c5000000| PB 0x00000006c5000000| Complete |  0
| 789|0x00000006c5400000, 0x00000006c5800000, 0x00000006c5800000|100%| E|CS|TAMS 0x00000006c5400000| PB 0x00000006c5400000| Complete |  0
| 790|0x00000006c5800000, 0x00000006c5c00000, 0x00000006c5c00000|100%| E|CS|TAMS 0x00000006c5800000| PB 0x00000006c5800000| Complete |  0
| 791|0x00000006c5c00000, 0x00000006c6000000, 0x00000006c6000000|100%| E|CS|TAMS 0x00000006c5c00000| PB 0x00000006c5c00000| Complete |  0
| 792|0x00000006c6000000, 0x00000006c6400000, 0x00000006c6400000|100%| E|CS|TAMS 0x00000006c6000000| PB 0x00000006c6000000| Complete |  0
| 793|0x00000006c6400000, 0x00000006c6800000, 0x00000006c6800000|100%| E|CS|TAMS 0x00000006c6400000| PB 0x00000006c6400000| Complete |  0
| 794|0x00000006c6800000, 0x00000006c6c00000, 0x00000006c6c00000|100%| E|CS|TAMS 0x00000006c6800000| PB 0x00000006c6800000| Complete |  0
| 795|0x00000006c6c00000, 0x00000006c7000000, 0x00000006c7000000|100%| E|CS|TAMS 0x00000006c6c00000| PB 0x00000006c6c00000| Complete |  0
| 796|0x00000006c7000000, 0x00000006c7400000, 0x00000006c7400000|100%| E|CS|TAMS 0x00000006c7000000| PB 0x00000006c7000000| Complete |  0
| 797|0x00000006c7400000, 0x00000006c7800000, 0x00000006c7800000|100%| E|CS|TAMS 0x00000006c7400000| PB 0x00000006c7400000| Complete |  0
| 798|0x00000006c7800000, 0x00000006c7c00000, 0x00000006c7c00000|100%| E|CS|TAMS 0x00000006c7800000| PB 0x00000006c7800000| Complete |  0
| 799|0x00000006c7c00000, 0x00000006c8000000, 0x00000006c8000000|100%| E|CS|TAMS 0x00000006c7c00000| PB 0x00000006c7c00000| Complete |  0
| 800|0x00000006c8000000, 0x00000006c8400000, 0x00000006c8400000|100%| E|CS|TAMS 0x00000006c8000000| PB 0x00000006c8000000| Complete |  0
| 801|0x00000006c8400000, 0x00000006c8800000, 0x00000006c8800000|100%| E|CS|TAMS 0x00000006c8400000| PB 0x00000006c8400000| Complete |  0
| 802|0x00000006c8800000, 0x00000006c8c00000, 0x00000006c8c00000|100%| E|CS|TAMS 0x00000006c8800000| PB 0x00000006c8800000| Complete |  0
| 803|0x00000006c8c00000, 0x00000006c9000000, 0x00000006c9000000|100%| E|CS|TAMS 0x00000006c8c00000| PB 0x00000006c8c00000| Complete |  0
| 804|0x00000006c9000000, 0x00000006c9400000, 0x00000006c9400000|100%| E|CS|TAMS 0x00000006c9000000| PB 0x00000006c9000000| Complete |  0
| 805|0x00000006c9400000, 0x00000006c9800000, 0x00000006c9800000|100%| E|CS|TAMS 0x00000006c9400000| PB 0x00000006c9400000| Complete |  0
| 806|0x00000006c9800000, 0x00000006c9c00000, 0x00000006c9c00000|100%| E|CS|TAMS 0x00000006c9800000| PB 0x00000006c9800000| Complete |  0
| 807|0x00000006c9c00000, 0x00000006ca000000, 0x00000006ca000000|100%| E|CS|TAMS 0x00000006c9c00000| PB 0x00000006c9c00000| Complete |  0
| 808|0x00000006ca000000, 0x00000006ca400000, 0x00000006ca400000|100%| E|CS|TAMS 0x00000006ca000000| PB 0x00000006ca000000| Complete |  0
| 809|0x00000006ca400000, 0x00000006ca800000, 0x00000006ca800000|100%| E|CS|TAMS 0x00000006ca400000| PB 0x00000006ca400000| Complete |  0
| 810|0x00000006ca800000, 0x00000006ca9dc070, 0x00000006cac00000| 46%| S|CS|TAMS 0x00000006ca800000| PB 0x00000006ca800000| Complete |  0
| 811|0x00000006cac00000, 0x00000006cb000000, 0x00000006cb000000|100%| S|CS|TAMS 0x00000006cac00000| PB 0x00000006cac00000| Complete |  0
| 812|0x00000006cb000000, 0x00000006cb400000, 0x00000006cb400000|100%| S|CS|TAMS 0x00000006cb000000| PB 0x00000006cb000000| Complete |  0
| 813|0x00000006cb400000, 0x00000006cb800000, 0x00000006cb800000|100%| S|CS|TAMS 0x00000006cb400000| PB 0x00000006cb400000| Complete |  0
| 814|0x00000006cb800000, 0x00000006cbc00000, 0x00000006cbc00000|100%| S|CS|TAMS 0x00000006cb800000| PB 0x00000006cb800000| Complete |  0
| 815|0x00000006cbc00000, 0x00000006cc000000, 0x00000006cc000000|100%| S|CS|TAMS 0x00000006cbc00000| PB 0x00000006cbc00000| Complete |  0
| 816|0x00000006cc000000, 0x00000006cc400000, 0x00000006cc400000|100%| S|CS|TAMS 0x00000006cc000000| PB 0x00000006cc000000| Complete |  0
| 817|0x00000006cc400000, 0x00000006cc800000, 0x00000006cc800000|100%| E|CS|TAMS 0x00000006cc400000| PB 0x00000006cc400000| Complete |  0
| 818|0x00000006cc800000, 0x00000006ccc00000, 0x00000006ccc00000|100%| E|CS|TAMS 0x00000006cc800000| PB 0x00000006cc800000| Complete |  0
| 819|0x00000006ccc00000, 0x00000006cd000000, 0x00000006cd000000|100%| E|CS|TAMS 0x00000006ccc00000| PB 0x00000006ccc00000| Complete |  0
| 820|0x00000006cd000000, 0x00000006cd400000, 0x00000006cd400000|100%| E|CS|TAMS 0x00000006cd000000| PB 0x00000006cd000000| Complete |  0
| 821|0x00000006cd400000, 0x00000006cd800000, 0x00000006cd800000|100%| E|CS|TAMS 0x00000006cd400000| PB 0x00000006cd400000| Complete |  0
| 822|0x00000006cd800000, 0x00000006cdc00000, 0x00000006cdc00000|100%| E|CS|TAMS 0x00000006cd800000| PB 0x00000006cd800000| Complete |  0
| 823|0x00000006cdc00000, 0x00000006ce000000, 0x00000006ce000000|100%| E|CS|TAMS 0x00000006cdc00000| PB 0x00000006cdc00000| Complete |  0
| 824|0x00000006ce000000, 0x00000006ce400000, 0x00000006ce400000|100%| E|CS|TAMS 0x00000006ce000000| PB 0x00000006ce000000| Complete |  0
| 825|0x00000006ce400000, 0x00000006ce800000, 0x00000006ce800000|100%| E|CS|TAMS 0x00000006ce400000| PB 0x00000006ce400000| Complete |  0
| 826|0x00000006ce800000, 0x00000006cec00000, 0x00000006cec00000|100%| E|CS|TAMS 0x00000006ce800000| PB 0x00000006ce800000| Complete |  0
| 827|0x00000006cec00000, 0x00000006cf000000, 0x00000006cf000000|100%| E|CS|TAMS 0x00000006cec00000| PB 0x00000006cec00000| Complete |  0
| 828|0x00000006cf000000, 0x00000006cf400000, 0x00000006cf400000|100%| E|CS|TAMS 0x00000006cf000000| PB 0x00000006cf000000| Complete |  0
| 829|0x00000006cf400000, 0x00000006cf800000, 0x00000006cf800000|100%| E|CS|TAMS 0x00000006cf400000| PB 0x00000006cf400000| Complete |  0
| 830|0x00000006cf800000, 0x00000006cfc00000, 0x00000006cfc00000|100%| E|CS|TAMS 0x00000006cf800000| PB 0x00000006cf800000| Complete |  0
| 831|0x00000006cfc00000, 0x00000006d0000000, 0x00000006d0000000|100%| E|CS|TAMS 0x00000006cfc00000| PB 0x00000006cfc00000| Complete |  0
| 832|0x00000006d0000000, 0x00000006d0400000, 0x00000006d0400000|100%| E|CS|TAMS 0x00000006d0000000| PB 0x00000006d0000000| Complete |  0
| 833|0x00000006d0400000, 0x00000006d0800000, 0x00000006d0800000|100%| E|CS|TAMS 0x00000006d0400000| PB 0x00000006d0400000| Complete |  0
| 834|0x00000006d0800000, 0x00000006d0c00000, 0x00000006d0c00000|100%| E|CS|TAMS 0x00000006d0800000| PB 0x00000006d0800000| Complete |  0
| 835|0x00000006d0c00000, 0x00000006d1000000, 0x00000006d1000000|100%| E|CS|TAMS 0x00000006d0c00000| PB 0x00000006d0c00000| Complete |  0
| 836|0x00000006d1000000, 0x00000006d1400000, 0x00000006d1400000|100%| E|CS|TAMS 0x00000006d1000000| PB 0x00000006d1000000| Complete |  0
| 837|0x00000006d1400000, 0x00000006d1800000, 0x00000006d1800000|100%| E|CS|TAMS 0x00000006d1400000| PB 0x00000006d1400000| Complete |  0
| 838|0x00000006d1800000, 0x00000006d1c00000, 0x00000006d1c00000|100%| E|CS|TAMS 0x00000006d1800000| PB 0x00000006d1800000| Complete |  0
| 839|0x00000006d1c00000, 0x00000006d2000000, 0x00000006d2000000|100%| E|CS|TAMS 0x00000006d1c00000| PB 0x00000006d1c00000| Complete |  0
| 840|0x00000006d2000000, 0x00000006d2400000, 0x00000006d2400000|100%| E|CS|TAMS 0x00000006d2000000| PB 0x00000006d2000000| Complete |  0
| 841|0x00000006d2400000, 0x00000006d2800000, 0x00000006d2800000|100%| E|CS|TAMS 0x00000006d2400000| PB 0x00000006d2400000| Complete |  0
| 842|0x00000006d2800000, 0x00000006d2c00000, 0x00000006d2c00000|100%| E|CS|TAMS 0x00000006d2800000| PB 0x00000006d2800000| Complete |  0
| 843|0x00000006d2c00000, 0x00000006d3000000, 0x00000006d3000000|100%| E|CS|TAMS 0x00000006d2c00000| PB 0x00000006d2c00000| Complete |  0
| 844|0x00000006d3000000, 0x00000006d3400000, 0x00000006d3400000|100%| E|CS|TAMS 0x00000006d3000000| PB 0x00000006d3000000| Complete |  0
| 845|0x00000006d3400000, 0x00000006d3800000, 0x00000006d3800000|100%| E|CS|TAMS 0x00000006d3400000| PB 0x00000006d3400000| Complete |  0
| 846|0x00000006d3800000, 0x00000006d3c00000, 0x00000006d3c00000|100%| E|CS|TAMS 0x00000006d3800000| PB 0x00000006d3800000| Complete |  0
| 847|0x00000006d3c00000, 0x00000006d4000000, 0x00000006d4000000|100%| E|CS|TAMS 0x00000006d3c00000| PB 0x00000006d3c00000| Complete |  0
| 848|0x00000006d4000000, 0x00000006d4400000, 0x00000006d4400000|100%| E|CS|TAMS 0x00000006d4000000| PB 0x00000006d4000000| Complete |  0
| 849|0x00000006d4400000, 0x00000006d4800000, 0x00000006d4800000|100%| E|CS|TAMS 0x00000006d4400000| PB 0x00000006d4400000| Complete |  0
| 850|0x00000006d4800000, 0x00000006d4c00000, 0x00000006d4c00000|100%| E|CS|TAMS 0x00000006d4800000| PB 0x00000006d4800000| Complete |  0
| 851|0x00000006d4c00000, 0x00000006d5000000, 0x00000006d5000000|100%| E|CS|TAMS 0x00000006d4c00000| PB 0x00000006d4c00000| Complete |  0
| 852|0x00000006d5000000, 0x00000006d5400000, 0x00000006d5400000|100%| E|CS|TAMS 0x00000006d5000000| PB 0x00000006d5000000| Complete |  0
| 853|0x00000006d5400000, 0x00000006d5800000, 0x00000006d5800000|100%| E|CS|TAMS 0x00000006d5400000| PB 0x00000006d5400000| Complete |  0
| 854|0x00000006d5800000, 0x00000006d5c00000, 0x00000006d5c00000|100%| E|CS|TAMS 0x00000006d5800000| PB 0x00000006d5800000| Complete |  0
| 855|0x00000006d5c00000, 0x00000006d6000000, 0x00000006d6000000|100%| E|CS|TAMS 0x00000006d5c00000| PB 0x00000006d5c00000| Complete |  0
| 856|0x00000006d6000000, 0x00000006d6400000, 0x00000006d6400000|100%| E|CS|TAMS 0x00000006d6000000| PB 0x00000006d6000000| Complete |  0
| 857|0x00000006d6400000, 0x00000006d6800000, 0x00000006d6800000|100%| E|CS|TAMS 0x00000006d6400000| PB 0x00000006d6400000| Complete |  0
| 858|0x00000006d6800000, 0x00000006d6c00000, 0x00000006d6c00000|100%| E|CS|TAMS 0x00000006d6800000| PB 0x00000006d6800000| Complete |  0
| 859|0x00000006d6c00000, 0x00000006d7000000, 0x00000006d7000000|100%| E|CS|TAMS 0x00000006d6c00000| PB 0x00000006d6c00000| Complete |  0
| 860|0x00000006d7000000, 0x00000006d7400000, 0x00000006d7400000|100%| E|CS|TAMS 0x00000006d7000000| PB 0x00000006d7000000| Complete |  0
| 861|0x00000006d7400000, 0x00000006d7800000, 0x00000006d7800000|100%| E|CS|TAMS 0x00000006d7400000| PB 0x00000006d7400000| Complete |  0
| 862|0x00000006d7800000, 0x00000006d7c00000, 0x00000006d7c00000|100%| E|CS|TAMS 0x00000006d7800000| PB 0x00000006d7800000| Complete |  0
| 863|0x00000006d7c00000, 0x00000006d8000000, 0x00000006d8000000|100%| E|CS|TAMS 0x00000006d7c00000| PB 0x00000006d7c00000| Complete |  0
| 864|0x00000006d8000000, 0x00000006d8400000, 0x00000006d8400000|100%| E|CS|TAMS 0x00000006d8000000| PB 0x00000006d8000000| Complete |  0
| 865|0x00000006d8400000, 0x00000006d8800000, 0x00000006d8800000|100%| E|CS|TAMS 0x00000006d8400000| PB 0x00000006d8400000| Complete |  0
| 866|0x00000006d8800000, 0x00000006d8c00000, 0x00000006d8c00000|100%| E|CS|TAMS 0x00000006d8800000| PB 0x00000006d8800000| Complete |  0
| 867|0x00000006d8c00000, 0x00000006d9000000, 0x00000006d9000000|100%| E|CS|TAMS 0x00000006d8c00000| PB 0x00000006d8c00000| Complete |  0
| 868|0x00000006d9000000, 0x00000006d9400000, 0x00000006d9400000|100%| E|CS|TAMS 0x00000006d9000000| PB 0x00000006d9000000| Complete |  0
| 869|0x00000006d9400000, 0x00000006d9800000, 0x00000006d9800000|100%| E|CS|TAMS 0x00000006d9400000| PB 0x00000006d9400000| Complete |  0
| 870|0x00000006d9800000, 0x00000006d9c00000, 0x00000006d9c00000|100%| E|CS|TAMS 0x00000006d9800000| PB 0x00000006d9800000| Complete |  0
| 871|0x00000006d9c00000, 0x00000006da000000, 0x00000006da000000|100%| E|CS|TAMS 0x00000006d9c00000| PB 0x00000006d9c00000| Complete |  0
| 872|0x00000006da000000, 0x00000006da400000, 0x00000006da400000|100%| E|CS|TAMS 0x00000006da000000| PB 0x00000006da000000| Complete |  0
| 873|0x00000006da400000, 0x00000006da800000, 0x00000006da800000|100%| E|CS|TAMS 0x00000006da400000| PB 0x00000006da400000| Complete |  0
| 874|0x00000006da800000, 0x00000006dac00000, 0x00000006dac00000|100%| E|CS|TAMS 0x00000006da800000| PB 0x00000006da800000| Complete |  0
| 875|0x00000006dac00000, 0x00000006db000000, 0x00000006db000000|100%| E|CS|TAMS 0x00000006dac00000| PB 0x00000006dac00000| Complete |  0
| 876|0x00000006db000000, 0x00000006db400000, 0x00000006db400000|100%| E|CS|TAMS 0x00000006db000000| PB 0x00000006db000000| Complete |  0
| 877|0x00000006db400000, 0x00000006db800000, 0x00000006db800000|100%| E|CS|TAMS 0x00000006db400000| PB 0x00000006db400000| Complete |  0
| 878|0x00000006db800000, 0x00000006dbc00000, 0x00000006dbc00000|100%| E|CS|TAMS 0x00000006db800000| PB 0x00000006db800000| Complete |  0
| 879|0x00000006dbc00000, 0x00000006dc000000, 0x00000006dc000000|100%| E|CS|TAMS 0x00000006dbc00000| PB 0x00000006dbc00000| Complete |  0
| 880|0x00000006dc000000, 0x00000006dc400000, 0x00000006dc400000|100%| E|CS|TAMS 0x00000006dc000000| PB 0x00000006dc000000| Complete |  0
| 881|0x00000006dc400000, 0x00000006dc800000, 0x00000006dc800000|100%| E|CS|TAMS 0x00000006dc400000| PB 0x00000006dc400000| Complete |  0
| 882|0x00000006dc800000, 0x00000006dcc00000, 0x00000006dcc00000|100%| E|CS|TAMS 0x00000006dc800000| PB 0x00000006dc800000| Complete |  0
| 883|0x00000006dcc00000, 0x00000006dd000000, 0x00000006dd000000|100%| E|CS|TAMS 0x00000006dcc00000| PB 0x00000006dcc00000| Complete |  0
| 884|0x00000006dd000000, 0x00000006dd400000, 0x00000006dd400000|100%| E|CS|TAMS 0x00000006dd000000| PB 0x00000006dd000000| Complete |  0
| 885|0x00000006dd400000, 0x00000006dd800000, 0x00000006dd800000|100%| E|CS|TAMS 0x00000006dd400000| PB 0x00000006dd400000| Complete |  0
| 886|0x00000006dd800000, 0x00000006ddc00000, 0x00000006ddc00000|100%| E|CS|TAMS 0x00000006dd800000| PB 0x00000006dd800000| Complete |  0
| 887|0x00000006ddc00000, 0x00000006de000000, 0x00000006de000000|100%| E|CS|TAMS 0x00000006ddc00000| PB 0x00000006ddc00000| Complete |  0
| 888|0x00000006de000000, 0x00000006de400000, 0x00000006de400000|100%| E|CS|TAMS 0x00000006de000000| PB 0x00000006de000000| Complete |  0
| 889|0x00000006de400000, 0x00000006de800000, 0x00000006de800000|100%| E|CS|TAMS 0x00000006de400000| PB 0x00000006de400000| Complete |  0
| 890|0x00000006de800000, 0x00000006dec00000, 0x00000006dec00000|100%| E|CS|TAMS 0x00000006de800000| PB 0x00000006de800000| Complete |  0
| 891|0x00000006dec00000, 0x00000006df000000, 0x00000006df000000|100%| E|CS|TAMS 0x00000006dec00000| PB 0x00000006dec00000| Complete |  0
| 892|0x00000006df000000, 0x00000006df400000, 0x00000006df400000|100%| E|CS|TAMS 0x00000006df000000| PB 0x00000006df000000| Complete |  0
| 893|0x00000006df400000, 0x00000006df800000, 0x00000006df800000|100%| E|CS|TAMS 0x00000006df400000| PB 0x00000006df400000| Complete |  0
| 894|0x00000006df800000, 0x00000006dfc00000, 0x00000006dfc00000|100%| E|CS|TAMS 0x00000006df800000| PB 0x00000006df800000| Complete |  0
| 895|0x00000006dfc00000, 0x00000006e0000000, 0x00000006e0000000|100%| E|CS|TAMS 0x00000006dfc00000| PB 0x00000006dfc00000| Complete |  0
| 896|0x00000006e0000000, 0x00000006e0400000, 0x00000006e0400000|100%| E|CS|TAMS 0x00000006e0000000| PB 0x00000006e0000000| Complete |  0
| 897|0x00000006e0400000, 0x00000006e0800000, 0x00000006e0800000|100%| E|CS|TAMS 0x00000006e0400000| PB 0x00000006e0400000| Complete |  0
| 898|0x00000006e0800000, 0x00000006e0c00000, 0x00000006e0c00000|100%| E|CS|TAMS 0x00000006e0800000| PB 0x00000006e0800000| Complete |  0
| 899|0x00000006e0c00000, 0x00000006e1000000, 0x00000006e1000000|100%| E|CS|TAMS 0x00000006e0c00000| PB 0x00000006e0c00000| Complete |  0
| 900|0x00000006e1000000, 0x00000006e1400000, 0x00000006e1400000|100%| E|CS|TAMS 0x00000006e1000000| PB 0x00000006e1000000| Complete |  0
| 901|0x00000006e1400000, 0x00000006e1800000, 0x00000006e1800000|100%| E|CS|TAMS 0x00000006e1400000| PB 0x00000006e1400000| Complete |  0
| 902|0x00000006e1800000, 0x00000006e1c00000, 0x00000006e1c00000|100%| E|CS|TAMS 0x00000006e1800000| PB 0x00000006e1800000| Complete |  0
| 903|0x00000006e1c00000, 0x00000006e2000000, 0x00000006e2000000|100%| E|CS|TAMS 0x00000006e1c00000| PB 0x00000006e1c00000| Complete |  0
| 904|0x00000006e2000000, 0x00000006e2400000, 0x00000006e2400000|100%| E|CS|TAMS 0x00000006e2000000| PB 0x00000006e2000000| Complete |  0
| 905|0x00000006e2400000, 0x00000006e2800000, 0x00000006e2800000|100%| E|CS|TAMS 0x00000006e2400000| PB 0x00000006e2400000| Complete |  0
| 906|0x00000006e2800000, 0x00000006e2c00000, 0x00000006e2c00000|100%| E|CS|TAMS 0x00000006e2800000| PB 0x00000006e2800000| Complete |  0

Card table byte_map: [0x00000173fc5d0000,0x00000173fd5d0000] _byte_map_base: 0x00000173f95d0000

Marking Bits: (CMBitMap*) 0x00000173f088d420
 Bits: [0x00000173a0000000, 0x00000173a8000000)

Polling page: 0x00000173f04f0000

Metaspace:

Usage:
  Non-class:    188.47 MB used.
      Class:     27.93 MB used.
       Both:    216.40 MB used.

Virtual space:
  Non-class space:      192.00 MB reserved,     190.31 MB (>99%) committed,  3 nodes.
      Class space:        1.00 GB reserved,      29.50 MB (  3%) committed,  1 nodes.
             Both:        1.19 GB reserved,     219.81 MB ( 18%) committed. 

Chunk freelists:
   Non-Class:  1.64 MB
       Class:  2.49 MB
        Both:  4.13 MB

MaxMetaspaceSize: 4.00 GB
CompressedClassSpaceSize: 1.00 GB
Initial GC threshold: 21.00 MB
Current GC threshold: 271.19 MB
CDS: on
 - commit_granule_bytes: 65536.
 - commit_granule_words: 8192.
 - virtual_space_node_default_size: 8388608.
 - enlarge_chunks_in_place: 1.
 - use_allocation_guard: 0.


Internal statistics:

num_allocs_failed_limit: 12.
num_arena_births: 5798.
num_arena_deaths: 22.
num_vsnodes_births: 4.
num_vsnodes_deaths: 0.
num_space_committed: 3516.
num_space_uncommitted: 0.
num_chunks_returned_to_freelist: 49.
num_chunks_taken_from_freelist: 14939.
num_chunk_merges: 23.
num_chunk_splits: 10471.
num_chunks_enlarged: 7497.
num_inconsistent_stats: 0.

CodeHeap 'non-profiled nmethods': size=259328Kb used=23493Kb max_used=23493Kb free=235834Kb
 bounds [0x00000173902c0000, 0x00000173919c0000, 0x00000173a0000000]
CodeHeap 'profiled nmethods': size=259264Kb used=73281Kb max_used=73281Kb free=185982Kb
 bounds [0x0000017380000000, 0x00000173847a0000, 0x000001738fd30000]
CodeHeap 'non-nmethods': size=5696Kb used=3342Kb max_used=3391Kb free=2353Kb
 bounds [0x000001738fd30000, 0x0000017390090000, 0x00000173902c0000]
CodeCache: size=524288Kb, used=100116Kb, max_used=100165Kb, free=424169Kb
 total_blobs=38102, nmethods=36741, adapters=1262, full_count=0
Compilation: enabled, stopped_count=0, restarted_count=0

Compilation events (20 events):
Event: 6793.139 Thread 0x00000173fd826ac0 48657       3       org.jetbrains.kotlin.resolve.calls.CallExpressionResolver::getSimpleNameExpressionTypeInfo (395 bytes)
Event: 6793.151 Thread 0x00000173fd826ac0 nmethod 48657 0x0000017384747908 code [0x00000173847480e0, 0x000001738474ceb0]
Event: 6793.151 Thread 0x00000173fd826ac0 48659       3       org.jetbrains.kotlin.descriptors.impl.EnumEntrySyntheticClassDescriptor::getKind (13 bytes)
Event: 6793.151 Thread 0x00000173fd826ac0 nmethod 48659 0x000001738474d008 code [0x000001738474d120, 0x000001738474d248]
Event: 6793.151 Thread 0x00000173fd826ac0 48658       3       org.jetbrains.kotlin.load.java.structure.impl.classFiles.BinaryJavaField::getAnnotationsByFqName (15 bytes)
Event: 6793.151 Thread 0x00000173fd826ac0 nmethod 48658 0x000001738474d308 code [0x000001738474d440, 0x000001738474d708]
Event: 6793.175 Thread 0x00000173fd826ac0 48661       3       org.jetbrains.kotlin.load.java.typeEnhancement.NotNullTypeParameterImpl::substitutionResult (138 bytes)
Event: 6793.179 Thread 0x00000173fd826ac0 nmethod 48661 0x000001738474d788 code [0x000001738474df80, 0x0000017384752be0]
Event: 6793.194 Thread 0x00000173fd826ac0 48662       3       org.jetbrains.kotlin.resolve.descriptorUtil.DescriptorUtilsKt::getHasClassValueDescriptor (19 bytes)
Event: 6793.195 Thread 0x00000173fd826ac0 nmethod 48662 0x0000017384752d08 code [0x0000017384752f40, 0x0000017384753c60]
Event: 6793.195 Thread 0x00000173fd826ac0 48663       3       org.jetbrains.kotlin.resolve.LazyExplicitImportScope::getContributedClassifier (125 bytes)
Event: 6793.197 Thread 0x00000173fd826ac0 nmethod 48663 0x0000017384753d08 code [0x0000017384754060, 0x0000017384755a40]
Event: 6793.241 Thread 0x00000173fd826ac0 48665       3       org.jetbrains.kotlin.resolve.descriptorUtil.DescriptorUtilsKt::getDenotedClassDescriptor (70 bytes)
Event: 6793.250 Thread 0x00000173fd826ac0 nmethod 48665 0x0000017384755b08 code [0x0000017384755da0, 0x0000017384756ef0]
Event: 6793.250 Thread 0x00000173fd826ac0 48666       3       org.jetbrains.kotlin.com.intellij.psi.impl.source.tree.RecursiveTreeElementWalkingVisitor$1::visit (9 bytes)
Event: 6793.259 Thread 0x00000173fd826ac0 nmethod 48666 0x0000017384757008 code [0x0000017384757160, 0x00000173847575e8]
Event: 6793.259 Thread 0x00000173fd826ac0 48667       3       org.jetbrains.kotlin.com.intellij.psi.impl.source.tree.RecursiveTreeElementWalkingVisitor$1::visit (20 bytes)
Event: 6793.260 Thread 0x00000173fd826ac0 nmethod 48667 0x0000017384757688 code [0x00000173847577c0, 0x0000017384757af0]
Event: 6793.315 Thread 0x00000173fd826ac0 48668       3       org.jetbrains.kotlin.parsing.AllCommentsBinder::getEdgePosition (93 bytes)
Event: 6793.323 Thread 0x00000173fd826ac0 nmethod 48668 0x0000017384757b08 code [0x0000017384757d80, 0x0000017384758dd0]

GC Heap History (20 events):
Event: 6696.458 GC heap before
{Heap before GC invocations=86 (full 0):
 garbage-first heap   total reserved 8388608K, committed 3715072K, used 519832K [0x0000000600000000, 0x0000000800000000)
  region size 4096K, 45 young (184320K), 7 survivors (28672K)
 Metaspace       used 180923K, committed 183936K, reserved 1245184K
  class space    used 23559K, committed 24960K, reserved 1048576K
}
Event: 6696.533 GC heap after
{Heap after GC invocations=87 (full 0):
 garbage-first heap   total reserved 8388608K, committed 3715072K, used 388168K [0x0000000600000000, 0x0000000800000000)
  region size 4096K, 5 young (20480K), 5 survivors (20480K)
 Metaspace       used 180923K, committed 183936K, reserved 1245184K
  class space    used 23559K, committed 24960K, reserved 1048576K
}
Event: 6699.447 GC heap before
{Heap before GC invocations=87 (full 0):
 garbage-first heap   total reserved 8388608K, committed 3715072K, used 552008K [0x0000000600000000, 0x0000000800000000)
  region size 4096K, 45 young (184320K), 5 survivors (20480K)
 Metaspace       used 186555K, committed 189568K, reserved 1245184K
  class space    used 24301K, committed 25728K, reserved 1048576K
}
Event: 6699.481 GC heap after
{Heap after GC invocations=88 (full 0):
 garbage-first heap   total reserved 8388608K, committed 3715072K, used 404111K [0x0000000600000000, 0x0000000800000000)
  region size 4096K, 4 young (16384K), 4 survivors (16384K)
 Metaspace       used 186555K, committed 189568K, reserved 1245184K
  class space    used 24301K, committed 25728K, reserved 1048576K
}
Event: 6701.826 GC heap before
{Heap before GC invocations=88 (full 0):
 garbage-first heap   total reserved 8388608K, committed 3715072K, used 617103K [0x0000000600000000, 0x0000000800000000)
  region size 4096K, 57 young (233472K), 4 survivors (16384K)
 Metaspace       used 187798K, committed 190912K, reserved 1245184K
  class space    used 24381K, committed 25856K, reserved 1048576K
}
Event: 6701.845 GC heap after
{Heap after GC invocations=89 (full 0):
 garbage-first heap   total reserved 8388608K, committed 3715072K, used 403744K [0x0000000600000000, 0x0000000800000000)
  region size 4096K, 4 young (16384K), 4 survivors (16384K)
 Metaspace       used 187798K, committed 190912K, reserved 1245184K
  class space    used 24381K, committed 25856K, reserved 1048576K
}
Event: 6709.203 GC heap before
{Heap before GC invocations=89 (full 0):
 garbage-first heap   total reserved 8388608K, committed 3715072K, used 780576K [0x0000000600000000, 0x0000000800000000)
  region size 4096K, 97 young (397312K), 4 survivors (16384K)
 Metaspace       used 200969K, committed 204096K, reserved 1245184K
  class space    used 26295K, committed 27776K, reserved 1048576K
}
Event: 6709.229 GC heap after
{Heap after GC invocations=90 (full 0):
 garbage-first heap   total reserved 8388608K, committed 3715072K, used 407625K [0x0000000600000000, 0x0000000800000000)
  region size 4096K, 5 young (20480K), 5 survivors (20480K)
 Metaspace       used 200969K, committed 204096K, reserved 1245184K
  class space    used 26295K, committed 27776K, reserved 1048576K
}
Event: 6719.924 GC heap before
{Heap before GC invocations=90 (full 0):
 garbage-first heap   total reserved 8388608K, committed 3715072K, used 993353K [0x0000000600000000, 0x0000000800000000)
  region size 4096K, 149 young (610304K), 5 survivors (20480K)
 Metaspace       used 204742K, committed 208000K, reserved 1245184K
  class space    used 26705K, committed 28224K, reserved 1048576K
}
Event: 6719.977 GC heap after
{Heap after GC invocations=91 (full 0):
 garbage-first heap   total reserved 8388608K, committed 3715072K, used 430799K [0x0000000600000000, 0x0000000800000000)
  region size 4096K, 11 young (45056K), 11 survivors (45056K)
 Metaspace       used 204742K, committed 208000K, reserved 1245184K
  class space    used 26705K, committed 28224K, reserved 1048576K
}
Event: 6728.787 GC heap before
{Heap before GC invocations=91 (full 0):
 garbage-first heap   total reserved 8388608K, committed 3715072K, used 1090255K [0x0000000600000000, 0x0000000800000000)
  region size 4096K, 170 young (696320K), 11 survivors (45056K)
 Metaspace       used 206439K, committed 209792K, reserved 1245184K
  class space    used 26786K, committed 28352K, reserved 1048576K
}
Event: 6728.893 GC heap after
{Heap after GC invocations=92 (full 0):
 garbage-first heap   total reserved 8388608K, committed 3715072K, used 451754K [0x0000000600000000, 0x0000000800000000)
  region size 4096K, 16 young (65536K), 16 survivors (65536K)
 Metaspace       used 206439K, committed 209792K, reserved 1245184K
  class space    used 26786K, committed 28352K, reserved 1048576K
}
Event: 6733.867 GC heap before
{Heap before GC invocations=92 (full 0):
 garbage-first heap   total reserved 8388608K, committed 3715072K, used 935082K [0x0000000600000000, 0x0000000800000000)
  region size 4096K, 133 young (544768K), 16 survivors (65536K)
 Metaspace       used 206928K, committed 210240K, reserved 1245184K
  class space    used 26810K, committed 28352K, reserved 1048576K
}
Event: 6734.005 GC heap after
{Heap after GC invocations=93 (full 0):
 garbage-first heap   total reserved 8388608K, committed 3715072K, used 480079K [0x0000000600000000, 0x0000000800000000)
  region size 4096K, 14 young (57344K), 14 survivors (57344K)
 Metaspace       used 206928K, committed 210240K, reserved 1245184K
  class space    used 26810K, committed 28352K, reserved 1048576K
}
Event: 6758.367 GC heap before
{Heap before GC invocations=93 (full 0):
 garbage-first heap   total reserved 8388608K, committed 3715072K, used 1057615K [0x0000000600000000, 0x0000000800000000)
  region size 4096K, 153 young (626688K), 14 survivors (57344K)
 Metaspace       used 214339K, committed 217728K, reserved 1245184K
  class space    used 27704K, committed 29248K, reserved 1048576K
}
Event: 6758.620 GC heap after
{Heap after GC invocations=94 (full 0):
 garbage-first heap   total reserved 8388608K, committed 3715072K, used 476092K [0x0000000600000000, 0x0000000800000000)
  region size 4096K, 9 young (36864K), 9 survivors (36864K)
 Metaspace       used 214339K, committed 217728K, reserved 1245184K
  class space    used 27704K, committed 29248K, reserved 1048576K
}
Event: 6764.434 GC heap before
{Heap before GC invocations=94 (full 0):
 garbage-first heap   total reserved 8388608K, committed 3715072K, used 713660K [0x0000000600000000, 0x0000000800000000)
  region size 4096K, 67 young (274432K), 9 survivors (36864K)
 Metaspace       used 219696K, committed 223168K, reserved 1245184K
  class space    used 28417K, committed 30016K, reserved 1048576K
}
Event: 6764.547 GC heap after
{Heap after GC invocations=95 (full 0):
 garbage-first heap   total reserved 8388608K, committed 3715072K, used 509833K [0x0000000600000000, 0x0000000800000000)
  region size 4096K, 9 young (36864K), 9 survivors (36864K)
 Metaspace       used 219696K, committed 223168K, reserved 1245184K
  class space    used 28417K, committed 30016K, reserved 1048576K
}
Event: 6784.135 GC heap before
{Heap before GC invocations=95 (full 0):
 garbage-first heap   total reserved 8388608K, committed 3715072K, used 866185K [0x0000000600000000, 0x0000000800000000)
  region size 4096K, 90 young (368640K), 9 survivors (36864K)
 Metaspace       used 221228K, committed 224704K, reserved 1245184K
  class space    used 28587K, committed 30144K, reserved 1048576K
}
Event: 6784.278 GC heap after
{Heap after GC invocations=96 (full 0):
 garbage-first heap   total reserved 8388608K, committed 3715072K, used 535452K [0x0000000600000000, 0x0000000800000000)
  region size 4096K, 7 young (28672K), 7 survivors (28672K)
 Metaspace       used 221228K, committed 224704K, reserved 1245184K
  class space    used 28587K, committed 30144K, reserved 1048576K
}

Dll operation events (16 events):
Event: 0.015 Loaded shared library C:\Program Files\Java\jdk-23\bin\java.dll
Event: 0.041 Loaded shared library C:\Program Files\Java\jdk-23\bin\jsvml.dll
Event: 0.086 Loaded shared library C:\Program Files\Java\jdk-23\bin\zip.dll
Event: 0.091 Loaded shared library C:\Program Files\Java\jdk-23\bin\instrument.dll
Event: 0.096 Loaded shared library C:\Program Files\Java\jdk-23\bin\net.dll
Event: 0.099 Loaded shared library C:\Program Files\Java\jdk-23\bin\nio.dll
Event: 0.103 Loaded shared library C:\Program Files\Java\jdk-23\bin\zip.dll
Event: 0.317 Loaded shared library C:\Program Files\Java\jdk-23\bin\jimage.dll
Event: 0.443 Loaded shared library C:\Program Files\Java\jdk-23\bin\verify.dll
Event: 0.562 Loaded shared library C:\Users\WIDI\.gradle\native\1def1411415f61bf3af743bc5b6707747c0891f09f0c88961ee8f79bc544acac\windows-amd64\native-platform.dll
Event: 0.575 Loaded shared library C:\Users\WIDI\.gradle\native\0.2.7\x86_64-windows-gnu\gradle-fileevents.dll
Event: 1.489 Loaded shared library C:\Program Files\Java\jdk-23\bin\management.dll
Event: 1.495 Loaded shared library C:\Program Files\Java\jdk-23\bin\management_ext.dll
Event: 1.643 Loaded shared library C:\Program Files\Java\jdk-23\bin\extnet.dll
Event: 1.896 Loaded shared library C:\Program Files\Java\jdk-23\bin\sunmscapi.dll
Event: 6641.566 Loaded shared library C:\Program Files\Java\jdk-23\bin\rmi.dll

Deoptimization events (20 events):
Event: 6784.090 Thread 0x000001741c0e5e10 Uncommon trap: trap_request=0xffffff45 fr.pc=0x0000017391432f8c relative=0x000000000000110c
Event: 6784.091 Thread 0x000001741c0e5e10 Uncommon trap: reason=unstable_if action=reinterpret pc=0x0000017391432f8c method=com.google.common.collect.ImmutableSortedMap.fromEntries(Ljava/util/Comparator;Z[Ljava/util/Map$Entry;I)Lcom/google/common/collect/ImmutableSortedMap; @ 76 c2
Event: 6784.091 Thread 0x000001741c0e5e10 DEOPT PACKING pc=0x0000017391432f8c sp=0x00000067024fbe60
Event: 6784.091 Thread 0x000001741c0e5e10 DEOPT UNPACKING pc=0x000001738fd84402 sp=0x00000067024fbe20 mode 2
Event: 6784.319 Thread 0x00000173ef66a890 Uncommon trap: trap_request=0xffffffde fr.pc=0x0000017390de0acc relative=0x0000000000000a6c
Event: 6784.319 Thread 0x00000173ef66a890 Uncommon trap: reason=class_check action=maybe_recompile pc=0x0000017390de0acc method=org.gradle.internal.file.FileHierarchySet$Node.contains(Ljava/lang/String;I)Z @ 55 c2
Event: 6784.319 Thread 0x00000173ef66a890 DEOPT PACKING pc=0x0000017390de0acc sp=0x000000677b8fee20
Event: 6784.319 Thread 0x00000173ef66a890 DEOPT UNPACKING pc=0x000001738fd84402 sp=0x000000677b8fee00 mode 2
Event: 6785.117 Thread 0x0000017403a6df60 Uncommon trap: trap_request=0xffffffde fr.pc=0x000001739181e430 relative=0x0000000000000190
Event: 6785.117 Thread 0x0000017403a6df60 Uncommon trap: reason=class_check action=maybe_recompile pc=0x000001739181e430 method=org.gradle.internal.lazy.UnsafeLazy.get()Ljava/lang/Object; @ 12 c2
Event: 6785.117 Thread 0x0000017403a6df60 DEOPT PACKING pc=0x000001739181e430 sp=0x0000006779cf8f80
Event: 6785.118 Thread 0x0000017403a6df60 DEOPT UNPACKING pc=0x000001738fd84402 sp=0x0000006779cf8f30 mode 2
Event: 6785.118 Thread 0x0000017403a6df60 Uncommon trap: trap_request=0xffffffde fr.pc=0x000001739181e430 relative=0x0000000000000190
Event: 6785.118 Thread 0x0000017403a6df60 Uncommon trap: reason=class_check action=maybe_recompile pc=0x000001739181e430 method=org.gradle.internal.lazy.UnsafeLazy.get()Ljava/lang/Object; @ 12 c2
Event: 6785.118 Thread 0x0000017403a6df60 DEOPT PACKING pc=0x000001739181e430 sp=0x0000006779cf8e10
Event: 6785.118 Thread 0x0000017403a6df60 DEOPT UNPACKING pc=0x000001738fd84402 sp=0x0000006779cf8dc0 mode 2
Event: 6785.118 Thread 0x0000017403a6df60 Uncommon trap: trap_request=0xffffffde fr.pc=0x000001739181e430 relative=0x0000000000000190
Event: 6785.118 Thread 0x0000017403a6df60 Uncommon trap: reason=class_check action=maybe_recompile pc=0x000001739181e430 method=org.gradle.internal.lazy.UnsafeLazy.get()Ljava/lang/Object; @ 12 c2
Event: 6785.118 Thread 0x0000017403a6df60 DEOPT PACKING pc=0x000001739181e430 sp=0x0000006779cf8fe0
Event: 6785.118 Thread 0x0000017403a6df60 DEOPT UNPACKING pc=0x000001738fd84402 sp=0x0000006779cf8f90 mode 2

Classes loaded (20 events):
Event: 6754.691 Loading class java/util/HashMapCustomizer
Event: 6754.691 Loading class java/util/HashMapCustomizer done
Event: 6754.694 Loading class java/util/LinkedHashMapCustomizer
Event: 6754.695 Loading class java/util/LinkedHashMapCustomizer done
Event: 6754.695 Loading class java/util/LinkedHashMapCustomizer
Event: 6754.695 Loading class java/util/LinkedHashMapCustomizer done
Event: 6754.877 Loading class java/util/TreeMap$ValueSpliterator
Event: 6754.879 Loading class java/util/TreeMap$ValueSpliterator done
Event: 6755.694 Loading class sun/reflect/generics/tree/ByteSignature
Event: 6755.696 Loading class sun/reflect/generics/tree/ByteSignature done
Event: 6759.686 Loading class java/lang/ExceptionInInitializerError
Event: 6759.689 Loading class java/lang/ExceptionInInitializerError done
Event: 6759.831 Loading class javax/crypto/NoSuchPaddingException
Event: 6759.833 Loading class javax/crypto/NoSuchPaddingException done
Event: 6760.241 Loading class java/security/cert/CertificateEncodingException
Event: 6760.243 Loading class java/security/cert/CertificateEncodingException done
Event: 6766.506 Loading class sun/reflect/misc/MethodUtil
Event: 6766.509 Loading class sun/reflect/misc/MethodUtil done
Event: 6766.512 Loading class sun/reflect/misc/MethodUtil$1
Event: 6766.513 Loading class sun/reflect/misc/MethodUtil$1 done

Classes unloaded (18 events):
Event: 6535.571 Thread 0x00000173fd7ef2d0 Unloading class 0x00000173aa87a000 '_BuildScript_$_run_closure3'
Event: 6535.571 Thread 0x00000173fd7ef2d0 Unloading class 0x00000173aa879bd0 '_BuildScript_$_run_closure2$_closure7'
Event: 6535.571 Thread 0x00000173fd7ef2d0 Unloading class 0x00000173aa8797e0 '_BuildScript_$_run_closure2'
Event: 6535.571 Thread 0x00000173fd7ef2d0 Unloading class 0x00000173aa8793f0 '_BuildScript_$_run_closure1$_closure5'
Event: 6535.571 Thread 0x00000173fd7ef2d0 Unloading class 0x00000173aa879000 '_BuildScript_$_run_closure1$_closure4$_closure6'
Event: 6535.571 Thread 0x00000173fd7ef2d0 Unloading class 0x00000173aa878928 '_BuildScript_$_run_closure1$_closure4'
Event: 6535.571 Thread 0x00000173fd7ef2d0 Unloading class 0x00000173aa878538 '_BuildScript_$_run_closure1'
Event: 6535.571 Thread 0x00000173fd7ef2d0 Unloading class 0x00000173aa878000 '_BuildScript_'
Event: 6622.940 Thread 0x00000173fd7ef2d0 Unloading class 0x00000173ab63e800 'java/lang/invoke/LambdaForm$DMH+0x00000173ab63e800'
Event: 6622.941 Thread 0x00000173fd7ef2d0 Unloading class 0x00000173ab63e000 'java/lang/invoke/LambdaForm$DMH+0x00000173ab63e000'
Event: 6622.941 Thread 0x00000173fd7ef2d0 Unloading class 0x00000173ab63e400 'java/lang/invoke/LambdaForm$DMH+0x00000173ab63e400'
Event: 6622.941 Thread 0x00000173fd7ef2d0 Unloading class 0x00000173ab63dc00 'java/lang/invoke/LambdaForm$DMH+0x00000173ab63dc00'
Event: 6622.941 Thread 0x00000173fd7ef2d0 Unloading class 0x00000173ab63d800 'java/lang/invoke/LambdaForm$DMH+0x00000173ab63d800'
Event: 6622.941 Thread 0x00000173fd7ef2d0 Unloading class 0x00000173ab63d400 'java/lang/invoke/LambdaForm$DMH+0x00000173ab63d400'
Event: 6622.941 Thread 0x00000173fd7ef2d0 Unloading class 0x00000173ab63d000 'java/lang/invoke/LambdaForm$DMH+0x00000173ab63d000'
Event: 6622.941 Thread 0x00000173fd7ef2d0 Unloading class 0x00000173ab63cc00 'java/lang/invoke/LambdaForm$DMH+0x00000173ab63cc00'
Event: 6622.941 Thread 0x00000173fd7ef2d0 Unloading class 0x00000173ab63c800 'java/lang/invoke/LambdaForm$DMH+0x00000173ab63c800'
Event: 6622.941 Thread 0x00000173fd7ef2d0 Unloading class 0x00000173ab63c000 'java/lang/invoke/LambdaForm$DMH+0x00000173ab63c000'

Classes redefined (0 events):
No events

Internal exceptions (20 events):
Event: 6784.132 Thread 0x000001741c0e5e10 Exception <a 'sun/nio/fs/WindowsException'{0x00000006cc7fe900}> (0x00000006cc7fe900) 
thrown [s\open\src\hotspot\share\prims\jni.cpp, line 520]
Event: 6784.280 Thread 0x000001741c0e5e10 Exception <a 'sun/nio/fs/WindowsException'{0x00000006e28010b8}> (0x00000006e28010b8) 
thrown [s\open\src\hotspot\share\prims\jni.cpp, line 520]
Event: 6784.280 Thread 0x000001741c0e5e10 Exception <a 'sun/nio/fs/WindowsException'{0x00000006e2803550}> (0x00000006e2803550) 
thrown [s\open\src\hotspot\share\prims\jni.cpp, line 520]
Event: 6784.280 Thread 0x000001741c0e5e10 Exception <a 'sun/nio/fs/WindowsException'{0x00000006e2805690}> (0x00000006e2805690) 
thrown [s\open\src\hotspot\share\prims\jni.cpp, line 520]
Event: 6784.289 Thread 0x000001741c0e5e10 Exception <a 'sun/nio/fs/WindowsException'{0x00000006e281e120}> (0x00000006e281e120) 
thrown [s\open\src\hotspot\share\prims\jni.cpp, line 520]
Event: 6784.289 Thread 0x000001741c0e5e10 Exception <a 'sun/nio/fs/WindowsException'{0x00000006e2820288}> (0x00000006e2820288) 
thrown [s\open\src\hotspot\share\prims\jni.cpp, line 520]
Event: 6785.418 Thread 0x0000017403a6df60 Exception <a 'sun/nio/fs/WindowsException'{0x00000006dea22238}> (0x00000006dea22238) 
thrown [s\open\src\hotspot\share\prims\jni.cpp, line 520]
Event: 6785.418 Thread 0x0000017403a6df60 Exception <a 'sun/nio/fs/WindowsException'{0x00000006dea23d20}> (0x00000006dea23d20) 
thrown [s\open\src\hotspot\share\prims\jni.cpp, line 520]
Event: 6786.967 Thread 0x0000017403a6df60 Exception <a 'sun/nio/fs/WindowsException'{0x00000006d3d57ae8}> (0x00000006d3d57ae8) 
thrown [s\open\src\hotspot\share\prims\jni.cpp, line 520]
Event: 6786.969 Thread 0x0000017403a6df60 Exception <a 'sun/nio/fs/WindowsException'{0x00000006d3d59480}> (0x00000006d3d59480) 
thrown [s\open\src\hotspot\share\prims\jni.cpp, line 520]
Event: 6786.971 Thread 0x0000017403a6df60 Exception <a 'sun/nio/fs/WindowsException'{0x00000006d3d63668}> (0x00000006d3d63668) 
thrown [s\open\src\hotspot\share\prims\jni.cpp, line 520]
Event: 6786.974 Thread 0x0000017403a6df60 Exception <a 'sun/nio/fs/WindowsException'{0x00000006d3d6bc10}> (0x00000006d3d6bc10) 
thrown [s\open\src\hotspot\share\prims\jni.cpp, line 520]
Event: 6786.977 Thread 0x0000017403a6df60 Exception <a 'sun/nio/fs/WindowsException'{0x00000006d3d73f90}> (0x00000006d3d73f90) 
thrown [s\open\src\hotspot\share\prims\jni.cpp, line 520]
Event: 6786.979 Thread 0x0000017403a6df60 Exception <a 'sun/nio/fs/WindowsException'{0x00000006d3d7ceb0}> (0x00000006d3d7ceb0) 
thrown [s\open\src\hotspot\share\prims\jni.cpp, line 520]
Event: 6786.981 Thread 0x0000017403a6df60 Exception <a 'sun/nio/fs/WindowsException'{0x00000006d3d84180}> (0x00000006d3d84180) 
thrown [s\open\src\hotspot\share\prims\jni.cpp, line 520]
Event: 6786.983 Thread 0x0000017403a6df60 Exception <a 'sun/nio/fs/WindowsException'{0x00000006d3d8a788}> (0x00000006d3d8a788) 
thrown [s\open\src\hotspot\share\prims\jni.cpp, line 520]
Event: 6786.985 Thread 0x0000017403a6df60 Exception <a 'sun/nio/fs/WindowsException'{0x00000006d3d9a1b8}> (0x00000006d3d9a1b8) 
thrown [s\open\src\hotspot\share\prims\jni.cpp, line 520]
Event: 6786.991 Thread 0x0000017403a6df60 Exception <a 'sun/nio/fs/WindowsException'{0x00000006d3da11d8}> (0x00000006d3da11d8) 
thrown [s\open\src\hotspot\share\prims\jni.cpp, line 520]
Event: 6790.004 Thread 0x0000017403a6df60 Exception <a 'sun/nio/fs/WindowsException'{0x00000006c92f3ca8}> (0x00000006c92f3ca8) 
thrown [s\open\src\hotspot\share\prims\jni.cpp, line 520]
Event: 6790.005 Thread 0x0000017403a6df60 Exception <a 'sun/nio/fs/WindowsException'{0x00000006c92f5fa0}> (0x00000006c92f5fa0) 
thrown [s\open\src\hotspot\share\prims\jni.cpp, line 520]

VM Operations (20 events):
Event: 6709.340 Executing VM operation: HandshakeAllThreads (Deoptimize)
Event: 6709.340 Executing VM operation: HandshakeAllThreads (Deoptimize) done
Event: 6719.918 Executing VM operation: G1CollectForAllocation (G1 Evacuation Pause)
Event: 6719.977 Executing VM operation: G1CollectForAllocation (G1 Evacuation Pause) done
Event: 6728.787 Executing VM operation: G1CollectForAllocation (G1 Evacuation Pause)
Event: 6728.893 Executing VM operation: G1CollectForAllocation (G1 Evacuation Pause) done
Event: 6733.867 Executing VM operation: G1CollectForAllocation (G1 Evacuation Pause)
Event: 6734.006 Executing VM operation: G1CollectForAllocation (G1 Evacuation Pause) done
Event: 6748.404 Executing VM operation: HandshakeAllThreads (Deoptimize)
Event: 6748.405 Executing VM operation: HandshakeAllThreads (Deoptimize) done
Event: 6758.364 Executing VM operation: G1CollectForAllocation (G1 Evacuation Pause)
Event: 6758.620 Executing VM operation: G1CollectForAllocation (G1 Evacuation Pause) done
Event: 6764.432 Executing VM operation: G1CollectForAllocation (G1 Evacuation Pause)
Event: 6764.547 Executing VM operation: G1CollectForAllocation (G1 Evacuation Pause) done
Event: 6767.066 Executing VM operation: HandshakeAllThreads (HandshakeForDeflation)
Event: 6767.067 Executing VM operation: HandshakeAllThreads (HandshakeForDeflation) done
Event: 6767.067 Executing VM operation: RendezvousGCThreads
Event: 6767.067 Executing VM operation: RendezvousGCThreads done
Event: 6784.134 Executing VM operation: G1CollectForAllocation (G1 Evacuation Pause)
Event: 6784.278 Executing VM operation: G1CollectForAllocation (G1 Evacuation Pause) done

Memory protections (0 events):
No events

Nmethod flushes (20 events):
Event: 6623.066 Thread 0x00000173fd7ef2d0 flushing  nmethod 0x00000173811d4c88
Event: 6623.066 Thread 0x00000173fd7ef2d0 flushing  nmethod 0x0000017381207c08
Event: 6623.066 Thread 0x00000173fd7ef2d0 flushing  nmethod 0x00000173812bd288
Event: 6623.066 Thread 0x00000173fd7ef2d0 flushing  nmethod 0x00000173812bd588
Event: 6623.066 Thread 0x00000173fd7ef2d0 flushing  nmethod 0x0000017381432e88
Event: 6623.066 Thread 0x00000173fd7ef2d0 flushing  nmethod 0x0000017381433808
Event: 6623.066 Thread 0x00000173fd7ef2d0 flushing  nmethod 0x000001738143a788
Event: 6623.066 Thread 0x00000173fd7ef2d0 flushing  nmethod 0x0000017381477208
Event: 6623.066 Thread 0x00000173fd7ef2d0 flushing  nmethod 0x0000017381478208
Event: 6623.066 Thread 0x00000173fd7ef2d0 flushing  nmethod 0x00000173814b1b88
Event: 6623.066 Thread 0x00000173fd7ef2d0 flushing  nmethod 0x00000173814e5c88
Event: 6623.066 Thread 0x00000173fd7ef2d0 flushing  nmethod 0x000001738150d208
Event: 6623.066 Thread 0x00000173fd7ef2d0 flushing  nmethod 0x000001738150df08
Event: 6623.066 Thread 0x00000173fd7ef2d0 flushing  nmethod 0x0000017381511588
Event: 6623.066 Thread 0x00000173fd7ef2d0 flushing  nmethod 0x000001738154e588
Event: 6623.066 Thread 0x00000173fd7ef2d0 flushing  nmethod 0x00000173815fa788
Event: 6623.066 Thread 0x00000173fd7ef2d0 flushing  nmethod 0x00000173815fd008
Event: 6623.066 Thread 0x00000173fd7ef2d0 flushing  nmethod 0x0000017381640288
Event: 6623.066 Thread 0x00000173fd7ef2d0 flushing  nmethod 0x0000017381b73188
Event: 6623.066 Thread 0x00000173fd7ef2d0 flushing  nmethod 0x0000017381b78088

Events (20 events):
Event: 6784.776 Thread 0x0000017403a6df60 Thread added: 0x000001741ef952b0
Event: 6784.776 Thread 0x0000017403a6df60 Thread added: 0x000001741ef95940
Event: 6784.777 Thread 0x0000017403a6df60 Thread added: 0x000001741ef931e0
Event: 6784.777 Thread 0x0000017403a6df60 Thread added: 0x000001741ef94590
Event: 6784.777 Thread 0x0000017403a6df60 Thread added: 0x000001741ef93870
Event: 6784.777 Thread 0x0000017403a6df60 Thread added: 0x000001741ef94c20
Event: 6784.777 Thread 0x0000017403a6df60 Thread added: 0x000001741dbfa840
Event: 6784.857 Thread 0x0000017403a6df60 Thread added: 0x000001741cbc5070
Event: 6784.857 Thread 0x0000017403a6df60 Thread added: 0x000001741cbc6420
Event: 6784.858 Thread 0x0000017403a6df60 Thread added: 0x000001741c74a5b0
Event: 6784.858 Thread 0x0000017403a6df60 Thread added: 0x000001741c749200
Event: 6784.858 Thread 0x0000017403a6df60 Thread added: 0x000001741c74b2d0
Event: 6784.859 Thread 0x0000017403a6df60 Thread added: 0x000001741c749890
Event: 6784.860 Thread 0x0000017403a6df60 Thread added: 0x000001741c74bff0
Event: 6784.861 Thread 0x0000017403a6df60 Thread added: 0x000001741c74b960
Event: 6784.864 Thread 0x0000017403a6df60 Thread added: 0x000001741c749f20
Event: 6784.894 Thread 0x0000017403a6df60 Thread added: 0x000001741c74ac40
Event: 6784.895 Thread 0x0000017403a6df60 Thread added: 0x000001741c748b70
Event: 6785.227 Thread 0x0000017403a6df60 Thread added: 0x000001741bf98e80
Event: 6787.521 Thread 0x0000017403a6df60 Thread added: 0x000001741bf9bc70


Dynamic libraries:
0x00007ff6c32d0000 - 0x00007ff6c32e0000 	C:\Program Files\Java\jdk-23\bin\java.exe
0x00007ffe59aa0000 - 0x00007ffe59d07000 	C:\WINDOWS\SYSTEM32\ntdll.dll
0x00007ffe58dc0000 - 0x00007ffe58e89000 	C:\WINDOWS\System32\KERNEL32.DLL
0x00007ffe564d0000 - 0x00007ffe568c7000 	C:\WINDOWS\System32\KERNELBASE.dll
0x00007ffe568d0000 - 0x00007ffe56a1b000 	C:\WINDOWS\System32\ucrtbase.dll
0x00007ffe2f2f0000 - 0x00007ffe2f307000 	C:\Program Files\Java\jdk-23\bin\jli.dll
0x00007ffe2f2d0000 - 0x00007ffe2f2eb000 	C:\Program Files\Java\jdk-23\bin\VCRUNTIME140.dll
0x00007ffe58540000 - 0x00007ffe58706000 	C:\WINDOWS\System32\USER32.dll
0x00007ffe577f0000 - 0x00007ffe57817000 	C:\WINDOWS\System32\win32u.dll
0x00007ffe440c0000 - 0x00007ffe44352000 	C:\WINDOWS\WinSxS\amd64_microsoft.windows.common-controls_6595b64144ccf1df_6.0.26100.8457_none_3e0b2faee331e92d\COMCTL32.dll
0x00007ffe598b0000 - 0x00007ffe59959000 	C:\WINDOWS\System32\msvcrt.dll
0x00007ffe59a30000 - 0x00007ffe59a5b000 	C:\WINDOWS\System32\GDI32.dll
0x00007ffe576c0000 - 0x00007ffe577ec000 	C:\WINDOWS\System32\gdi32full.dll
0x00007ffe574d0000 - 0x00007ffe57573000 	C:\WINDOWS\System32\msvcp_win.dll
0x00007ffe59960000 - 0x00007ffe59992000 	C:\WINDOWS\System32\IMM32.DLL
0x00007ffe2f2c0000 - 0x00007ffe2f2cc000 	C:\Program Files\Java\jdk-23\bin\vcruntime140_1.dll
0x00007ffe1ded0000 - 0x00007ffe1df5e000 	C:\Program Files\Java\jdk-23\bin\msvcp140.dll
0x00007ffd92660000 - 0x00007ffd933af000 	C:\Program Files\Java\jdk-23\bin\server\jvm.dll
0x00007ffe58d00000 - 0x00007ffe58db6000 	C:\WINDOWS\System32\ADVAPI32.dll
0x00007ffe57dd0000 - 0x00007ffe57e77000 	C:\WINDOWS\System32\sechost.dll
0x00007ffe57b10000 - 0x00007ffe57c28000 	C:\WINDOWS\System32\RPCRT4.dll
0x00007ffe599a0000 - 0x00007ffe59a20000 	C:\WINDOWS\System32\WS2_32.dll
0x00007ffe56280000 - 0x00007ffe562de000 	C:\WINDOWS\SYSTEM32\POWRPROF.dll
0x00007ffe4ed90000 - 0x00007ffe4edc6000 	C:\WINDOWS\SYSTEM32\WINMM.dll
0x00007ffe4edd0000 - 0x00007ffe4eddb000 	C:\WINDOWS\SYSTEM32\VERSION.dll
0x00007ffe56260000 - 0x00007ffe56274000 	C:\WINDOWS\SYSTEM32\UMPDC.dll
0x00007ffe55260000 - 0x00007ffe5527b000 	C:\WINDOWS\SYSTEM32\kernel.appcore.dll
0x00007ffe2f2b0000 - 0x00007ffe2f2ba000 	C:\Program Files\Java\jdk-23\bin\jimage.dll
0x00007ffe54310000 - 0x00007ffe54552000 	C:\WINDOWS\SYSTEM32\DBGHELP.DLL
0x00007ffe57e80000 - 0x00007ffe58203000 	C:\WINDOWS\System32\combase.dll
0x00007ffe583d0000 - 0x00007ffe584a9000 	C:\WINDOWS\System32\OLEAUT32.dll
0x00007ffe283d0000 - 0x00007ffe2840b000 	C:\WINDOWS\SYSTEM32\dbgcore.DLL
0x00007ffe57610000 - 0x00007ffe576b8000 	C:\WINDOWS\System32\bcryptPrimitives.dll
0x00007ffe2f2a0000 - 0x00007ffe2f2af000 	C:\Program Files\Java\jdk-23\bin\instrument.dll
0x00007ffe2f170000 - 0x00007ffe2f18e000 	C:\Program Files\Java\jdk-23\bin\java.dll
0x00007ffe59710000 - 0x00007ffe598a7000 	C:\WINDOWS\System32\ole32.dll
0x00007ffe58ec0000 - 0x00007ffe5962e000 	C:\WINDOWS\System32\SHELL32.dll
0x00007ffe56a20000 - 0x00007ffe5728c000 	C:\WINDOWS\System32\windows.storage.dll
0x00007ffe57cc0000 - 0x00007ffe57db6000 	C:\WINDOWS\System32\SHCORE.dll
0x00007ffe58260000 - 0x00007ffe582c6000 	C:\WINDOWS\System32\shlwapi.dll
0x00007ffe563f0000 - 0x00007ffe56419000 	C:\WINDOWS\SYSTEM32\profapi.dll
0x00007ffe10c60000 - 0x00007ffe10d37000 	C:\Program Files\Java\jdk-23\bin\jsvml.dll
0x00007ffe2f150000 - 0x00007ffe2f167000 	C:\Program Files\Java\jdk-23\bin\zip.dll
0x00007ffe2f260000 - 0x00007ffe2f270000 	C:\Program Files\Java\jdk-23\bin\net.dll
0x00007ffe557d0000 - 0x00007ffe5583c000 	C:\WINDOWS\system32\mswsock.dll
0x00007ffe2f090000 - 0x00007ffe2f0a6000 	C:\Program Files\Java\jdk-23\bin\nio.dll
0x00007ffe2f140000 - 0x00007ffe2f150000 	C:\Program Files\Java\jdk-23\bin\verify.dll
0x00007ffe2f270000 - 0x00007ffe2f297000 	C:\Users\WIDI\.gradle\native\1def1411415f61bf3af743bc5b6707747c0891f09f0c88961ee8f79bc544acac\windows-amd64\native-platform.dll
0x00007ffe1de50000 - 0x00007ffe1dec8000 	C:\Users\WIDI\.gradle\native\0.2.7\x86_64-windows-gnu\gradle-fileevents.dll
0x00007ffe2f080000 - 0x00007ffe2f08a000 	C:\Program Files\Java\jdk-23\bin\management.dll
0x00007ffe2f070000 - 0x00007ffe2f07b000 	C:\Program Files\Java\jdk-23\bin\management_ext.dll
0x00007ffe57c30000 - 0x00007ffe57c38000 	C:\WINDOWS\System32\PSAPI.DLL
0x00007ffe54ca0000 - 0x00007ffe54cd2000 	C:\WINDOWS\SYSTEM32\IPHLPAPI.DLL
0x00007ffe59700000 - 0x00007ffe5970a000 	C:\WINDOWS\System32\NSI.dll
0x00007ffe2efc0000 - 0x00007ffe2efc9000 	C:\Program Files\Java\jdk-23\bin\extnet.dll
0x00007ffe55ab0000 - 0x00007ffe55acb000 	C:\WINDOWS\SYSTEM32\CRYPTSP.dll
0x00007ffe551c0000 - 0x00007ffe551f9000 	C:\WINDOWS\system32\rsaenh.dll
0x00007ffe55880000 - 0x00007ffe558b3000 	C:\WINDOWS\SYSTEM32\USERENV.dll
0x00007ffe563c0000 - 0x00007ffe563ea000 	C:\WINDOWS\SYSTEM32\bcrypt.dll
0x00007ffe55ad0000 - 0x00007ffe55adc000 	C:\WINDOWS\SYSTEM32\CRYPTBASE.dll
0x00007ffe2efb0000 - 0x00007ffe2efbe000 	C:\Program Files\Java\jdk-23\bin\sunmscapi.dll
0x00007ffe57350000 - 0x00007ffe574c8000 	C:\WINDOWS\System32\CRYPT32.dll
0x00007ffe55cd0000 - 0x00007ffe55d00000 	C:\WINDOWS\SYSTEM32\ncrypt.dll
0x00007ffe55c80000 - 0x00007ffe55cbf000 	C:\WINDOWS\SYSTEM32\NTASN1.dll
0x00007ffe0c180000 - 0x00007ffe0c188000 	C:\WINDOWS\system32\wshunix.dll
0x00007ffe54d40000 - 0x00007ffe54e72000 	C:\WINDOWS\SYSTEM32\DNSAPI.dll
0x00007ffe4f1e0000 - 0x00007ffe4f1eb000 	C:\Windows\System32\rasadhlp.dll
0x00007ffe51310000 - 0x00007ffe51396000 	C:\WINDOWS\System32\fwpuclnt.dll
0x00007ffe4b700000 - 0x00007ffe4b707000 	C:\Program Files\Java\jdk-23\bin\rmi.dll
0x00007ffe55380000 - 0x00007ffe553b6000 	C:\WINDOWS\SYSTEM32\ntmarta.dll

dbghelp: loaded successfully - version: 4.0.5 - missing functions: none
symbol engine: initialized successfully - sym options: 0x614 - pdb path: .;C:\Program Files\Java\jdk-23\bin;C:\WINDOWS\SYSTEM32;C:\WINDOWS\WinSxS\amd64_microsoft.windows.common-controls_6595b64144ccf1df_6.0.26100.8457_none_3e0b2faee331e92d;C:\Program Files\Java\jdk-23\bin\server;C:\Users\WIDI\.gradle\native\1def1411415f61bf3af743bc5b6707747c0891f09f0c88961ee8f79bc544acac\windows-amd64;C:\Users\WIDI\.gradle\native\0.2.7\x86_64-windows-gnu

VM Arguments:
jvm_args: --add-opens=java.base/java.lang=ALL-UNNAMED --add-opens=java.base/java.lang.invoke=ALL-UNNAMED --add-opens=java.base/java.util=ALL-UNNAMED --add-opens=java.prefs/java.util.prefs=ALL-UNNAMED --add-exports=jdk.compiler/com.sun.tools.javac.api=ALL-UNNAMED --add-exports=jdk.compiler/com.sun.tools.javac.util=ALL-UNNAMED --add-opens=java.base/java.util=ALL-UNNAMED --add-opens=java.prefs/java.util.prefs=ALL-UNNAMED --add-opens=java.base/java.nio.charset=ALL-UNNAMED --add-opens=java.base/java.net=ALL-UNNAMED --add-opens=java.base/java.util.concurrent.atomic=ALL-UNNAMED --add-opens=java.xml/javax.xml.namespace=ALL-UNNAMED -XX:MaxMetaspaceSize=4G -XX:ReservedCodeCacheSize=512m -XX:+HeapDumpOnOutOfMemoryError -Xmx8G -Dfile.encoding=UTF-8 -Duser.country=ID -Duser.language=en -Duser.variant -javaagent:C:\Users\WIDI\.gradle\wrapper\dists\gradle-8.14-all\c2qonpi39x1mddn7hk5gh9iqj\gradle-8.14\lib\agents\gradle-instrumentation-agent-8.14.jar 
java_command: org.gradle.launcher.daemon.bootstrap.GradleDaemon 8.14
java_class_path (initial): C:\Users\WIDI\.gradle\wrapper\dists\gradle-8.14-all\c2qonpi39x1mddn7hk5gh9iqj\gradle-8.14\lib\gradle-daemon-main-8.14.jar
Launcher Type: SUN_STANDARD

[Global flags]
     intx CICompilerCount                          = 4                                         {product} {ergonomic}
     uint ConcGCThreads                            = 3                                         {product} {ergonomic}
     uint G1ConcRefinementThreads                  = 10                                        {product} {ergonomic}
   size_t G1HeapRegionSize                         = 4194304                                   {product} {ergonomic}
     bool HeapDumpOnOutOfMemoryError               = true                                   {manageable} {command line}
   size_t InitialHeapSize                          = 100663296                                 {product} {ergonomic}
   size_t MarkStackSize                            = 4194304                                   {product} {ergonomic}
   size_t MarkStackSizeMax                         = 536870912                                 {product} {ergonomic}
   size_t MaxHeapSize                              = 8589934592                                {product} {command line}
   size_t MaxMetaspaceSize                         = 4294967296                                {product} {command line}
   size_t MaxNewSize                               = 5150605312                                {product} {ergonomic}
   size_t MinHeapDeltaBytes                        = 4194304                                   {product} {ergonomic}
   size_t MinHeapSize                              = 8388608                                   {product} {ergonomic}
    uintx NonNMethodCodeHeapSize                   = 5832704                                {pd product} {ergonomic}
    uintx NonProfiledCodeHeapSize                  = 265551872                              {pd product} {ergonomic}
    uintx ProfiledCodeHeapSize                     = 265486336                              {pd product} {ergonomic}
    uintx ReservedCodeCacheSize                    = 536870912                              {pd product} {command line, ergonomic}
     bool SegmentedCodeCache                       = true                                      {product} {ergonomic}
   size_t SoftMaxHeapSize                          = 8589934592                             {manageable} {ergonomic}
     bool UseCompressedOops                        = true                           {product lp64_product} {ergonomic}
     bool UseG1GC                                  = true                                      {product} {ergonomic}
     bool UseLargePagesIndividualAllocation        = false                                  {pd product} {ergonomic}

Logging:
Log output configuration:
 #0: stdout all=warning uptime,level,tags foldmultilines=false
 #1: stderr all=off uptime,level,tags foldmultilines=false

Environment Variables:
PATH=C:\Users\WIDI\AppData\Local\Programs\Microsoft VS Code;C:\Program Files (x86)\VMware\VMware Workstation\bin\;C:\Program Files\Common Files\Oracle\Java\javapath;C:\WINDOWS\system32;C:\WINDOWS;C:\WINDOWS\System32\Wbem;C:\WINDOWS\System32\WindowsPowerShell\v1.0\;C:\WINDOWS\System32\OpenSSH\;C:\Users\WIDI\Downloads;C:\Program Files\Java\jdk-23\bin;C:\Program Files\Git\cmd;C:\Users\WIDI\AppData\Local\Microsoft\WindowsApps;C:\Users\WIDI\AppData\Local\Programs\Microsoft VS Code\bin;D:\src\flutter\bin;
USERNAME=WIDI
OS=Windows_NT
PROCESSOR_IDENTIFIER=AMD64 Family 25 Model 80 Stepping 0, AuthenticAMD
TMP=C:\Users\WIDI\AppData\Local\Temp
TEMP=C:\Users\WIDI\AppData\Local\Temp




Periodic native trim disabled

---------------  S Y S T E M  ---------------

OS:
 Windows 11 , 64 bit Build 26100 (10.0.26100.8328)
OS uptime: 0 days 2:29 hours
Hyper-V role detected

CPU: total 12 (initial active 12) (12 cores per cpu, 2 threads per core) family 25 model 80 stepping 0 microcode 0xa500014, cx8, cmov, fxsr, ht, mmx, 3dnowpref, sse, sse2, sse3, ssse3, sse4a, sse4.1, sse4.2, popcnt, lzcnt, tsc, tscinvbit, avx, avx2, aes, erms, clmul, bmi1, bmi2, adx, sha, fma, vzeroupper, clflush, clflushopt, hv, rdtscp, rdpid, fsrm, f16c, cet_ss
Processor Information for processor 0
  Max Mhz: 2000, Current Mhz: 1808, Mhz Limit: 2000
Processor Information for processor 1
  Max Mhz: 2000, Current Mhz: 1808, Mhz Limit: 2000
Processor Information for processor 2
  Max Mhz: 2000, Current Mhz: 1808, Mhz Limit: 2000
Processor Information for processor 3
  Max Mhz: 2000, Current Mhz: 1808, Mhz Limit: 2000
Processor Information for processor 4
  Max Mhz: 2000, Current Mhz: 1808, Mhz Limit: 2000
Processor Information for processor 5
  Max Mhz: 2000, Current Mhz: 1808, Mhz Limit: 2000
Processor Information for processor 6
  Max Mhz: 2000, Current Mhz: 2000, Mhz Limit: 2000
Processor Information for processor 7
  Max Mhz: 2000, Current Mhz: 2000, Mhz Limit: 2000
Processor Information for processor 8
  Max Mhz: 2000, Current Mhz: 1808, Mhz Limit: 2000
Processor Information for processor 9
  Max Mhz: 2000, Current Mhz: 1808, Mhz Limit: 2000
Processor Information for processor 10
  Max Mhz: 2000, Current Mhz: 2000, Mhz Limit: 2000
Processor Information for processor 11
  Max Mhz: 2000, Current Mhz: 2000, Mhz Limit: 2000

Memory: 4k page, system-wide physical 5981M (1065M free)
TotalPageFile size 24413M (AvailPageFile size 1M)
current process WorkingSet (physical memory assigned to process): 516M, peak: 1208M
current process commit charge ("private bytes"): 4352M, peak: 4353M

vm_info: Java HotSpot(TM) 64-Bit Server VM (23.0.1+11-39) for windows-amd64 JRE (23.0.1+11-39), built on 2024-09-30T07:20:43Z with MS VC++ 17.6 (VS2022)

END.
