#
# There is insufficient memory for the Java Runtime Environment to continue.
# Native memory allocation (mmap) failed to map 65536 bytes. Error detail: Failed to commit metaspace.
# Possible reasons:
#   The system is out of physical RAM or swap space
#   This process is running with CompressedOops enabled, and the Java Heap may be blocking the growth of the native heap
# Possible solutions:
#   Reduce memory load on the system
#   Increase physical memory or swap space
#   Check if swap backing store is full
#   Decrease Java heap size (-Xmx/-Xms)
#   Decrease number of Java threads
#   Decrease Java thread stack sizes (-Xss)
#   Set larger code cache with -XX:ReservedCodeCacheSize=
#   JVM is running with Zero Based Compressed Oops mode in which the Java heap is
#     placed in the first 32GB address space. The Java Heap base address is the
#     maximum limit for the native heap growth. Please use -XX:HeapBaseMinAddress
#     to set the Java Heap base and to place the Java Heap above 32GB virtual address.
# This output file may be truncated or incomplete.
#
#  Out of Memory Error (virtualSpaceNode.cpp:113), pid=22624, tid=22880
#
# JRE version: Java(TM) SE Runtime Environment (23.0+37) (build 23+37-2369)
# Java VM: Java HotSpot(TM) 64-Bit Server VM (23+37-2369, mixed mode, sharing, tiered, compressed oops, compressed class ptrs, g1 gc, windows-amd64)
# No core dump will be written. Minidumps are not enabled by default on client versions of Windows
#

---------------  S U M M A R Y ------------

Command Line: --add-opens=java.base/java.lang=ALL-UNNAMED --add-opens=java.base/java.lang.invoke=ALL-UNNAMED --add-opens=java.base/java.util=ALL-UNNAMED --add-opens=java.prefs/java.util.prefs=ALL-UNNAMED --add-exports=jdk.compiler/com.sun.tools.javac.api=ALL-UNNAMED --add-exports=jdk.compiler/com.sun.tools.javac.util=ALL-UNNAMED --add-opens=java.base/java.util=ALL-UNNAMED --add-opens=java.prefs/java.util.prefs=ALL-UNNAMED --add-opens=java.base/java.nio.charset=ALL-UNNAMED --add-opens=java.base/java.net=ALL-UNNAMED --add-opens=java.base/java.util.concurrent.atomic=ALL-UNNAMED --add-opens=java.xml/javax.xml.namespace=ALL-UNNAMED -XX:MaxMetaspaceSize=4G -XX:ReservedCodeCacheSize=512m -XX:+HeapDumpOnOutOfMemoryError -Xmx8G -Dfile.encoding=UTF-8 -Duser.country=US -Duser.language=en -Duser.variant -javaagent:C:\Users\syahr\.gradle\wrapper\dists\gradle-8.14-all\c2qonpi39x1mddn7hk5gh9iqj\gradle-8.14\lib\agents\gradle-instrumentation-agent-8.14.jar org.gradle.launcher.daemon.bootstrap.GradleDaemon 8.14

Host: Intel(R) Core(TM) i3-1005G1 CPU @ 1.20GHz, 4 cores, 3G,  Windows 11 , 64 bit Build 26100 (10.0.26100.7920)
Time: Sat May  9 20:41:15 2026 SE Asia Standard Time elapsed time: 81.325997 seconds (0d 0h 1m 21s)

---------------  T H R E A D  ---------------

Current thread (0x0000022b02271040):  JavaThread "Execution worker Thread 3"        [_thread_in_vm, id=22880, stack(0x000000ab72600000,0x000000ab72700000) (1024K)]

Stack: [0x000000ab72600000,0x000000ab72700000]
Native frames: (J=compiled Java code, j=interpreted, Vv=VM code, C=native code)
V  [jvm.dll+0x6e08a9]  (no source info available)
V  [jvm.dll+0x87da63]  (no source info available)
V  [jvm.dll+0x87feee]  (no source info available)
V  [jvm.dll+0x8805c3]  (no source info available)
V  [jvm.dll+0x27aee6]  (no source info available)
V  [jvm.dll+0x87966e]  (no source info available)
V  [jvm.dll+0x682025]  (no source info available)
V  [jvm.dll+0x1e09dc]  (no source info available)
V  [jvm.dll+0x1e07ae]  (no source info available)
V  [jvm.dll+0x684978]  (no source info available)
V  [jvm.dll+0x2219dc]  (no source info available)
V  [jvm.dll+0x682a3e]  (no source info available)
V  [jvm.dll+0x26509f]  (no source info available)
V  [jvm.dll+0x68cdd4]  (no source info available)
V  [jvm.dll+0x211fe1]  (no source info available)
V  [jvm.dll+0x21244a]  (no source info available)
V  [jvm.dll+0x212e71]  (no source info available)
V  [jvm.dll+0x20811e]  (no source info available)
V  [jvm.dll+0x5be6df]  (no source info available)
V  [jvm.dll+0x7f3a66]  (no source info available)
V  [jvm.dll+0x475cf6]  (no source info available)
V  [jvm.dll+0x47bb98]  (no source info available)
C  [java.dll+0x17d4]  (no source info available)
C  0x0000022a9f8ef5fc  (no source info available)

The last pc belongs to native nmethod (printed below).
Java frames: (J=compiled Java code, j=interpreted, Vv=VM code)
J 860  java.lang.ClassLoader.defineClass1(Ljava/lang/ClassLoader;Ljava/lang/String;[BIILjava/security/ProtectionDomain;Ljava/lang/String;)Ljava/lang/Class; java.base@23 (0 bytes) @ 0x0000022a9f8ef561 [0x0000022a9f8ef4a0+0x00000000000000c1]
J 6316 c2 java.security.SecureClassLoader.defineClass(Ljava/lang/String;[BIILjava/security/CodeSource;)Ljava/lang/Class; java.base@23 (16 bytes) @ 0x0000022a9fafdd78 [0x0000022a9fafd360+0x0000000000000a18]
J 7968 c2 java.net.URLClassLoader$1.run()Ljava/lang/Object; java.base@23 (5 bytes) @ 0x0000022a9fba6620 [0x0000022a9fba5680+0x0000000000000fa0]
J 9181 c2 java.net.URLClassLoader.findClass(Ljava/lang/String;)Ljava/lang/Class; java.base@23 (47 bytes) @ 0x0000022a9fc39618 [0x0000022a9fc39560+0x00000000000000b8]
J 8251 c1 org.gradle.internal.classloader.VisitableURLClassLoader$InstrumentingVisitableURLClassLoader.findClass(Ljava/lang/String;)Ljava/lang/Class; (36 bytes) @ 0x0000022a8ffd7de4 [0x0000022a8ffd7d00+0x00000000000000e4]
J 7971 c2 java.lang.ClassLoader.loadClass(Ljava/lang/String;Z)Ljava/lang/Class; java.base@23 (121 bytes) @ 0x0000022a9fba86e8 [0x0000022a9fba83e0+0x0000000000000308]
J 5188 c2 java.lang.ClassLoader.loadClass(Ljava/lang/String;)Ljava/lang/Class; java.base@23 (7 bytes) @ 0x0000022a9fa4693c [0x0000022a9fa46900+0x000000000000003c]
v  ~StubRoutines::call_stub 0x0000022a9f310fcd
j  org.jetbrains.kotlin.compilerRunner.IncrementalCompilationEnvironment.<clinit>()V+0
v  ~StubRoutines::call_stub 0x0000022a9f310fcd
j  org.jetbrains.kotlin.gradle.tasks.KotlinCompile.callCompilerAsync$kotlin_gradle_plugin_common(Lorg/jetbrains/kotlin/cli/common/arguments/K2JVMCompilerArguments;Lorg/gradle/work/InputChanges;Lorg/jetbrains/kotlin/gradle/tasks/TaskOutputsBackup;)V+127
j  org.jetbrains.kotlin.gradle.tasks.KotlinCompile.callCompilerAsync$kotlin_gradle_plugin_common(Lorg/jetbrains/kotlin/cli/common/arguments/CommonCompilerArguments;Lorg/gradle/work/InputChanges;Lorg/jetbrains/kotlin/gradle/tasks/TaskOutputsBackup;)V+7
j  org.jetbrains.kotlin.gradle.tasks.AbstractKotlinCompile.executeImpl(Lorg/gradle/work/InputChanges;Lorg/jetbrains/kotlin/gradle/tasks/TaskOutputsBackup;)V+240
j  org.jetbrains.kotlin.gradle.tasks.AbstractKotlinCompile.execute(Lorg/gradle/work/InputChanges;)V+384
j  java.lang.invoke.LambdaForm$DMH+0x0000022abd018800.invokeSpecial(Ljava/lang/Object;Ljava/lang/Object;Ljava/lang/Object;)V+11 java.base@23
j  java.lang.invoke.LambdaForm$MH+0x0000022abd03b400.invoke(Ljava/lang/Object;Ljava/lang/Object;Ljava/lang/Object;)Ljava/lang/Object;+52 java.base@23
J 2584 c1 jdk.internal.reflect.DirectMethodHandleAccessor.invoke(Ljava/lang/Object;[Ljava/lang/Object;)Ljava/lang/Object; java.base@23 (92 bytes) @ 0x0000022a8f9a6e64 [0x0000022a8f9a5320+0x0000000000001b44]
J 3591 c1 org.gradle.internal.reflect.JavaMethod.invoke(Ljava/lang/Object;[Ljava/lang/Object;)Ljava/lang/Object; (74 bytes) @ 0x0000022a8fb56a0c [0x0000022a8fb564a0+0x000000000000056c]
j  org.gradle.api.internal.project.taskfactory.IncrementalTaskAction.doExecute(Lorg/gradle/api/Task;Ljava/lang/String;)V+28
j  org.gradle.api.internal.project.taskfactory.StandardTaskAction.execute(Lorg/gradle/api/Task;)V+32
j  org.gradle.api.internal.project.taskfactory.IncrementalTaskAction.execute(Lorg/gradle/api/Task;)V+2
j  org.gradle.api.internal.project.taskfactory.StandardTaskAction.execute(Ljava/lang/Object;)V+5
j  org.gradle.api.internal.tasks.execution.TaskExecution$3.run(Lorg/gradle/internal/operations/BuildOperationContext;)V+23
J 8646 c1 org.gradle.internal.operations.DefaultBuildOperationRunner$1.execute(Lorg/gradle/internal/operations/BuildOperation;Lorg/gradle/internal/operations/BuildOperationContext;)V (10 bytes) @ 0x0000022a90059084 [0x0000022a90058e40+0x0000000000000244]
J 7574 c1 org.gradle.internal.operations.DefaultBuildOperationRunner$2.execute(Lorg/gradle/internal/operations/BuildOperationDescriptor;Lorg/gradle/internal/operations/BuildOperationState;Lorg/gradle/internal/operations/BuildOperationState;Lorg/gradle/internal/operations/DefaultBuildOperationRunner$ReadableBuildOperationContext;Lorg/gradle/internal/operations/DefaultBuildOperationRunner$BuildOperationExecutionListener;)Lorg/gradle/internal/operations/BuildOperation; (110 bytes) @ 0x0000022a8ff726cc [0x0000022a8ff724c0+0x000000000000020c]
J 7573 c1 org.gradle.internal.operations.DefaultBuildOperationRunner$2.execute(Lorg/gradle/internal/operations/BuildOperationDescriptor;Lorg/gradle/internal/operations/BuildOperationState;Lorg/gradle/internal/operations/BuildOperationState;Lorg/gradle/internal/operations/DefaultBuildOperationRunner$ReadableBuildOperationContext;Lorg/gradle/internal/operations/DefaultBuildOperationRunner$BuildOperationExecutionListener;)Ljava/lang/Object; (12 bytes) @ 0x0000022a8ff71a1c [0x0000022a8ff719a0+0x000000000000007c]
J 9925 c1 org.gradle.internal.operations.DefaultBuildOperationRunner.execute(Lorg/gradle/internal/operations/BuildOperationDescriptor$Builder;Lorg/gradle/internal/operations/BuildOperationState;Lorg/gradle/internal/operations/DefaultBuildOperationRunner$BuildOperationExecution;)Ljava/lang/Object; (147 bytes) @ 0x0000022a902198cc [0x0000022a90218d60+0x0000000000000b6c]
J 7224 c1 org.gradle.internal.operations.DefaultBuildOperationRunner.execute(Lorg/gradle/internal/operations/BuildOperation;Lorg/gradle/internal/operations/BuildOperationWorker;Lorg/gradle/internal/operations/BuildOperationState;)V (23 bytes) @ 0x0000022a8fef3d24 [0x0000022a8fef3a60+0x00000000000002c4]
J 8645 c1 org.gradle.internal.operations.DefaultBuildOperationRunner.run(Lorg/gradle/internal/operations/RunnableBuildOperation;)V (13 bytes) @ 0x0000022a90058b84 [0x0000022a900587e0+0x00000000000003a4]
j  org.gradle.api.internal.tasks.execution.TaskExecution.executeAction(Ljava/lang/String;Lorg/gradle/api/internal/TaskInternal;Lorg/gradle/api/internal/tasks/InputChangesAwareTaskAction;Lorg/gradle/internal/execution/history/changes/InputChangesInternal;Z)V+30
j  org.gradle.api.internal.tasks.execution.TaskExecution.executeActions(Lorg/gradle/api/internal/TaskInternal;Lorg/gradle/internal/execution/history/changes/InputChangesInternal;)V+131
j  org.gradle.api.internal.tasks.execution.TaskExecution.executeWithPreviousOutputFiles(Lorg/gradle/internal/execution/history/changes/InputChangesInternal;)Lorg/gradle/internal/execution/UnitOfWork$WorkResult;+46
j  org.gradle.api.internal.tasks.execution.TaskExecution.execute(Lorg/gradle/internal/execution/UnitOfWork$ExecutionRequest;)Lorg/gradle/internal/execution/UnitOfWork$WorkOutput;+61
j  org.gradle.internal.execution.steps.ExecuteStep.executeInternal(Lorg/gradle/internal/execution/UnitOfWork;Lorg/gradle/internal/execution/steps/InputChangesContext;)Lorg/gradle/internal/execution/steps/Result;+16
j  org.gradle.internal.execution.steps.ExecuteStep.access$000(Lorg/gradle/internal/execution/UnitOfWork;Lorg/gradle/internal/execution/steps/InputChangesContext;)Lorg/gradle/internal/execution/steps/Result;+2
j  org.gradle.internal.execution.steps.ExecuteStep$1.call(Lorg/gradle/internal/operations/BuildOperationContext;)Lorg/gradle/internal/execution/steps/Result;+8
j  org.gradle.internal.execution.steps.ExecuteStep$1.call(Lorg/gradle/internal/operations/BuildOperationContext;)Ljava/lang/Object;+2
J 7416 c1 org.gradle.internal.operations.DefaultBuildOperationRunner$CallableBuildOperationWorker.execute(Lorg/gradle/internal/operations/BuildOperation;Lorg/gradle/internal/operations/BuildOperationContext;)V (10 bytes) @ 0x0000022a8ff2e48c [0x0000022a8ff2e240+0x000000000000024c]
J 7574 c1 org.gradle.internal.operations.DefaultBuildOperationRunner$2.execute(Lorg/gradle/internal/operations/BuildOperationDescriptor;Lorg/gradle/internal/operations/BuildOperationState;Lorg/gradle/internal/operations/BuildOperationState;Lorg/gradle/internal/operations/DefaultBuildOperationRunner$ReadableBuildOperationContext;Lorg/gradle/internal/operations/DefaultBuildOperationRunner$BuildOperationExecutionListener;)Lorg/gradle/internal/operations/BuildOperation; (110 bytes) @ 0x0000022a8ff726cc [0x0000022a8ff724c0+0x000000000000020c]
J 7573 c1 org.gradle.internal.operations.DefaultBuildOperationRunner$2.execute(Lorg/gradle/internal/operations/BuildOperationDescriptor;Lorg/gradle/internal/operations/BuildOperationState;Lorg/gradle/internal/operations/BuildOperationState;Lorg/gradle/internal/operations/DefaultBuildOperationRunner$ReadableBuildOperationContext;Lorg/gradle/internal/operations/DefaultBuildOperationRunner$BuildOperationExecutionListener;)Ljava/lang/Object; (12 bytes) @ 0x0000022a8ff71a1c [0x0000022a8ff719a0+0x000000000000007c]
J 9925 c1 org.gradle.internal.operations.DefaultBuildOperationRunner.execute(Lorg/gradle/internal/operations/BuildOperationDescriptor$Builder;Lorg/gradle/internal/operations/BuildOperationState;Lorg/gradle/internal/operations/DefaultBuildOperationRunner$BuildOperationExecution;)Ljava/lang/Object; (147 bytes) @ 0x0000022a902198cc [0x0000022a90218d60+0x0000000000000b6c]
J 7224 c1 org.gradle.internal.operations.DefaultBuildOperationRunner.execute(Lorg/gradle/internal/operations/BuildOperation;Lorg/gradle/internal/operations/BuildOperationWorker;Lorg/gradle/internal/operations/BuildOperationState;)V (23 bytes) @ 0x0000022a8fef3d24 [0x0000022a8fef3a60+0x00000000000002c4]
J 7415 c1 org.gradle.internal.operations.DefaultBuildOperationRunner.call(Lorg/gradle/internal/operations/CallableBuildOperation;)Ljava/lang/Object; (24 bytes) @ 0x0000022a8ff2dea4 [0x0000022a8ff2da00+0x00000000000004a4]
j  org.gradle.internal.execution.steps.ExecuteStep.execute(Lorg/gradle/internal/execution/UnitOfWork;Lorg/gradle/internal/execution/steps/ChangingOutputsContext;)Lorg/gradle/internal/execution/steps/Result;+28
j  org.gradle.internal.execution.steps.ExecuteStep.execute(Lorg/gradle/internal/execution/UnitOfWork;Lorg/gradle/internal/execution/steps/Context;)Lorg/gradle/internal/execution/steps/Result;+6
j  org.gradle.internal.execution.steps.CancelExecutionStep.execute(Lorg/gradle/internal/execution/UnitOfWork;Lorg/gradle/internal/execution/steps/Context;)Lorg/gradle/internal/execution/steps/Result;+35
j  org.gradle.internal.execution.steps.TimeoutStep.executeWithoutTimeout(Lorg/gradle/internal/execution/UnitOfWork;Lorg/gradle/internal/execution/steps/Context;)Lorg/gradle/internal/execution/steps/Result;+6
j  org.gradle.internal.execution.steps.TimeoutStep.execute(Lorg/gradle/internal/execution/UnitOfWork;Lorg/gradle/internal/execution/steps/Context;)Lorg/gradle/internal/execution/steps/Result;+92
j  org.gradle.internal.execution.steps.PreCreateOutputParentsStep.execute(Lorg/gradle/internal/execution/UnitOfWork;Lorg/gradle/internal/execution/steps/ChangingOutputsContext;)Lorg/gradle/internal/execution/steps/Result;+24
j  org.gradle.internal.execution.steps.PreCreateOutputParentsStep.execute(Lorg/gradle/internal/execution/UnitOfWork;Lorg/gradle/internal/execution/steps/Context;)Lorg/gradle/internal/execution/steps/Result;+6
j  org.gradle.internal.execution.steps.RemovePreviousOutputsStep.execute(Lorg/gradle/internal/execution/UnitOfWork;Lorg/gradle/internal/execution/steps/ChangingOutputsContext;)Lorg/gradle/internal/execution/steps/Result;+57
j  org.gradle.internal.execution.steps.RemovePreviousOutputsStep.execute(Lorg/gradle/internal/execution/UnitOfWork;Lorg/gradle/internal/execution/steps/Context;)Lorg/gradle/internal/execution/steps/Result;+6
j  org.gradle.internal.execution.steps.BroadcastChangingOutputsStep.execute(Lorg/gradle/internal/execution/UnitOfWork;Lorg/gradle/internal/execution/steps/InputChangesContext;)Lorg/gradle/internal/execution/steps/Result;+53
j  org.gradle.internal.execution.steps.BroadcastChangingOutputsStep.execute(Lorg/gradle/internal/execution/UnitOfWork;Lorg/gradle/internal/execution/steps/Context;)Lorg/gradle/internal/execution/steps/Result;+6
j  org.gradle.internal.execution.steps.CaptureOutputsAfterExecutionStep.execute(Lorg/gradle/internal/execution/UnitOfWork;Lorg/gradle/internal/execution/steps/WorkspaceContext;)Lorg/gradle/internal/execution/steps/AfterExecutionResult;+6
j  org.gradle.internal.execution.steps.CaptureOutputsAfterExecutionStep.execute(Lorg/gradle/internal/execution/UnitOfWork;Lorg/gradle/internal/execution/steps/Context;)Lorg/gradle/internal/execution/steps/Result;+6
j  org.gradle.internal.execution.steps.ResolveInputChangesStep.execute(Lorg/gradle/internal/execution/UnitOfWork;Lorg/gradle/internal/execution/steps/IncrementalCachingContext;)Lorg/gradle/internal/execution/steps/Result;+22
j  org.gradle.internal.execution.steps.ResolveInputChangesStep.execute(Lorg/gradle/internal/execution/UnitOfWork;Lorg/gradle/internal/execution/steps/Context;)Lorg/gradle/internal/execution/steps/Result;+6
j  org.gradle.internal.execution.steps.BuildCacheStep.executeWithoutCache(Lorg/gradle/internal/execution/UnitOfWork;Lorg/gradle/internal/execution/steps/WorkspaceContext;)Lorg/gradle/internal/execution/steps/AfterExecutionResult;+6
j  org.gradle.internal.execution.steps.BuildCacheStep.lambda$execute$1(Lorg/gradle/internal/execution/UnitOfWork;Lorg/gradle/internal/execution/steps/WorkspaceContext;Lorg/gradle/internal/execution/caching/CachingState$Disabled;)Lorg/gradle/internal/execution/steps/AfterExecutionResult;+3
j  org.gradle.internal.execution.steps.BuildCacheStep$$Lambda+0x0000022abdc25ca0.apply(Ljava/lang/Object;)Ljava/lang/Object;+16
j  org.gradle.internal.Either$Right.fold(Ljava/util/function/Function;Ljava/util/function/Function;)Ljava/lang/Object;+5
j  org.gradle.internal.execution.caching.CachingState.fold(Ljava/util/function/Function;Ljava/util/function/Function;)Ljava/lang/Object;+6
j  org.gradle.internal.execution.steps.BuildCacheStep.execute(Lorg/gradle/internal/execution/UnitOfWork;Lorg/gradle/internal/execution/steps/WorkspaceContext;)Lorg/gradle/internal/execution/steps/AfterExecutionResult;+25
j  org.gradle.internal.execution.steps.BuildCacheStep.execute(Lorg/gradle/internal/execution/UnitOfWork;Lorg/gradle/internal/execution/steps/Context;)Lorg/gradle/internal/execution/steps/Result;+6
j  org.gradle.internal.execution.steps.StoreExecutionStateStep.execute(Lorg/gradle/internal/execution/UnitOfWork;Lorg/gradle/internal/execution/steps/PreviousExecutionContext;)Lorg/gradle/internal/execution/steps/AfterExecutionResult;+6
j  org.gradle.internal.execution.steps.StoreExecutionStateStep.execute(Lorg/gradle/internal/execution/UnitOfWork;Lorg/gradle/internal/execution/steps/Context;)Lorg/gradle/internal/execution/steps/Result;+6
j  org.gradle.internal.execution.steps.SkipUpToDateStep.executeBecause(Lorg/gradle/internal/execution/UnitOfWork;Lcom/google/common/collect/ImmutableList;Lorg/gradle/internal/execution/steps/IncrementalChangesContext;)Lorg/gradle/internal/execution/steps/UpToDateResult;+11
j  org.gradle.internal.execution.steps.SkipUpToDateStep.lambda$execute$2(Lorg/gradle/internal/execution/UnitOfWork;Lcom/google/common/collect/ImmutableList;Lorg/gradle/internal/execution/steps/IncrementalChangesContext;)Lorg/gradle/internal/execution/steps/UpToDateResult;+4
j  org.gradle.internal.execution.steps.SkipUpToDateStep$$Lambda+0x0000022abdc25830.get()Ljava/lang/Object;+16
J 4016 c1 java.util.Optional.orElseGet(Ljava/util/function/Supplier;)Ljava/lang/Object; java.base@23 (21 bytes) @ 0x0000022a8fc11514 [0x0000022a8fc113c0+0x0000000000000154]
j  org.gradle.internal.execution.steps.SkipUpToDateStep.execute(Lorg/gradle/internal/execution/UnitOfWork;Lorg/gradle/internal/execution/steps/IncrementalChangesContext;)Lorg/gradle/internal/execution/steps/UpToDateResult;+65
j  org.gradle.internal.execution.steps.SkipUpToDateStep.execute(Lorg/gradle/internal/execution/UnitOfWork;Lorg/gradle/internal/execution/steps/Context;)Lorg/gradle/internal/execution/steps/Result;+6
j  org.gradle.internal.execution.steps.legacy.MarkSnapshottingInputsFinishedStep.execute(Lorg/gradle/internal/execution/UnitOfWork;Lorg/gradle/internal/execution/steps/CachingContext;)Lorg/gradle/internal/execution/steps/Result;+18
j  org.gradle.internal.execution.steps.legacy.MarkSnapshottingInputsFinishedStep.execute(Lorg/gradle/internal/execution/UnitOfWork;Lorg/gradle/internal/execution/steps/Context;)Lorg/gradle/internal/execution/steps/Result;+6
j  org.gradle.internal.execution.steps.ResolveIncrementalCachingStateStep.executeDelegate(Lorg/gradle/internal/execution/UnitOfWork;Lorg/gradle/internal/execution/steps/IncrementalChangesContext;Lorg/gradle/internal/execution/caching/CachingState;)Lorg/gradle/internal/execution/steps/UpToDateResult;+14
j  org.gradle.internal.execution.steps.ResolveIncrementalCachingStateStep.executeDelegate(Lorg/gradle/internal/execution/UnitOfWork;Lorg/gradle/internal/execution/steps/ValidationFinishedContext;Lorg/gradle/internal/execution/caching/CachingState;)Lorg/gradle/internal/execution/steps/UpToDateResult;+7
j  org.gradle.internal.execution.steps.AbstractResolveCachingStateStep.execute(Lorg/gradle/internal/execution/UnitOfWork;Lorg/gradle/internal/execution/steps/ValidationFinishedContext;)Lorg/gradle/internal/execution/steps/CachingResult;+51
j  org.gradle.internal.execution.steps.AbstractResolveCachingStateStep.execute(Lorg/gradle/internal/execution/UnitOfWork;Lorg/gradle/internal/execution/steps/Context;)Lorg/gradle/internal/execution/steps/Result;+6
j  org.gradle.internal.execution.steps.ResolveChangesStep.execute(Lorg/gradle/internal/execution/UnitOfWork;Lorg/gradle/internal/execution/steps/ValidationFinishedContext;)Lorg/gradle/internal/execution/steps/Result;+43
j  org.gradle.internal.execution.steps.ResolveChangesStep.execute(Lorg/gradle/internal/execution/UnitOfWork;Lorg/gradle/internal/execution/steps/Context;)Lorg/gradle/internal/execution/steps/Result;+6
j  org.gradle.internal.execution.steps.ValidateStep.execute(Lorg/gradle/internal/execution/UnitOfWork;Lorg/gradle/internal/execution/steps/BeforeExecutionContext;)Lorg/gradle/internal/execution/steps/Result;+255
j  org.gradle.internal.execution.steps.ValidateStep.execute(Lorg/gradle/internal/execution/UnitOfWork;Lorg/gradle/internal/execution/steps/Context;)Lorg/gradle/internal/execution/steps/Result;+6
j  org.gradle.internal.execution.steps.AbstractCaptureStateBeforeExecutionStep.execute(Lorg/gradle/internal/execution/UnitOfWork;Lorg/gradle/internal/execution/steps/PreviousExecutionContext;)Lorg/gradle/internal/execution/steps/CachingResult;+32
j  org.gradle.internal.execution.steps.AbstractCaptureStateBeforeExecutionStep.execute(Lorg/gradle/internal/execution/UnitOfWork;Lorg/gradle/internal/execution/steps/Context;)Lorg/gradle/internal/execution/steps/Result;+6
j  org.gradle.internal.execution.steps.AbstractSkipEmptyWorkStep.executeWithNonEmptySources(Lorg/gradle/internal/execution/UnitOfWork;Lorg/gradle/internal/execution/steps/WorkspaceContext;)Lorg/gradle/internal/execution/steps/CachingResult;+12
j  org.gradle.internal.execution.steps.AbstractSkipEmptyWorkStep.execute(Lorg/gradle/internal/execution/UnitOfWork;Lorg/gradle/internal/execution/steps/WorkspaceContext;)Lorg/gradle/internal/execution/steps/CachingResult;+83
j  org.gradle.internal.execution.steps.AbstractSkipEmptyWorkStep.execute(Lorg/gradle/internal/execution/UnitOfWork;Lorg/gradle/internal/execution/steps/Context;)Lorg/gradle/internal/execution/steps/Result;+6
j  org.gradle.internal.execution.steps.legacy.MarkSnapshottingInputsStartedStep.execute(Lorg/gradle/internal/execution/UnitOfWork;Lorg/gradle/internal/execution/steps/Context;)Lorg/gradle/internal/execution/steps/Result;+12
j  org.gradle.internal.execution.steps.LoadPreviousExecutionStateStep.execute(Lorg/gradle/internal/execution/UnitOfWork;Lorg/gradle/internal/execution/steps/WorkspaceContext;)Lorg/gradle/internal/execution/steps/AfterExecutionResult;+42
j  org.gradle.internal.execution.steps.LoadPreviousExecutionStateStep.execute(Lorg/gradle/internal/execution/UnitOfWork;Lorg/gradle/internal/execution/steps/Context;)Lorg/gradle/internal/execution/steps/Result;+6
j  org.gradle.internal.execution.steps.HandleStaleOutputsStep.execute(Lorg/gradle/internal/execution/UnitOfWork;Lorg/gradle/internal/execution/steps/WorkspaceContext;)Lorg/gradle/internal/execution/steps/AfterExecutionResult;+21
j  org.gradle.internal.execution.steps.HandleStaleOutputsStep.execute(Lorg/gradle/internal/execution/UnitOfWork;Lorg/gradle/internal/execution/steps/Context;)Lorg/gradle/internal/execution/steps/Result;+6
j  org.gradle.internal.execution.steps.AssignMutableWorkspaceStep.lambda$execute$0(Lorg/gradle/internal/execution/steps/IdentityContext;Lorg/gradle/internal/execution/UnitOfWork;Ljava/io/File;Lorg/gradle/internal/execution/history/ExecutionHistoryStore;)Lorg/gradle/internal/execution/steps/WorkspaceResult;+30
j  org.gradle.internal.execution.steps.AssignMutableWorkspaceStep$$Lambda+0x0000022abdbf9e90.executeInWorkspace(Ljava/io/File;Lorg/gradle/internal/execution/history/ExecutionHistoryStore;)Ljava/lang/Object;+14
j  org.gradle.api.internal.tasks.execution.TaskExecution$4.withWorkspace(Ljava/lang/String;Lorg/gradle/internal/execution/workspace/MutableWorkspaceProvider$WorkspaceAction;)Ljava/lang/Object;+33
j  org.gradle.internal.execution.steps.AssignMutableWorkspaceStep.execute(Lorg/gradle/internal/execution/UnitOfWork;Lorg/gradle/internal/execution/steps/IdentityContext;)Lorg/gradle/internal/execution/steps/WorkspaceResult;+26
j  org.gradle.internal.execution.steps.AssignMutableWorkspaceStep.execute(Lorg/gradle/internal/execution/UnitOfWork;Lorg/gradle/internal/execution/steps/Context;)Lorg/gradle/internal/execution/steps/Result;+6
j  org.gradle.internal.execution.steps.ChoosePipelineStep.execute(Lorg/gradle/internal/execution/UnitOfWork;Lorg/gradle/internal/execution/steps/IdentityContext;)Lorg/gradle/internal/execution/steps/Result;+32
j  org.gradle.internal.execution.steps.ChoosePipelineStep.execute(Lorg/gradle/internal/execution/UnitOfWork;Lorg/gradle/internal/execution/steps/Context;)Lorg/gradle/internal/execution/steps/Result;+6
j  org.gradle.internal.execution.steps.ExecuteWorkBuildOperationFiringStep.lambda$execute$2(Lorg/gradle/internal/execution/UnitOfWork;Lorg/gradle/internal/execution/steps/IdentityContext;)Lorg/gradle/internal/execution/steps/CachingResult;+6
j  org.gradle.internal.execution.steps.ExecuteWorkBuildOperationFiringStep$$Lambda+0x0000022abd4bd460.get()Ljava/lang/Object;+12
J 4016 c1 java.util.Optional.orElseGet(Ljava/util/function/Supplier;)Ljava/lang/Object; java.base@23 (21 bytes) @ 0x0000022a8fc11514 [0x0000022a8fc113c0+0x0000000000000154]
j  org.gradle.internal.execution.steps.ExecuteWorkBuildOperationFiringStep.execute(Lorg/gradle/internal/execution/UnitOfWork;Lorg/gradle/internal/execution/steps/IdentityContext;)Lorg/gradle/internal/execution/steps/CachingResult;+25
j  org.gradle.internal.execution.steps.ExecuteWorkBuildOperationFiringStep.execute(Lorg/gradle/internal/execution/UnitOfWork;Lorg/gradle/internal/execution/steps/Context;)Lorg/gradle/internal/execution/steps/Result;+6
j  org.gradle.internal.execution.steps.IdentityCacheStep.execute(Lorg/gradle/internal/execution/UnitOfWork;Lorg/gradle/internal/execution/steps/IdentityContext;)Lorg/gradle/internal/execution/steps/WorkspaceResult;+6
j  org.gradle.internal.execution.steps.IdentityCacheStep.execute(Lorg/gradle/internal/execution/UnitOfWork;Lorg/gradle/internal/execution/steps/Context;)Lorg/gradle/internal/execution/steps/Result;+6
j  org.gradle.internal.execution.steps.IdentifyStep.execute(Lorg/gradle/internal/execution/UnitOfWork;Lorg/gradle/internal/execution/steps/ExecutionRequestContext;)Lorg/gradle/internal/execution/steps/Result;+11
j  org.gradle.internal.execution.steps.IdentifyStep.execute(Lorg/gradle/internal/execution/UnitOfWork;Lorg/gradle/internal/execution/steps/Context;)Lorg/gradle/internal/execution/steps/Result;+6
j  org.gradle.internal.execution.impl.DefaultExecutionEngine$1.execute()Lorg/gradle/internal/execution/ExecutionEngine$Result;+15
j  org.gradle.api.internal.tasks.execution.ExecuteActionsTaskExecuter.executeIfValid(Lorg/gradle/api/internal/TaskInternal;Lorg/gradle/api/internal/tasks/TaskStateInternal;Lorg/gradle/api/internal/tasks/TaskExecutionContext;Lorg/gradle/api/internal/tasks/execution/TaskExecution;)Lorg/gradle/api/internal/tasks/TaskExecuterResult;+54
j  org.gradle.api.internal.tasks.execution.ExecuteActionsTaskExecuter.execute(Lorg/gradle/api/internal/TaskInternal;Lorg/gradle/api/internal/tasks/TaskStateInternal;Lorg/gradle/api/internal/tasks/TaskExecutionContext;)Lorg/gradle/api/internal/tasks/TaskExecuterResult;+65
j  org.gradle.api.internal.tasks.execution.ProblemsTaskPathTrackingTaskExecuter.execute(Lorg/gradle/api/internal/TaskInternal;Lorg/gradle/api/internal/tasks/TaskStateInternal;Lorg/gradle/api/internal/tasks/TaskExecutionContext;)Lorg/gradle/api/internal/tasks/TaskExecuterResult;+35
j  org.gradle.api.internal.tasks.execution.FinalizePropertiesTaskExecuter.execute(Lorg/gradle/api/internal/TaskInternal;Lorg/gradle/api/internal/tasks/TaskStateInternal;Lorg/gradle/api/internal/tasks/TaskExecutionContext;)Lorg/gradle/api/internal/tasks/TaskExecuterResult;+61
j  org.gradle.api.internal.tasks.execution.ResolveTaskExecutionModeExecuter.execute(Lorg/gradle/api/internal/TaskInternal;Lorg/gradle/api/internal/tasks/TaskStateInternal;Lorg/gradle/api/internal/tasks/TaskExecutionContext;)Lorg/gradle/api/internal/tasks/TaskExecuterResult;+56
j  org.gradle.api.internal.tasks.execution.SkipTaskWithNoActionsExecuter.execute(Lorg/gradle/api/internal/TaskInternal;Lorg/gradle/api/internal/tasks/TaskStateInternal;Lorg/gradle/api/internal/tasks/TaskExecutionContext;)Lorg/gradle/api/internal/tasks/TaskExecuterResult;+120
j  org.gradle.api.internal.tasks.execution.SkipOnlyIfTaskExecuter.execute(Lorg/gradle/api/internal/TaskInternal;Lorg/gradle/api/internal/tasks/TaskStateInternal;Lorg/gradle/api/internal/tasks/TaskExecutionContext;)Lorg/gradle/api/internal/tasks/TaskExecuterResult;+199
j  org.gradle.api.internal.tasks.execution.CatchExceptionTaskExecuter.execute(Lorg/gradle/api/internal/TaskInternal;Lorg/gradle/api/internal/tasks/TaskStateInternal;Lorg/gradle/api/internal/tasks/TaskExecutionContext;)Lorg/gradle/api/internal/tasks/TaskExecuterResult;+7
j  org.gradle.api.internal.tasks.execution.EventFiringTaskExecuter$1.executeTask(Lorg/gradle/internal/operations/BuildOperationContext;)Lorg/gradle/api/internal/tasks/TaskExecuterResult;+136
j  org.gradle.api.internal.tasks.execution.EventFiringTaskExecuter$1.call(Lorg/gradle/internal/operations/BuildOperationContext;)Lorg/gradle/api/internal/tasks/TaskExecuterResult;+2
j  org.gradle.api.internal.tasks.execution.EventFiringTaskExecuter$1.call(Lorg/gradle/internal/operations/BuildOperationContext;)Ljava/lang/Object;+2
J 7416 c1 org.gradle.internal.operations.DefaultBuildOperationRunner$CallableBuildOperationWorker.execute(Lorg/gradle/internal/operations/BuildOperation;Lorg/gradle/internal/operations/BuildOperationContext;)V (10 bytes) @ 0x0000022a8ff2e48c [0x0000022a8ff2e240+0x000000000000024c]
J 7574 c1 org.gradle.internal.operations.DefaultBuildOperationRunner$2.execute(Lorg/gradle/internal/operations/BuildOperationDescriptor;Lorg/gradle/internal/operations/BuildOperationState;Lorg/gradle/internal/operations/BuildOperationState;Lorg/gradle/internal/operations/DefaultBuildOperationRunner$ReadableBuildOperationContext;Lorg/gradle/internal/operations/DefaultBuildOperationRunner$BuildOperationExecutionListener;)Lorg/gradle/internal/operations/BuildOperation; (110 bytes) @ 0x0000022a8ff726cc [0x0000022a8ff724c0+0x000000000000020c]
J 7573 c1 org.gradle.internal.operations.DefaultBuildOperationRunner$2.execute(Lorg/gradle/internal/operations/BuildOperationDescriptor;Lorg/gradle/internal/operations/BuildOperationState;Lorg/gradle/internal/operations/BuildOperationState;Lorg/gradle/internal/operations/DefaultBuildOperationRunner$ReadableBuildOperationContext;Lorg/gradle/internal/operations/DefaultBuildOperationRunner$BuildOperationExecutionListener;)Ljava/lang/Object; (12 bytes) @ 0x0000022a8ff71a1c [0x0000022a8ff719a0+0x000000000000007c]
J 7429 c1 org.gradle.internal.operations.DefaultBuildOperationRunner.execute(Lorg/gradle/internal/operations/BuildOperationDescriptor$Builder;Lorg/gradle/internal/operations/BuildOperationState;Lorg/gradle/internal/operations/DefaultBuildOperationRunner$BuildOperationExecution;)Ljava/lang/Object; (147 bytes) @ 0x0000022a8ff332fc [0x0000022a8ff327e0+0x0000000000000b1c]
J 7224 c1 org.gradle.internal.operations.DefaultBuildOperationRunner.execute(Lorg/gradle/internal/operations/BuildOperation;Lorg/gradle/internal/operations/BuildOperationWorker;Lorg/gradle/internal/operations/BuildOperationState;)V (23 bytes) @ 0x0000022a8fef3d24 [0x0000022a8fef3a60+0x00000000000002c4]
J 7415 c1 org.gradle.internal.operations.DefaultBuildOperationRunner.call(Lorg/gradle/internal/operations/CallableBuildOperation;)Ljava/lang/Object; (24 bytes) @ 0x0000022a8ff2dea4 [0x0000022a8ff2da00+0x00000000000004a4]
j  org.gradle.api.internal.tasks.execution.EventFiringTaskExecuter.execute(Lorg/gradle/api/internal/TaskInternal;Lorg/gradle/api/internal/tasks/TaskStateInternal;Lorg/gradle/api/internal/tasks/TaskExecutionContext;)Lorg/gradle/api/internal/tasks/TaskExecuterResult;+15
j  org.gradle.execution.plan.LocalTaskNodeExecutor.execute(Lorg/gradle/execution/plan/Node;Lorg/gradle/api/internal/tasks/NodeExecutionContext;)Z+87
j  org.gradle.execution.taskgraph.DefaultTaskExecutionGraph$InvokeNodeExecutorsAction.execute(Lorg/gradle/execution/plan/Node;)V+46
j  org.gradle.execution.taskgraph.DefaultTaskExecutionGraph$InvokeNodeExecutorsAction.execute(Ljava/lang/Object;)V+5
j  org.gradle.execution.taskgraph.DefaultTaskExecutionGraph$BuildOperationAwareExecutionAction.lambda$execute$0(Lorg/gradle/execution/plan/Node;)V+5
j  org.gradle.execution.taskgraph.DefaultTaskExecutionGraph$BuildOperationAwareExecutionAction$$Lambda+0x0000022abdbd6f08.run()V+8
j  org.gradle.internal.operations.CurrentBuildOperationRef.with(Lorg/gradle/internal/operations/BuildOperationRef;Ljava/lang/Runnable;)V+11
j  org.gradle.execution.taskgraph.DefaultTaskExecutionGraph$BuildOperationAwareExecutionAction.execute(Lorg/gradle/execution/plan/Node;)V+14
j  org.gradle.execution.taskgraph.DefaultTaskExecutionGraph$BuildOperationAwareExecutionAction.execute(Ljava/lang/Object;)V+5
j  org.gradle.execution.plan.DefaultPlanExecutor$ExecutorWorker.execute(Ljava/lang/Object;Lorg/gradle/execution/plan/WorkSource;Lorg/gradle/api/Action;)V+14
j  org.gradle.execution.plan.DefaultPlanExecutor$ExecutorWorker.run()V+75
J 5931 c1 org.gradle.internal.concurrent.ExecutorPolicy$CatchAndRecordFailures.onExecute(Ljava/lang/Runnable;)V (29 bytes) @ 0x0000022a8fd4fc64 [0x0000022a8fd4fb40+0x0000000000000124]
j  org.gradle.internal.concurrent.AbstractManagedExecutor$1.run()V+25
j  java.util.concurrent.ThreadPoolExecutor.runWorker(Ljava/util/concurrent/ThreadPoolExecutor$Worker;)V+92 java.base@23
j  java.util.concurrent.ThreadPoolExecutor$Worker.run()V+5 java.base@23
j  java.lang.Thread.runWith(Ljava/lang/Object;Ljava/lang/Runnable;)V+5 java.base@23
j  java.lang.Thread.run()V+19 java.base@23
v  ~StubRoutines::call_stub 0x0000022a9f310fcd
Lock stack of current Java thread (top to bottom):
LockStack[0]: java.lang.Object 
{0x0000000606358710} - klass: 'java/lang/Object'
 - ---- fields (total size 2 words):


Compiled method (n/a) 82854  860     n 0       java.lang.ClassLoader::defineClass1 (native)
 total in heap  [0x0000022a9f8ef388,0x0000022a9f8efa40] = 1720
 relocation     [0x0000022a9f8ef460,0x0000022a9f8ef4a0] = 64
 main code      [0x0000022a9f8ef4a0,0x0000022a9f8efa3f] = 1439
 stub code      [0x0000022a9f8efa3f,0x0000022a9f8efa40] = 1

[Constant Pool (empty)]

[MachCode]
[Entry Point]
  # {method} {0x0000022abc478b68} 'defineClass1' '(Ljava/lang/ClassLoader;Ljava/lang/String;[BIILjava/security/ProtectionDomain;Ljava/lang/String;)Ljava/lang/Class;' in 'java/lang/ClassLoader'
  # parm0:    rdx:rdx   = 'java/lang/ClassLoader'
  # parm1:    r8:r8     = 'java/lang/String'
  # parm2:    r9:r9     = '[B'
  # parm3:    rdi       = int
  # parm4:    rsi       = int
  # parm5:    rcx:rcx   = 'java/security/ProtectionDomain'
  # parm6:    [sp+0xa0]   = 'java/lang/String'  (sp of caller)
  0x0000022a9f8ef4a0: 6690 448b | 5208 443b 

  0x0000022a9f8ef4a8: ;   {runtime_call ic_miss_stub}
  0x0000022a9f8ef4a8: 5008 0f85 | 30f2 a6ff 
[Verified Entry Point]
  0x0000022a9f8ef4b0: 8984 2400 | 80ff ff55 | 488b ec48 | 81ec 9000 | 0000 6690 | 4181 7f20 | 1900 0000 

  0x0000022a9f8ef4cc: ;   {runtime_call StubRoutines (final stubs)}
  0x0000022a9f8ef4cc: 7405 e88d | aea5 ff48 | 837d 1000 | 488d 4510 | 480f 4445 | 1048 8944 | 2440 4889 | 4c24 7048 
  0x0000022a9f8ef4ec: 83f9 0048 | 8d44 2470 | 480f 4444 | 2470 4889 | 4424 3848 | 8974 2430 | 4889 7c24 | 284c 894c 
  0x0000022a9f8ef50c: 2458 4983 | f900 488d | 4424 5848 | 0f44 4424 | 5848 8944 | 2420 4c89 | 4424 5049 | 83f8 004c 
  0x0000022a9f8ef52c: 8d4c 2450 | 4c0f 444c | 2450 4889 | 5424 4848 | 83fa 004c | 8d44 2448 | 4c0f 4444 

  0x0000022a9f8ef548: ;   {oop(a 'java/lang/Class'{0x0000000600444c80} = 'java/lang/ClassLoader')}
  0x0000022a9f8ef548: 2448 49be | 804c 4400 | 0600 0000 | 4c89 7424 | 784c 8d74 | 2478 498b | d6c5 f877 

  0x0000022a9f8ef564: ;   {internal_word}
  0x0000022a9f8ef564: 49ba 61f5 | 8e9f 2a02 | 0000 4d89 | 97a8 0300 | 0049 89a7 | a003 0000 

  0x0000022a9f8ef57c: ;   {external_word}
  0x0000022a9f8ef57c: 49ba 41ad | c327 fd7f | 0000 4180 | 3a00 0f84 | 4e00 0000 | 5241 5041 

  0x0000022a9f8ef594: ;   {metadata({method} {0x0000022abc478b68} 'defineClass1' '(Ljava/lang/ClassLoader;Ljava/lang/String;[BIILjava/security/ProtectionDomain;Ljava/lang/String;)Ljava/lang/Class;' in 'java/lang/ClassLoader')}
  0x0000022a9f8ef594: 5148 ba60 | 8b47 bc2a | 0200 0049 | 8bcf 4883 | ec20 40f6 | c40f 0f84 | 1900 0000 | 4883 ec08 
  0x0000022a9f8ef5b4: ;   {runtime_call}
  0x0000022a9f8ef5b4: 48b8 00ee | 7327 fd7f | 0000 ffd0 | 4883 c408 | e90c 0000 

  0x0000022a9f8ef5c8: ;   {runtime_call}
  0x0000022a9f8ef5c8: 0048 b800 | ee73 27fd | 7f00 00ff | d048 83c4 | 2041 5941 | 585a 498d | 8fc0 0300 | 0041 c787 
  0x0000022a9f8ef5e8: 4404 0000 | 0400 0000 

  0x0000022a9f8ef5f0: ;   {runtime_call}
  0x0000022a9f8ef5f0: 48b8 9416 | 0f66 fd7f | 0000 ffd0 | c5f8 7741 | c787 4404 | 0000 0500 | 0000 f083 | 4424 c000 
  0x0000022a9f8ef610: 493b af48 | 0400 000f | 870e 0000 | 0041 83bf | 4004 0000 | 000f 842b | 0000 00c5 | f877 4889 
  0x0000022a9f8ef630: 45f8 498b | cf4c 8be4 | 4883 ec20 | 4883 e4f0 

  0x0000022a9f8ef640: ;   {runtime_call}
  0x0000022a9f8ef640: 48b8 90a9 | 3d27 fd7f | 0000 ffd0 | 498b e44d | 33e4 488b | 45f8 41c7 | 8744 0400 | 0008 0000 
  0x0000022a9f8ef660: 0041 83bf | c804 0000 | 020f 84a3 

  0x0000022a9f8ef66c: ;   {external_word}
  0x0000022a9f8ef66c: 0300 0049 | ba41 adc3 | 27fd 7f00 | 0041 803a | 000f 844c | 0000 0048 

  0x0000022a9f8ef684: ;   {metadata({method} {0x0000022abc478b68} 'defineClass1' '(Ljava/lang/ClassLoader;Ljava/lang/String;[BIILjava/security/ProtectionDomain;Ljava/lang/String;)Ljava/lang/Class;' in 'java/lang/ClassLoader')}
  0x0000022a9f8ef684: 8945 f848 | ba60 8b47 | bc2a 0200 | 0049 8bcf | 4883 ec20 | 40f6 c40f | 0f84 1900 | 0000 4883 
  0x0000022a9f8ef6a4: ;   {runtime_call}
  0x0000022a9f8ef6a4: ec08 48b8 | 00ee 7327 | fd7f 0000 | ffd0 4883 | c408 e90c 

  0x0000022a9f8ef6b8: ;   {runtime_call}
  0x0000022a9f8ef6b8: 0000 0048 | b800 ee73 | 27fd 7f00 | 00ff d048 | 83c4 2048 | 8b45 f849 | c787 a003 | 0000 0000 
  0x0000022a9f8ef6d8: 0000 49c7 | 87a8 0300 | 0000 0000 | 00c5 f877 | 4885 c00f | 84fe 0200 | 00a8 030f | 8508 0000 
  0x0000022a9f8ef6f8: 0048 8b00 | e9ee 0200 | 00a8 010f | 8509 0000 | 0048 8b40 | fee9 dd02 | 0000 488b | 40ff 4180 
  0x0000022a9f8ef718: 7f38 000f | 84ce 0200 | 0048 83f8 | 000f 84c4 | 0200 0049 | 8b4f 2848 | 83f9 000f | 8414 0000 
  0x0000022a9f8ef738: 0048 83e9 | 0849 894f | 2849 034f | 3048 8901 | e9a2 0200 | 0048 81ec | 5001 0000 | 4889 0424 
  0x0000022a9f8ef758: 4889 4c24 | 0848 8954 | 2410 4889 | 7424 1848 | 897c 2420 | 4c89 4424 | 284c 894c | 2430 4c89 
  0x0000022a9f8ef778: 5424 384c | 895c 2440 | c5fb 1144 | 2450 c5fb | 114c 2458 | c5fb 1154 | 2460 c5fb | 115c 2468 
  0x0000022a9f8ef798: c5fb 1164 | 2470 c5fb | 116c 2478 | c5fb 11b4 | 2480 0000 | 00c5 fb11 | bc24 8800 | 0000 c57b 
  0x0000022a9f8ef7b8: ;   {no_reloc}
  0x0000022a9f8ef7b8: 1184 2490 | 0000 00c5 | 7b11 8c24 | 9800 0000 | c57b 1194 | 24a0 0000 | 00c5 7b11 | 9c24 a800 
  0x0000022a9f8ef7d8: 0000 c57b | 11a4 24b0 | 0000 00c5 | 7b11 ac24 | b800 0000 | c57b 11b4 | 24c0 0000 | 00c5 7b11 
  0x0000022a9f8ef7f8: bc24 c800 | 0000 62e1 | ff08 1144 | 241a 62e1 | ff08 114c | 241b 62e1 | ff08 1154 | 241c 62e1 
  0x0000022a9f8ef818: ff08 115c | 241d 62e1 | ff08 1164 | 241e 62e1 | ff08 116c | 241f 62e1 | ff08 1174 | 2420 62e1 
  0x0000022a9f8ef838: ff08 117c | 2421 6261 | ff08 1144 | 2422 6261 | ff08 114c | 2423 6261 | ff08 1154 | 2424 6261 
  0x0000022a9f8ef858: ff08 115c | 2425 6261 | ff08 1164 | 2426 6261 | ff08 116c | 2427 6261 | ff08 1174 | 2428 6261 
  0x0000022a9f8ef878: ff08 117c | 2429 498b | d748 8bc8 | 4883 ec20 | 40f6 c40f | 0f84 1900 | 0000 4883 

  0x0000022a9f8ef894: ;   {runtime_call}
  0x0000022a9f8ef894: ec08 48b8 | e007 3127 | fd7f 0000 | ffd0 4883 | c408 e90c 

  0x0000022a9f8ef8a8: ;   {runtime_call}
  0x0000022a9f8ef8a8: 0000 0048 | b8e0 0731 | 27fd 7f00 | 00ff d048 | 83c4 2062 | 61ff 0810 | 7c24 2962 | 61ff 0810 
  0x0000022a9f8ef8c8: 7424 2862 | 61ff 0810 | 6c24 2762 | 61ff 0810 | 6424 2662 | 61ff 0810 | 5c24 2562 | 61ff 0810 
  0x0000022a9f8ef8e8: 5424 2462 | 61ff 0810 | 4c24 2362 | 61ff 0810 | 4424 2262 | e1ff 0810 | 7c24 2162 | e1ff 0810 
  0x0000022a9f8ef908: 7424 2062 | e1ff 0810 | 6c24 1f62 | e1ff 0810 | 6424 1e62 | e1ff 0810 | 5c24 1d62 | e1ff 0810 
  0x0000022a9f8ef928: 5424 1c62 | e1ff 0810 | 4c24 1b62 | e1ff 0810 | 4424 1ac5 | 7b10 bc24 | c800 0000 | c57b 10b4 
  0x0000022a9f8ef948: 24c0 0000 | 00c5 7b10 | ac24 b800 | 0000 c57b | 10a4 24b0 | 0000 00c5 | 7b10 9c24 | a800 0000 
  0x0000022a9f8ef968: c57b 1094 | 24a0 0000 | 00c5 7b10 | 8c24 9800 | 0000 c57b | 1084 2490 | 0000 00c5 | fb10 bc24 
  0x0000022a9f8ef988: 8800 0000 | c5fb 10b4 | 2480 0000 | 00c5 fb10 | 6c24 78c5 | fb10 6424 | 70c5 fb10 | 5c24 68c5 
  0x0000022a9f8ef9a8: ;   {no_reloc}
  0x0000022a9f8ef9a8: fb10 5424 | 60c5 fb10 | 4c24 58c5 | fb10 4424 | 504c 8b5c | 2440 4c8b | 5424 384c | 8b4c 2430 
  0x0000022a9f8ef9c8: 4c8b 4424 | 2848 8b7c | 2420 488b | 7424 1848 | 8b54 2410 | 488b 4c24 | 0848 8b04 | 2448 81c4 
  0x0000022a9f8ef9e8: 5001 0000 | c5f8 7749 | 8b8f 3004 | 0000 c781 | 0001 0000 | 0000 0000 | c949 837f | 0800 0f85 
  0x0000022a9f8efa08: 0100 0000 

  0x0000022a9f8efa0c: ;   {runtime_call StubRoutines (initial stubs)}
  0x0000022a9f8efa0c: c3e9 ae14 | a2ff c5f8 | 7748 8945 | f84c 8be4 | 4883 ec20 | 4883 e4f0 

  0x0000022a9f8efa24: ;   {runtime_call}
  0x0000022a9f8efa24: 48b8 b022 | 7427 fd7f | 0000 ffd0 | 498b e44d | 33e4 488b | 45f8 e930 | fcff fff4 
[/MachCode]


Compiled method (c2) 82866 6316       4       java.security.SecureClassLoader::defineClass (16 bytes)
 total in heap  [0x0000022a9fafce88,0x0000022a9fb00f98] = 16656
 relocation     [0x0000022a9fafcf60,0x0000022a9fafd350] = 1008
 main code      [0x0000022a9fafd360,0x0000022a9fb00b38] = 14296
 stub code      [0x0000022a9fb00b38,0x0000022a9fb00ca8] = 368
 oops           [0x0000022a9fb00ca8,0x0000022a9fb00cc0] = 24
 metadata       [0x0000022a9fb00cc0,0x0000022a9fb00f98] = 728
 immutable data [0x0000022b01646ea0,0x0000022b01648de8] = 8008
 dependencies   [0x0000022b01646ea0,0x0000022b01646f58] = 184
 nul chk table  [0x0000022b01646f58,0x0000022b01647008] = 176
 handler table  [0x0000022b01647008,0x0000022b01647410] = 1032
 scopes pcs     [0x0000022b01647410,0x0000022b01647bf0] = 2016
 scopes data    [0x0000022b01647bf0,0x0000022b01648de8] = 4600

[Constant Pool (empty)]

[MachCode]
[Instructions begin]
  0x0000022a9fafd360: 6690 448b | 5208 443b 

  0x0000022a9fafd368: ;   {runtime_call ic_miss_stub}
  0x0000022a9fafd368: 5008 0f85 | 7013 86ff 
[Verified Entry Point]
  0x0000022a9fafd370: 8984 2400 | 80ff ff55 | 4881 ecb0 | 0000 0090 | 4181 7f20 | 1900 0000 | 0f85 a037 | 0000 8974 
  0x0000022a9fafd390: 2444 897c | 2440 4c89 | 4c24 384c | 8944 2430 | 4889 5424 | 2848 8be9 | 4885 c90f | 848b 2800 
  0x0000022a9fafd3b0: 004d 8b87 | b801 0000 | 4d8b d049 | 83c2 104d | 3b97 c801 | 0000 0f83 | b120 0000 | 4d89 97b8 
  0x0000022a9fafd3d0: 0100 0041 | 0f0d 8ac0 | 0000 0049 | c700 0100 

  0x0000022a9fafd3e0: ;   {metadata('java/security/SecureClassLoader$CodeSourceKey')}
  0x0000022a9fafd3e0: 0000 41c7 | 4008 d847 | 2300 4c8b | dd49 c1eb | 0345 8958 | 0c4d 8b8f | b801 0000 | 4c8b 5424 
  0x0000022a9fafd400: 2841 8b6a | 504d 8bd1 | 4983 c210 | 4d3b 97c8 | 0100 000f | 8338 2000 | 004d 8997 | b801 0000 
  0x0000022a9fafd420: 410f 0d8a | c000 0000 | 49c7 0101 

  0x0000022a9fafd42c: ;   {metadata('java/security/SecureClassLoader$1')}
  0x0000022a9fafd42c: 0000 0041 | c741 0828 | 4c23 004c | 8b54 2428 | 4d8b da49 | c1eb 0345 | 8959 0c45 | 8b5c ec08 
  0x0000022a9fafd44c: ;   {metadata('java/util/concurrent/ConcurrentHashMap')}
  0x0000022a9fafd44c: 4181 fb40 | bc1a 000f | 85d7 2500 | 0049 8d14 | ec66 6690 

  0x0000022a9fafd460: ;   {optimized virtual_call}
  0x0000022a9fafd460: c5f8 77e8 

  0x0000022a9fafd464: ; ImmutableOopMap {[40]=Oop [48]=Oop [56]=Oop }
                      ;*invokeinterface computeIfAbsent {reexecute=0 rethrow=0 return_oop=1}
                      ; - java.security.SecureClassLoader::getProtectionDomain@28 (line 222)
                      ; - java.security.SecureClassLoader::defineClass@9 (line 150)
  0x0000022a9fafd464: e8a3 1300 

  0x0000022a9fafd468: ;   {other}
  0x0000022a9fafd468: 0f1f 8400 | e005 0000 

  0x0000022a9fafd470: ; implicit exception: dispatches to 0x0000022a9fb00710
  0x0000022a9fafd470: 448b 5008 

  0x0000022a9fafd474: ;   {metadata('java/security/ProtectionDomain')}
  0x0000022a9fafd474: 4181 fa00 | 7d16 000f | 85b3 3100 | 0048 8944 | 2448 4c8b | 5424 3045 | 8b52 1447 | 8b5c d40c 
  0x0000022a9fafd494: 4585 db0f | 86df 2500 | 004c 8b44 | 2430 450f | be40 1045 | 85c0 0f85 | c026 0000 | 4f8d 0cd4 
  0x0000022a9fafd4b4: 4f8d 74d4 | 10b8 2f00 | 0000 498b | fe41 8bd3 | 488b df83 | fa10 0f8c | 7900 0000 | 83fa 200f 
  0x0000022a9fafd4d4: 8c36 0000 | 00c5 f96e | c8c4 e27d | 78c9 c5ed | efd2 8bca | 83e1 e083 | e21f c5fe | 6f03 c5fd 
  0x0000022a9fafd4f4: 74c1 c4e2 | 7d17 d00f | 8369 0000 | 0048 83c3 | 2083 e920 | 75e4 e90d | 0000 00c5 | f96e c8c5 
  0x0000022a9fafd514: e9ef d2c4 | e271 00ca | 83fa 100f | 8c24 0000 | 008b ca83 | e1f0 83e2 | 0fc5 fa6f | 03c5 f974 
  0x0000022a9fafd534: c1c4 e279 | 17d0 0f83 | 2a00 0000 | 4883 c310 | 83e9 1075 | e485 d20f | 8412 0000 | 000f b60b 
  0x0000022a9fafd554: 3bc1 741c | 4883 c301 | 83ea 0174 | 02eb eebb | ffff ffff | eb0d c5fd | d7c8 0fbc 

  0x0000022a9fafd570: ;   {no_reloc}
  0x0000022a9fafd570: c148 03d8 | 482b df83 | fbff 0f85 | 1026 0000 | 410f b62e | 83fd 5b0f | 84e3 2600 | 00c4 c23a 
  0x0000022a9fafd590: f7cb 8d59 | fb85 db7c | 0e45 0fbe | 0641 83f8 | 6a0f 8450 | 1000 0048 | 8b5c 2428 | 4c8b 4424 
  0x0000022a9fafd5b0: 4845 8b68 | 1044 8bc1 | 41ff c841 | 8bd3 ffca | 443b c244 | 0f4f c245 | 85c0 0f8c | e800 0000 
  0x0000022a9fafd5d0: 453b c30f | 8317 2400 | 0041 8bf0 | ffce 430f | be54 0110 | 83fa 2e0f | 84fb 0300 | 0041 8bf8 
  0x0000022a9fafd5f0: ffcf 3bfe | 7e05 448b | c7eb e383 | ff02 0f8e | 9424 0000 | 41ff c841 | 8d50 fe33 | ff41 83f8 
  0x0000022a9fafd610: 020f 4cd7 | 81fa a00f | 0000 bfa0 | 0f00 000f | 47d7 418b | f82b fa66 | 0f1f 8400 | 0000 0000 
  0x0000022a9fafd630: 4963 c041 | 0fbe 5401 | 1083 fa2e | 0f84 a603 | 0000 410f | be74 010f | 83fe 2e0f | 8488 0300 
  0x0000022a9fafd650: 0041 0fbe | 5401 0e83 | fa2e 0f84 | 7e03 0000 | 410f be54 | 010d 83fa | 2e0f 8475 | 0300 0041 
  0x0000022a9fafd670: ;   {no_reloc}
  0x0000022a9fafd670: 83c0 fc44 | 3bc7 7fb8 | 498b 8750 | 0400 0048 | 8b7c 2428 | 488b 5424 | 3048 8b74 

  0x0000022a9fafd68c: ; ImmutableOopMap {r10=NarrowOop r9=Oop r14=Derived_oop_r9 rbx=Oop rdi=Oop rdx=Oop rsi=Oop r13=NarrowOop [40]=Oop [48]=Oop [56]=Oop [72]=Oop }
                      ;*goto {reexecute=1 rethrow=0 return_oop=0}
                      ; - (reexecute) java.lang.StringLatin1::lastIndexOf@35 (line 395)
                      ; - java.lang.String::lastIndexOf@13 (line 2664)
                      ; - java.lang.String::lastIndexOf@8 (line 2626)
                      ; - java.lang.ClassLoader::checkCerts@3 (line 1161)
                      ; - java.lang.ClassLoader::preDefineClass@113 (line 918)
                      ; - java.lang.ClassLoader::defineClass@4 (line 1024)
                      ; - java.security.SecureClassLoader::defineClass@12 (line 150)
                      ;   {poll}
  0x0000022a9fafd68c: 2448 8500 | 4183 f802 | 0f8f 6dff | ffff 4183 | f8ff 7e18 | 430f be7c | 0110 83ff | 2e0f 8439 
  0x0000022a9fafd6ac: 0300 0041 | ffc8 4183 | f8ff 7fe8 | 41b8 ffff | ffff e925 | 0300 0041 | ffc8 eb0a | 4183 c0fe 
  0x0000022a9fafd6cc: eb04 4183 | c0fd 4183 | f8ff 0f84 | 5102 0000 | 418b fbff | c744 3bc7 | 0f83 4228 | 0000 453b 
  0x0000022a9fafd6ec: c30f 8465 | 0f00 0045 | 85c0 0f84 | b61f 0000 | 498b 9fb8 | 0100 004c | 8bdb 4983 | c318 4d3b 
  0x0000022a9fafd70c: 9fc8 0100 | 000f 834e | 2000 004d | 899f b801 | 0000 410f | 0d8b c000 | 0000 48c7 | 0301 0000 
  0x0000022a9fafd72c: 004c 8bdb | 4983 c310 

  0x0000022a9fafd734: ;   {metadata('java/lang/String')}
  0x0000022a9fafd734: c743 08d0 | 0d17 0044 | 8963 0cc5 | fdef c0c4 | c179 d603 | 4f8d 5ccc | 1045 3bc2 | 0f85 9c00 
  0x0000022a9fafd754: 0000 4963 | f241 81fa | 0000 1000 | 0f87 3621 | 0000 498b | bfb8 0100 | 004c 8d46 | 1749 83e0 
  0x0000022a9fafd774: f848 8bcf | 4903 c849 | 3b8f c801 | 0000 0f83 | 1421 0000 | 4989 8fb8 | 0100 000f | 0d89 c000 
  0x0000022a9fafd794: 0000 48c7 | 0701 0000 | 000f 0d89 | 0001 0000 

  0x0000022a9fafd7a4: ;   {metadata({type array byte})}
  0x0000022a9fafd7a4: c747 0810 | 5d16 0044 | 8957 0c0f | 0d89 4001 | 0000 0f0d | 8980 0100 | 0048 8bd7 | 4883 c210 
  0x0000022a9fafd7c4: 4883 c607 | 48c1 ee03 | 498b cb4c | 8bc6 c5f8 | 7749 ba80 | 5b34 9f2a | 0200 0041 

  0x0000022a9fafd7e0: ;   {other}
  0x0000022a9fafd7e0: ffd2 0f1f | 8400 0000 | 0000 488b | f7e9 da00 | 0000 453b | d041 8bca | 410f 4fc8 | 894c 2434 
  0x0000022a9fafd800: 443b d10f | 82f2 2500 | 0044 3bc1 | 0f82 e925 | 0000 458b | c84d 63c9 | 4983 c117 | 498b f948 
  0x0000022a9fafd820: 83e7 f841 | 81f8 0000 | 1000 0f87 | c11f 0000 | 498b b7b8 | 0100 004c | 8bd6 4c03 | d74d 3b97 
  0x0000022a9fafd840: c801 0000 | 0f83 a71f | 0000 4d89 | 97b8 0100 | 0041 0f0d | 8ac0 0000 | 0048 c706 | 0100 0000 
  0x0000022a9fafd860: 410f 0d8a | 0001 0000 

  0x0000022a9fafd868: ;   {metadata({type array byte})}
  0x0000022a9fafd868: c746 0810 | 5d16 0044 | 8946 0c41 | 0f0d 8a40 | 0100 0041 | 0f0d 8a80 | 0100 004c | 8bd6 4983 
  0x0000022a9fafd888: c210 49c1 | e903 8b6c | 2434 85ed | 0f84 ee24 | 0000 413b | e80f 8c95 | 1400 0048 | 83c7 f048 
  0x0000022a9fafd8a8: c1ef 0349 | 8bcb 498b | d24c 8bc7 | c5f8 7749 | ba80 5b34 | 9f2a 0200 | 0041 ffd2 

  0x0000022a9fafd8c4: ;   {other}
  0x0000022a9fafd8c4: 0f1f 8400 | 0000 0000 | 4180 7f38 | 000f 85d2 | 1300 004c | 8bd3 4c8b | c649 c1e8 | 0344 8943 
  0x0000022a9fafd8e4: 144c 8bde | 4d33 da49 | c1eb 164d | 85db 741a | 49c1 ea09 | 48b9 0000 | 80ad 2a02 | 0000 4903 
  0x0000022a9fafd904: ca80 3902 | 0f85 d213 | 0000 4488 | 6310 488b | d366 6690 

  0x0000022a9fafd918: ;   {optimized virtual_call}
  0x0000022a9fafd918: c5f8 77e8 

  0x0000022a9fafd91c: ; ImmutableOopMap {[40]=Oop [72]=Oop [104]=Oop }
                      ;*invokevirtual intern {reexecute=0 rethrow=0 return_oop=1}
                      ; - java.lang.Class::getPackageName@65 (line 1258)
                      ; - java.lang.ClassLoader::postDefineClass@2 (line 935)
                      ; - java.lang.ClassLoader::defineClass@37 (line 1027)
                      ; - java.security.SecureClassLoader::defineClass@12 (line 150)
  0x0000022a9fafd91c: 108d dbff 

  0x0000022a9fafd920: ;   {other}
  0x0000022a9fafd920: 0f1f 8400 | 980a 0002 | 4889 4424 | 5041 807f | 3800 0f85 | 3513 0000 | 4c8b 5424 | 6848 8b5c 
  0x0000022a9fafd940: 2450 4c8b | c349 c1e8 | 034c 8b5c | 2468 4589 | 433c 4c8b | db4d 33da | 49c1 eb16 | 4d85 db0f 
  0x0000022a9fafd960: 8472 0500 | 0048 85db | 0f84 6905 | 0000 49c1 | ea09 48b9 | 0000 80ad | 2a02 0000 | 4903 ca80 
  0x0000022a9fafd980: 3902 0f84 | 4f05 0000 | 4d8b 5740 | 4d8b 5f48 | f083 4424 | c000 8039 | 000f 8438 | 0500 0044 
  0x0000022a9fafd9a0: 8821 4d85 | d275 2049 | 8bd7 c5f8 | 7749 bac0 | 0731 27fd | 7f00 0041 

  0x0000022a9fafd9b8: ;   {other}
  0x0000022a9fafd9b8: ffd2 0f1f | 8400 0000 | 0000 e910 | 0500 004b | 894c 13f8 | 4983 c2f8 | 4d89 5740 | e9fe 0400 
  0x0000022a9fafd9d8: 0041 ffc8 | eb0a 4183 | c0fe eb04 | 4183 c0fd | 4183 f8ff | 0f84 7f11 | 0000 8bd1 | ffc2 443b 
  0x0000022a9fafd9f8: c20f 8389 | 2200 0044 | 3bc1 0f84 | e50b 0000 | 4585 c00f | 8489 1700 | 0049 8bb7 | b801 0000 
  0x0000022a9fafda18: 488b ce48 | 83c1 1849 | 3b8f c801 | 0000 0f83 | fd1b 0000 | 4989 8fb8 | 0100 000f | 0d89 c000 
  0x0000022a9fafda38: 0000 48c7 | 0601 0000 | 0048 8bfe | 4883 c710 

  0x0000022a9fafda48: ;   {metadata('java/lang/String')}
  0x0000022a9fafda48: c746 08d0 | 0d17 0044 | 8966 0cc5 | fdef c0c5 | f9d6 0745 | 3bc3 0f85 | c800 0000 | 4d63 c341 
  0x0000022a9fafda68: 81fb 0000 | 1000 0f87 | dd1d 0000 | 498b bfb8 | 0100 0049 | 8d48 1748 | 83e1 f848 | 8bd7 4803 
  0x0000022a9fafda88: d149 3b97 | c801 0000 | 0f83 bb1d | 0000 4989 | 97b8 0100 | 000f 0d8a | c000 0000 | 48c7 0701 
  0x0000022a9fafdaa8: 0000 000f | 0d8a 0001 

  0x0000022a9fafdab0: ;   {metadata({type array byte})}
  0x0000022a9fafdab0: 0000 c747 | 0810 5d16 | 0044 895f | 0c0f 0d8a | 4001 0000 | 0f0d 8a80 | 0100 004c | 8974 2458 
  0x0000022a9fafdad0: 4889 5c24 | 6044 896c | 2424 4889 | 7424 684c | 8944 2470 | 488b d748 | 83c2 104c | 8b44 2470 
  0x0000022a9fafdaf0: 4983 c007 | 49c1 e803 | 488b 4c24 | 58c5 f877 | 49ba 805b | 349f 2a02 | 0000 41ff 

  0x0000022a9fafdb0c: ;   {other}
  0x0000022a9fafdb0c: d20f 1f84 | 0000 0000 | 0048 8b5c | 2460 448b | 6c24 2448 | 8b74 2468 | 4c8b dfe9 | d500 0000 
  0x0000022a9fafdb2c: 453b d841 | 8beb 410f | 4fe8 443b | dd0f 82d4 | 1f00 0044 | 3bc5 0f82 | cb1f 0000 | 458b d84d 
  0x0000022a9fafdb4c: 63d3 4983 | c217 498b | ca48 83e1 | f841 81f8 | 0000 1000 | 0f87 5b1b | 0000 4d8b | 9fb8 0100 
  0x0000022a9fafdb6c: 0049 8bfb | 4803 f949 | 3bbf c801 | 0000 0f83 | 411b 0000 | 4989 bfb8 | 0100 000f | 0d8f c000 
  0x0000022a9fafdb8c: 0000 49c7 | 0301 0000 | 000f 0d8f | 0001 0000 

  0x0000022a9fafdb9c: ;   {metadata({type array byte})}
  0x0000022a9fafdb9c: 41c7 4308 | 105d 1600 | 4589 430c | 0f0d 8f40 | 0100 000f | 0d8f 8001 | 0000 4d8b | cb49 83c1 
  0x0000022a9fafdbbc: 1049 c1ea | 0385 ed0f | 84d7 1e00 | 0041 3be8 | 0f8c ae0f | 0000 498b | fb48 83c1 | f048 c1e9 
  0x0000022a9fafdbdc: 034c 8bc1 | 498b ce49 | 8bd1 c5f8 | 7749 ba80 | 5b34 9f2a | 0200 0041 

  0x0000022a9fafdbf4: ;   {other}
  0x0000022a9fafdbf4: ffd2 0f1f | 8400 0000 | 0000 4c8b | df41 807f | 3800 0f85 | dd0e 0000 | 4c8b d64d | 8bcb 49c1 
  0x0000022a9fafdc14: e903 4489 | 4e14 4d33 | da49 c1eb | 164d 85db | 741a 49c1 | ea09 48b9 | 0000 80ad | 2a02 0000 
  0x0000022a9fafdc34: 4903 ca80 | 3902 0f85 | e00e 0000 | 4488 6610 | 488b fe45 | 85ed 741c | 478b 44ec | 1445 85c0 
  0x0000022a9fafdc54: 0f85 820b | 0000 478b | 5cec 1045 | 85db 0f85 | a811 0000 

  0x0000022a9fafdc68: ;   {oop(""{0x00000006004005c0})}
  0x0000022a9fafdc68: 49bb c005 | 4000 0600 | 0000 49b9 | 0000 80ad | 2a02 0000 

  0x0000022a9fafdc7c: ;   {oop(a 'java/security/cert/Certificate'[0] {0x0000000600415b78})}
  0x0000022a9fafdc7c: 49ba 785b | 4100 0600 | 0000 448b | 432c 4585 | c00f 840e | 1d00 004c | 8954 2460 | 4c8b d74c 
  0x0000022a9fafdc9c: 894c 2458 | 4c89 5c24 | 5048 895c | 2420 4b8d | 14c4 bf01 | 0000 004d | 8bc2 4c8b | 4c24 6090 
  0x0000022a9fafdcbc: ;   {optimized virtual_call}
  0x0000022a9fafdcbc: c5f8 77e8 

  0x0000022a9fafdcc0: ; ImmutableOopMap {[32]=Oop [40]=Oop [48]=Oop [56]=Oop [72]=Oop [80]=Oop [96]=Oop }
                      ;*invokevirtual putVal {reexecute=0 rethrow=0 return_oop=1}
                      ; - java.util.concurrent.ConcurrentHashMap::putIfAbsent@4 (line 1544)
                      ; - java.lang.ClassLoader::checkCerts@62 (line 1169)
                      ; - java.lang.ClassLoader::preDefineClass@113 (line 918)
                      ; - java.lang.ClassLoader::defineClass@4 (line 1024)
                      ; - java.security.SecureClassLoader::defineClass@12 (line 150)
  0x0000022a9fafdcc0: 8ca4 0e00 

  0x0000022a9fafdcc4: ;   {other}
  0x0000022a9fafdcc4: 0f1f 8400 | 3c0e 0003 | 4885 c074 | 3344 8b58 

  0x0000022a9fafdcd4: ;   {metadata('java/security/cert/Certificate'[])}
  0x0000022a9fafdcd4: 0841 81fb | b038 2200 | 0f85 8629 | 0000 488b | f848 8b74 | 2460 448b | 5e0c 448b | 470c 4585 
  0x0000022a9fafdcf4: db0f 87be | 0b00 0045 | 85c0 0f87 | b41f 0000 | 4c8b 5c24 | 4845 8b53 | 1045 85d2 | 0f84 7d14 
  0x0000022a9fafdd14: 0000 438b | 6cd4 0c45 | 8b54 ec38 | 4585 d20f | 84af 1c00 | 004c 895c | 2420 4b8d | 14d4 4d8d 
  0x0000022a9fafdd34: 04ec 6690 

  0x0000022a9fafdd38: ;   {optimized virtual_call}
  0x0000022a9fafdd38: c5f8 77e8 

  0x0000022a9fafdd3c: ; ImmutableOopMap {[32]=Oop [40]=Oop [48]=Oop [56]=Oop [80]=Oop }
                      ;*invokevirtual toExternalForm {reexecute=0 rethrow=0 return_oop=1}
                      ; - java.net.URL::toExternalForm@5 (line 1203)
                      ; - java.net.URL::toString@1 (line 1189)
                      ; - java.lang.ClassLoader::defineClassSourceLocation@22 (line 928)
                      ; - java.lang.ClassLoader::defineClass@12 (line 1025)
                      ; - java.security.SecureClassLoader::defineClass@12 (line 150)
  0x0000022a9fafdd3c: 90c1 f7ff 

  0x0000022a9fafdd40: ;   {other}
  0x0000022a9fafdd40: 0f1f 8400 | b80e 0004 | 4c8b 5c24 | 204c 895c | 2448 488b | 5424 284c | 8b44 2430 | 4c8b 4c24 
  0x0000022a9fafdd60: 388b 7c24 | 408b 7424 | 4449 8bcb | 4889 0424 

  0x0000022a9fafdd70: ;   {static_call}
  0x0000022a9fafdd70: c5f8 77e8 

  0x0000022a9fafdd74: ; ImmutableOopMap {[40]=Oop [72]=Oop [80]=Oop }
                      ;*invokestatic defineClass1 {reexecute=0 rethrow=0 return_oop=1}
                      ; - java.lang.ClassLoader::defineClass@27 (line 1026)
                      ; - java.security.SecureClassLoader::defineClass@12 (line 150)
  0x0000022a9fafdd74: 3817 dfff 

  0x0000022a9fafdd78: ;   {other}
  0x0000022a9fafdd78: 0f1f 8400 | f00e 0005 | 4889 4424 | 6844 8b58 | 3c45 85db | 0f85 4101 | 0000 4c8b | 5010 458b 
  0x0000022a9fafdd98: 4208 4585 | c00f 8c79 | 1e00 0044 | 8b58 2c45 | 85db 0f84 | b008 0000 | 4b8d 0cdc | 448b 4914 
  0x0000022a9fafddb8: ; implicit exception: dispatches to 0x0000022a9fb007b0
  0x0000022a9fafddb8: 478b 54cc | 0c0f be59 | 10c4 4262 | f7da 418b | fbff cf85 | db0f 85fc | 2000 004b | 8d2c cc45 
  0x0000022a9fafddd8: 8bc2 41ff | c844 3bc7 | 440f 4fc7 | 4585 c00f | 8cdb 0000 | 0045 85d2 | 0f86 ba1d | 0000 453b 
  0x0000022a9fafddf8: c20f 83b1 | 1d00 0041 | 8bd8 ffcb | 420f be7c | 0510 83ff | 2e0f 84bf | f8ff ff41 | 8bf8 ffcf 
  0x0000022a9fafde18: 3bfb 7e05 | 448b c7eb | e383 ff02 | 0f8e d61e | 0000 41ff | c841 8d78 | fe33 d241 | 83f8 020f 
  0x0000022a9fafde38: 4cfa 81ff | a00f 0000 | baa0 0f00 | 000f 47fa | 418b f02b | f766 6690 | 4963 d80f | be7c 1d10 
  0x0000022a9fafde58: 83ff 2e0f | 8471 f8ff | ff0f be7c | 1d0f 83ff | 2e0f 8454 | f8ff ff0f | be7c 1d0e 

  0x0000022a9fafde74: ;   {no_reloc}
  0x0000022a9fafde74: 83ff 2e0f | 844b f8ff | ff0f be5c | 1d0d 83fb | 2e0f 8443 | f8ff ff41 | 83c0 fc44 | 3bc6 7fbc 
  0x0000022a9fafde94: 498b b750 | 0400 0048 

  0x0000022a9fafde9c: ; ImmutableOopMap {r9=NarrowOop rcx=Oop rbx=Oop rbp=Oop [40]=Oop [72]=Oop [80]=Oop [104]=Oop }
                      ;*goto {reexecute=1 rethrow=0 return_oop=0}
                      ; - (reexecute) java.lang.StringLatin1::lastIndexOf@35 (line 395)
                      ; - java.lang.String::lastIndexOf@13 (line 2664)
                      ; - java.lang.String::lastIndexOf@8 (line 2626)
                      ; - java.lang.Class::getPackageName@47 (line 1257)
                      ; - java.lang.ClassLoader::postDefineClass@2 (line 935)
                      ; - java.lang.ClassLoader::defineClass@37 (line 1027)
                      ; - java.security.SecureClassLoader::defineClass@12 (line 150)
  0x0000022a9fafde9c: 8b5c 2468 

  0x0000022a9fafdea0: ;   {poll}
  0x0000022a9fafdea0: 8506 4183 | f802 7f85 | 4183 f8ff | 7e1a 6690 | 420f be5c | 0510 83fb | 2e0f 8413 | f8ff ff41 
  0x0000022a9fafdec0: ffc8 4183 | f8ff 7fe8 | 41b8 ffff | ffff e9ff | f7ff ff4b | 8d1c dc4c | 8b4c 2428 | 458b 5938 
  0x0000022a9fafdee0: 4585 db0f | 84d7 1a00 | 004c 8bf3 

  0x0000022a9fafdeec: ; implicit exception: dispatches to 0x0000022a9fb00764
  0x0000022a9fafdeec: 8b5b 0c4c | 8b54 2468 | 458b 4230 | 85db 0f85 | fc01 0000 | 450f b656 | 1145 85d2 | 0f85 230e 
  0x0000022a9fafdf0c: 0000 418b | 6e14 4180 | 7e10 000f | 85a2 1600 | 0041 8b54 | ec0c 4d8d | 14ec 498d | 7cec 1083 
  0x0000022a9fafdf2c: fa02 0f8c | 4312 0000 | 33db 83fa | 200f 8c67 | 0100 0033 | c0c5 d5ef | edc5 cdef | f6c5 c5ef 
  0x0000022a9fafdf4c: ffc4 413d 

  0x0000022a9fafdf50: ;   {external_word}
  0x0000022a9fafdf50: efc0 48b9 | e00d a627 | fd7f 0000 | 448b 11c4 | c179 6ec2 | c4e2 7d58 | c08b ca83 | e1e0 410f 
  0x0000022a9fafdf70: afda c57a | 7e0c 07c5 | 7a7e 5407 | 08c5 7a7e | 5c07 10c5 | 7a7e 6407 | 18c4 e255 | 40e8 c442 
  0x0000022a9fafdf90: 7d31 c9c4 | c155 fee9 | c4e2 4d40 | f0c4 427d | 31d2 c4c1 | 4dfe f2c4 | e245 40f8 | c442 7d31 
  0x0000022a9fafdfb0: dbc4 c145 | fefb c462 | 3d40 c0c4 | 427d 31e4 | c441 3dfe | c483 c020 | 3bc1 7ca2 | 488d 3c0f 
  0x0000022a9fafdfd0: ;   {external_word}
  0x0000022a9fafdfd0: 2bd1 48b9 | e40d a627 | fd7f 0000 | c5fe 6f09 | c4e2 5540 

  0x0000022a9fafdfe4: ;   {external_word}
  0x0000022a9fafdfe4: e948 b904 | 0ea6 27fd | 7f00 00c5 | fe6f 11c4 | e24d 40f2 

  0x0000022a9fafdff8: ;   {external_word}
  0x0000022a9fafdff8: 48b9 240e | a627 fd7f | 0000 c5fe | 6f19 c4e2 

  0x0000022a9fafe008: ;   {external_word}
  0x0000022a9fafe008: 4540 fb48 | b944 0ea6 | 27fd 7f00 | 00c5 fe6f | 21c4 623d | 40c4 c462 | 5502 cdc4 | 437d 39ca 
  0x0000022a9fafe028: 01c4 4131 | feca c442 | 3102 c9c5 | 796e d3c4 | 4131 feca | c579 7ecb | c462 4d02 | dec4 437d 
  0x0000022a9fafe048: 39dc 01c4 | 4121 fedc | c442 2102 | dbc5 796e | e3c4 4121 | fedc c579 | 7edb c462 | 4502 cfc4 
  0x0000022a9fafe068: 437d 39ca | 01c4 4131 | feca c442 | 3102 c9c5 | 796e d3c4 | 4131 feca | c579 7ecb | c442 3d02 
  0x0000022a9fafe088: d8c4 437d | 39dc 01c4 | 4121 fedc | c442 2102 | dbc5 796e | e3c4 4121 | fedc c579 | 7edb b801 
  0x0000022a9fafe0a8: 0000 003b | c20f 8d2b | 0000 0041 | bac1 0300 | 0041 0faf | da0f b64c | 07ff 448b | d141 c1e2 
  0x0000022a9fafe0c8: 0544 2bd1 | 4103 da44 | 0fb6 1407 | 4103 da83 | c002 3bc2 | 7cd5 7f10 | 8bcb c1e3 | 052b d944 
  0x0000022a9fafe0e8: 0fb6 5407 | ff41 03da | 85db 0f84 | 2515 0000 | 4189 5e0c | 438b 7cdc | 2885 ff0f | 84a5 0000 
  0x0000022a9fafe108: ;   {no_reloc}
  0x0000022a9fafe108: 0045 8b54 | fc0c 4585 | d20f 86d1 | 1a00 0044 | 8bdb 41c1 | eb10 4433 | db49 8d0c | fc41 81e3 
  0x0000022a9fafe128: ffff ff7f | 41ff ca45 | 23d3 4d63 | d246 8b6c | 9110 4585 | ed74 6f43 | 8b6c ec0c | 413b eb74 
  0x0000022a9fafe148: 4385 ed0f | 8d86 0300 | 00ba 45ff | ffff 4c8b | 5424 484c | 8954 2438 | 4c89 4c24 | 4044 8944 
  0x0000022a9fafe168: 2450 4c89 | 7424 5844 | 896c 2454 | 4489 5c24 | 6066 6690 

  0x0000022a9fafe17c: ;   {runtime_call UncommonTrapBlob}
  0x0000022a9fafe17c: c5f8 77e8 

  0x0000022a9fafe180: ; ImmutableOopMap {[56]=Oop [64]=Oop [80]=NarrowOop [84]=NarrowOop [88]=Oop [104]=Oop }
                      ;*ifge {reexecute=1 rethrow=0 return_oop=0}
                      ; - (reexecute) java.util.concurrent.ConcurrentHashMap::get@86 (line 944)
                      ; - java.lang.ClassLoader::getNamedPackage@5 (line 340)
                      ; - java.lang.ClassLoader::postDefineClass@9 (line 935)
                      ; - java.lang.ClassLoader::defineClass@37 (line 1027)
                      ; - java.security.SecureClassLoader::defineClass@12 (line 150)
  0x0000022a9fafe180: 5c97 86ff 

  0x0000022a9fafe184: ;   {other}
  0x0000022a9fafe184: 0f1f 8400 | fc12 0007 | 438b 6cec | 104c 8bd5 | 49c1 e203 | 4d3b d60f | 851c 0200 | 0043 8b6c 
  0x0000022a9fafe1a4: ec14 85ed | 0f85 cf03 | 0000 498b | 87b8 0100 | 004c 8bd0 | 4983 c218 | 4d3b 97c8 | 0100 000f 
  0x0000022a9fafe1c4: 836d 1500 | 004d 8997 | b801 0000 | 410f 0d8a | c000 0000 | 48c7 0001 

  0x0000022a9fafe1dc: ;   {metadata('java/lang/NamedPackage')}
  0x0000022a9fafe1dc: 0000 00c7 | 4008 7007 | 2200 4489 | 600c 4c8b | d049 83c2 | 10c5 fdef | c0c4 c179 | d602 4c89 
  0x0000022a9fafe1fc: 4c24 204c | 8974 2428 | 4489 4424 | 3048 8944 | 2438 488b | 5424 2890 

  0x0000022a9fafe214: ;   {optimized virtual_call}
  0x0000022a9fafe214: c5f8 77e8 

  0x0000022a9fafe218: ; ImmutableOopMap {[32]=Oop [40]=Oop [48]=NarrowOop [56]=Oop [72]=Oop [104]=Oop }
                      ;*invokevirtual isEmpty {reexecute=0 rethrow=0 return_oop=0}
                      ; - java.lang.NamedPackage::<init>@5 (line 48)
                      ; - java.lang.ClassLoader::getNamedPackage@22 (line 342)
                      ; - java.lang.ClassLoader::postDefineClass@9 (line 935)
                      ; - java.lang.ClassLoader::defineClass@37 (line 1027)
                      ; - java.security.SecureClassLoader::defineClass@12 (line 150)
  0x0000022a9fafe218: f4bd e4ff 

  0x0000022a9fafe21c: ;   {other}
  0x0000022a9fafe21c: 0f1f 8400 | 9413 0008 | 85c0 0f84 | 7804 0000 | 448b 5c24 | 3045 85db | 0f84 ce1a | 0000 4f8d 
  0x0000022a9fafe23c: 14dc 4c89 | 5424 4049 | 8bd2 6690 

  0x0000022a9fafe248: ;   {optimized virtual_call}
  0x0000022a9fafe248: c5f8 77e8 

  0x0000022a9fafe24c: ; ImmutableOopMap {[32]=Oop [40]=Oop [48]=NarrowOop [56]=Oop [64]=Oop [72]=Oop [104]=Oop }
                      ;*invokevirtual isNamed {reexecute=0 rethrow=0 return_oop=0}
                      ; - java.lang.NamedPackage::<init>@12 (line 48)
                      ; - java.lang.ClassLoader::getNamedPackage@22 (line 342)
                      ; - java.lang.ClassLoader::postDefineClass@9 (line 935)
                      ; - java.lang.ClassLoader::defineClass@37 (line 1027)
                      ; - java.security.SecureClassLoader::defineClass@12 (line 150)
  0x0000022a9fafe24c: 702e c3ef 

  0x0000022a9fafe250: ;   {other}
  0x0000022a9fafe250: 0f1f 8400 | c813 0009 | 85c0 0f84 | 4404 0000 | 498b 87b8 | 0100 004c | 8bd0 4983 | c228 4d3b 
  0x0000022a9fafe270: 97c8 0100 | 000f 8356 | 1500 004d | 8997 b801 | 0000 410f | 0d8a c000 | 0000 48c7 | 0001 0000 
  0x0000022a9fafe290: 004c 8bd0 | 4983 c210 

  0x0000022a9fafe298: ;   {metadata('java/lang/InternalError')}
  0x0000022a9fafe298: c740 0838 | 2c17 0044 | 8960 0cc5 | fdef c041 | b807 0000 | 00c4 c178 | 92f8 62d1 | fe2f 7f02 
  0x0000022a9fafe2b8: 4889 4424 | 6049 8b87 | b801 0000 | 4c8b d049 | 83c2 184d | 3b97 c801 | 0000 0f83 | d714 0000 
  0x0000022a9fafe2d8: 4d89 97b8 | 0100 0041 | 0f0d 8ac0 | 0000 0048 | c700 0100 | 0000 4c8b | d049 83c2 

  0x0000022a9fafe2f4: ;   {metadata('java/lang/StringBuilder')}
  0x0000022a9fafe2f4: 10c7 4008 | f0a5 1600 | 4489 600c | c5fd efc0 | c4c1 79d6 | 0248 8be8 | 488b d590 

  0x0000022a9fafe310: ;   {optimized virtual_call}
  0x0000022a9fafe310: c5f8 77e8 

  0x0000022a9fafe314: ; ImmutableOopMap {rbp=Oop [32]=Oop [40]=Oop [48]=NarrowOop [56]=Oop [64]=Oop [72]=Oop [96]=Oop [104]=Oop }
                      ;*invokespecial <init> {reexecute=0 rethrow=0 return_oop=0}
                      ; - java.lang.NamedPackage::<init>@26 (line 49)
                      ; - java.lang.ClassLoader::getNamedPackage@22 (line 342)
                      ; - java.lang.ClassLoader::postDefineClass@9 (line 935)
                      ; - java.lang.ClassLoader::defineClass@37 (line 1027)
                      ; - java.security.SecureClassLoader::defineClass@12 (line 150)
  0x0000022a9fafe314: c808 86ff 

  0x0000022a9fafe318: ;   {other}
  0x0000022a9fafe318: 0f1f 8400 | 9014 000a 

  0x0000022a9fafe320: ;   {oop("unnamed package in  "{0x0000000600660268})}
  0x0000022a9fafe320: 49b8 6802 | 6600 0600 | 0000 488b | d54c 8b54 | 2460 4c89 | 5424 5890 

  0x0000022a9fafe338: ;   {optimized virtual_call}
  0x0000022a9fafe338: c5f8 77e8 

  0x0000022a9fafe33c: ; ImmutableOopMap {[32]=Oop [40]=Oop [48]=NarrowOop [56]=Oop [64]=Oop [72]=Oop [88]=Oop [96]=Oop [104]=Oop }
                      ;*invokevirtual append {reexecute=0 rethrow=0 return_oop=1}
                      ; - java.lang.NamedPackage::<init>@31 (line 49)
                      ; - java.lang.ClassLoader::getNamedPackage@22 (line 342)
                      ; - java.lang.ClassLoader::postDefineClass@9 (line 935)
                      ; - java.lang.ClassLoader::defineClass@37 (line 1027)
                      ; - java.security.SecureClassLoader::defineClass@12 (line 150)
  0x0000022a9fafe33c: a008 86ff 

  0x0000022a9fafe340: ;   {other}
  0x0000022a9fafe340: 0f1f 8400 | b814 000b | 4885 c00f | 8409 1a00 | 0048 8bd0 | 4c8b 4424 | 404c 8b54 | 2458 4c89 
  0x0000022a9fafe360: 5424 4090 

  0x0000022a9fafe364: ;   {optimized virtual_call}
  0x0000022a9fafe364: c5f8 77e8 

  0x0000022a9fafe368: ; ImmutableOopMap {[32]=Oop [40]=Oop [48]=NarrowOop [56]=Oop [64]=Oop [72]=Oop [88]=Oop [104]=Oop }
                      ;*invokevirtual append {reexecute=0 rethrow=0 return_oop=1}
                      ; - java.lang.NamedPackage::<init>@35 (line 49)
                      ; - java.lang.ClassLoader::getNamedPackage@22 (line 342)
                      ; - java.lang.ClassLoader::postDefineClass@9 (line 935)
                      ; - java.lang.ClassLoader::defineClass@37 (line 1027)
                      ; - java.security.SecureClassLoader::defineClass@12 (line 150)
  0x0000022a9fafe368: 7408 86ff 

  0x0000022a9fafe36c: ;   {other}
  0x0000022a9fafe36c: 0f1f 8400 | e414 000c | 4885 c00f | 84f3 1900 | 0048 8bd0 

  0x0000022a9fafe380: ;   {optimized virtual_call}
  0x0000022a9fafe380: c5f8 77e8 

  0x0000022a9fafe384: ; ImmutableOopMap {[32]=Oop [40]=Oop [48]=NarrowOop [56]=Oop [64]=Oop [72]=Oop [104]=Oop }
                      ;*invokevirtual toString {reexecute=0 rethrow=0 return_oop=1}
                      ; - java.lang.NamedPackage::<init>@38 (line 49)
                      ; - java.lang.ClassLoader::getNamedPackage@22 (line 342)
                      ; - java.lang.ClassLoader::postDefineClass@9 (line 935)
                      ; - java.lang.ClassLoader::defineClass@37 (line 1027)
                      ; - java.security.SecureClassLoader::defineClass@12 (line 150)
  0x0000022a9fafe384: 5808 86ff 

  0x0000022a9fafe388: ;   {other}
  0x0000022a9fafe388: 0f1f 8400 | 0015 000d | 488b 5424 | 404c 8bc0 

  0x0000022a9fafe398: ;   {optimized virtual_call}
  0x0000022a9fafe398: c5f8 77e8 

  0x0000022a9fafe39c: ; ImmutableOopMap {[32]=Oop [40]=Oop [48]=NarrowOop [56]=Oop [64]=Oop [72]=Oop [104]=Oop }
                      ;*invokespecial <init> {reexecute=0 rethrow=0 return_oop=0}
                      ; - java.lang.NamedPackage::<init>@41 (line 49)
                      ; - java.lang.ClassLoader::getNamedPackage@22 (line 342)
                      ; - java.lang.ClassLoader::postDefineClass@9 (line 935)
                      ; - java.lang.ClassLoader::defineClass@37 (line 1027)
                      ; - java.security.SecureClassLoader::defineClass@12 (line 150)
  0x0000022a9fafe39c: 4008 86ff 

  0x0000022a9fafe3a0: ;   {other}
  0x0000022a9fafe3a0: 0f1f 8400 | 1815 000e | 488b 5424 | 40c5 f877 | 4881 c4b0 | 0000 005d 

  0x0000022a9fafe3b8: ;   {runtime_call _rethrow_Java}
  0x0000022a9fafe3b8: e9a3 c593 | ff45 8b54 | ec08 498d | 0cec 4c3b | f10f 84d2 

  0x0000022a9fafe3cc: ;   {metadata('java/lang/String')}
  0x0000022a9fafe3cc: fdff ff41 | 81fa d00d | 1700 0f85 | fb00 0000 | 450f be56 | 100f be69 | 1044 3bd5 | 0f85 9e1b 
  0x0000022a9fafe3ec: 0000 8b79 | 1445 8b56 | 1441 8b5c | fc0c 438b | 4cd4 0c3b | cb0f 85d0 | 0000 0049 | 8d1c fc49 
  0x0000022a9fafe40c: 8d74 fc10 | 4b8d 1cd4 | 4b8d 7cd4 | 1085 c90f | 849d 0000 | 008b c183 | e01f 83e1 | e00f 844b 
  0x0000022a9fafe42c: 0000 0048 | 8d3c 0f48 | 8d34 0e48 | f7d9 c5fe | 6f04 0fc5 | fe6f 0c0e | c5fd efc1 | c4e2 7d17 
  0x0000022a9fafe44c: c00f 8572 | 0000 0048 | 83c1 2075 | e185 c00f | 845d 0000 | 00c5 fe6f | 4407 e0c5 | fe6f 4c06 
  0x0000022a9fafe46c: e0c5 fdef | c1c4 e27d | 17c0 754d | eb44 8bc8 | 83e1 fc74 | 1948 8d3c | 0f48 8d34 | 0e48 f7d9 
  0x0000022a9fafe48c: 8b1c 0f3b | 1c0e 7531 | 4883 c104 | 75f2 a802 | 7412 0fb7 | 1f0f b70e | 3bd9 751d | 488d 7f02 
  0x0000022a9fafe4ac: 488d 7602 | a801 740a | 0fb6 1f0f | b60e 3bd9 | 7507 b801 | 0000 00eb | 0233 c0c5 | fdef c0c5 
  0x0000022a9fafe4cc: ;   {no_reloc}
  0x0000022a9fafe4cc: f5ef c985 | c00f 85ca | fcff ff47 | 8b54 ec18 | 4585 d20f | 84c9 fcff | ff4b 8d3c | d48b 5f0c 
  0x0000022a9fafe4ec: 498b 9750 

  0x0000022a9fafe4f0: ; ImmutableOopMap {r8=NarrowOop r9=Oop rdi=Oop r14=Oop [72]=Oop [104]=Oop }
                      ;*if_icmpne {reexecute=1 rethrow=0 return_oop=0}
                      ; - (reexecute) java.util.concurrent.ConcurrentHashMap::get@127 (line 947)
                      ; - java.lang.ClassLoader::getNamedPackage@5 (line 340)
                      ; - java.lang.ClassLoader::postDefineClass@9 (line 935)
                      ; - java.lang.ClassLoader::defineClass@37 (line 1027)
                      ; - java.security.SecureClassLoader::defineClass@12 (line 150)
                      ;   {poll}
  0x0000022a9fafe4f0: 0400 0085 | 0241 3bdb | 7413 448b | 5718 4585 | d20f 84a7 | fcff ff4b | 8d3c d4eb | dc8b 6f10 
  0x0000022a9fafe510: 4c8b d549 | c1e2 034d | 3bd6 7456 | 85ed 0f84 | 681b 0000 | 4889 7c24 | 3844 895c | 2434 4489 
  0x0000022a9fafe530: 4424 304c | 8974 2428 | 4c89 4c24 | 204d 8d04 | ec49 8bd6 | 498b ee90 

  0x0000022a9fafe548: ;   {optimized virtual_call}
  0x0000022a9fafe548: c5f8 77e8 

  0x0000022a9fafe54c: ; ImmutableOopMap {rbp=Oop [32]=Oop [40]=Oop [48]=NarrowOop [56]=Oop [72]=Oop [104]=Oop }
                      ;*invokevirtual equals {reexecute=0 rethrow=0 return_oop=0}
                      ; - java.util.concurrent.ConcurrentHashMap::get@149 (line 948)
                      ; - java.lang.ClassLoader::getNamedPackage@5 (line 340)
                      ; - java.lang.ClassLoader::postDefineClass@9 (line 935)
                      ; - java.lang.ClassLoader::defineClass@37 (line 1027)
                      ; - java.security.SecureClassLoader::defineClass@12 (line 150)
  0x0000022a9fafe54c: 4024 e5ff 

  0x0000022a9fafe550: ;   {other}
  0x0000022a9fafe550: 0f1f 8400 | c816 0010 | 85c0 0f84 | 641b 0000 | 4c8b 4c24 | 204c 8bf5 | 448b 4424 | 3048 8b7c 
  0x0000022a9fafe570: 2438 8b6f | 1485 ed0f | 8431 fcff | ff45 8b54 | ec08 49bb | 0000 00bc | 2a02 0000 | 4d03 da4d 
  0x0000022a9fafe590: ;   {metadata('java/lang/NamedPackage')}
  0x0000022a9fafe590: 8b53 3849 | bb70 0722 | bc2a 0200 | 004d 3bd3 | 0f85 b215 | 0000 4c8b | 5424 4845 | 8b5a 1045 
  0x0000022a9fafe5b0: 85db 741b | 438b 5cdc | 1485 db0f | 8566 0400 | 0047 8b54 | dc10 4585 | d20f 85da | 0b00 0048 
  0x0000022a9fafe5d0: 8b44 2468 | c5f8 7748 | 81c4 b000 

  0x0000022a9fafe5dc: ;   {poll_return}
  0x0000022a9fafe5dc: 0000 5d49 | 3ba7 4804 | 0000 0f87 | 2c25 0000 | c348 8b74 | 2430 e94d | f6ff ff41 | 83fb 040f 
  0x0000022a9fafe5fc: 866a 1a00 | 0043 807c | d411 610f | 859a efff | ff43 807c | d412 760f | 858e efff | ff43 807c 
  0x0000022a9fafe61c: d413 610f | 8582 efff | ff43 807c | d414 2e0f | 8576 efff 

  0x0000022a9fafe630: ;   {oop(a 'jdk/internal/loader/ClassLoaders$PlatformClassLoader'{0x00000006004008a8})}
  0x0000022a9fafe630: ff49 b8a8 | 0840 0006 | 0000 0048 | 8b5c 2428 | 493b d80f | 8599 1f00 

  0x0000022a9fafe648: ;   {oop(a 'jdk/internal/loader/ClassLoaders$PlatformClassLoader'{0x00000006004008a8})}
  0x0000022a9fafe648: 0048 bba8 | 0840 0006 | 0000 00e9 | 54ef ffff | 488b d9e9 | b2f2 ffff | 4889 4424 | 2048 8bd0 
  0x0000022a9fafe668: 488b 6c24 | 4866 6690 

  0x0000022a9fafe670: ;   {optimized virtual_call}
  0x0000022a9fafe670: c5f8 77e8 

  0x0000022a9fafe674: ; ImmutableOopMap {rbp=Oop [32]=Oop [40]=Oop [72]=Oop [80]=Oop [104]=Oop }
                      ;*invokevirtual initClassName {reexecute=0 rethrow=0 return_oop=1}
                      ; - java.lang.Class::getName@14 (line 1037)
                      ; - java.lang.Class::getPackageName@40 (line 1256)
                      ; - java.lang.ClassLoader::postDefineClass@2 (line 935)
                      ; - java.lang.ClassLoader::defineClass@37 (line 1027)
                      ; - java.security.SecureClassLoader::defineClass@12 (line 150)
  0x0000022a9fafe674: b869 ddff 

  0x0000022a9fafe678: ;   {other}
  0x0000022a9fafe678: 0f1f 8400 | f017 0011 | 488b c848 | 85c0 0f85 | 28f7 ffff | baf6 ffff | ff66 6690 

  0x0000022a9fafe694: ;   {runtime_call UncommonTrapBlob}
  0x0000022a9fafe694: c5f8 77e8 

  0x0000022a9fafe698: ; ImmutableOopMap {}
                      ;*invokevirtual lastIndexOf {reexecute=0 rethrow=0 return_oop=0}
                      ; - java.lang.Class::getPackageName@47 (line 1257)
                      ; - java.lang.ClassLoader::postDefineClass@2 (line 935)
                      ; - java.lang.ClassLoader::defineClass@37 (line 1027)
                      ; - java.security.SecureClassLoader::defineClass@12 (line 150)
  0x0000022a9fafe698: 4492 86ff 

  0x0000022a9fafe69c: ;   {other}
  0x0000022a9fafe69c: 0f1f 8400 | 1418 0012 | 448b 5c24 | 3049 8beb | 48c1 e503 | 488b 5424 | 2866 6690 

  0x0000022a9fafe6b8: ;   {optimized virtual_call}
  0x0000022a9fafe6b8: c5f8 77e8 

  0x0000022a9fafe6bc: ; ImmutableOopMap {rbp=Oop [32]=Oop [40]=Oop [48]=NarrowOop [56]=Oop [72]=Oop [104]=Oop }
                      ;*invokevirtual intern {reexecute=0 rethrow=0 return_oop=1}
                      ; - java.lang.NamedPackage::<init>@47 (line 51)
                      ; - java.lang.ClassLoader::getNamedPackage@22 (line 342)
                      ; - java.lang.ClassLoader::postDefineClass@9 (line 935)
                      ; - java.lang.ClassLoader::defineClass@37 (line 1027)
                      ; - java.security.SecureClassLoader::defineClass@12 (line 150)
  0x0000022a9fafe6bc: 707f dbff 

  0x0000022a9fafe6c0: ;   {other}
  0x0000022a9fafe6c0: 0f1f 8400 | 3818 0013 | 488b d841 | 807f 3800 | 0f85 010e | 0000 488b | 7c24 384c | 8bc3 4d8b 
  0x0000022a9fafe6e0: d049 c1ea | 0344 8957 | 0c4c 8bd7 | 4d8b d84d | 33da 49c1 | eb16 4d85 | db74 1f4d | 85c0 741a 
  0x0000022a9fafe700: 49c1 ea09 | 48b9 0000 | 80ad 2a02 | 0000 4903 | ca80 3902 | 0f85 030e | 0000 4180 | 7f38 000f 
  0x0000022a9fafe720: 857b 0d00 | 008b 5c24 | 3089 5f10 | 4c8b d54c | 8bdf 4d33 | d349 c1ea | 164d 85d2 | 741e 85db 
  0x0000022a9fafe740: 741a 49c1 | eb09 48b9 | 0000 80ad | 2a02 0000 | 4903 cb80 | 3902 0f85 | 120e 0000 | 4c8b 5c24 
  0x0000022a9fafe760: 2045 8b53 | 3845 85d2 | 0f84 7219 | 0000 4889 | 7c24 384b | 8d14 d44c | 8b44 2428 | 4c8b cf90 
  0x0000022a9fafe780: ;   {optimized virtual_call}
  0x0000022a9fafe780: c5f8 77e8 

  0x0000022a9fafe784: ; ImmutableOopMap {[32]=Oop [48]=NarrowOop [56]=Oop [72]=Oop [104]=Oop }
                      ;*invokevirtual putIfAbsent {reexecute=0 rethrow=0 return_oop=1}
                      ; - java.lang.ClassLoader::getNamedPackage@32 (line 344)
                      ; - java.lang.ClassLoader::postDefineClass@9 (line 935)
                      ; - java.lang.ClassLoader::defineClass@37 (line 1027)
                      ; - java.security.SecureClassLoader::defineClass@12 (line 150)
  0x0000022a9fafe784: a875 e5ff 

  0x0000022a9fafe788: ;   {other}
  0x0000022a9fafe788: 0f1f 8400 | 0019 0014 | 4885 c00f | 847a 0d00 | 0044 8b50 | 0849 bb00 | 0000 bc2a | 0200 004d 
  0x0000022a9fafe7a8: 03da 4d8b 

  0x0000022a9fafe7ac: ;   {metadata('java/lang/NamedPackage')}
  0x0000022a9fafe7ac: 5338 49bb | 7007 22bc | 2a02 0000 | 4d3b d30f | 843b 1900 | 00ba deff | ffff 488b | e866 6690 
  0x0000022a9fafe7cc: ;   {runtime_call UncommonTrapBlob}
  0x0000022a9fafe7cc: c5f8 77e8 

  0x0000022a9fafe7d0: ; ImmutableOopMap {rbp=Oop }
                      ;*checkcast {reexecute=0 rethrow=0 return_oop=0}
                      ; - java.lang.ClassLoader::getNamedPackage@35 (line 344)
                      ; - java.lang.ClassLoader::postDefineClass@9 (line 935)
                      ; - java.lang.ClassLoader::defineClass@37 (line 1027)
                      ; - java.security.SecureClassLoader::defineClass@12 (line 150)
  0x0000022a9fafe7d0: 0c91 86ff 

  0x0000022a9fafe7d4: ;   {other}
  0x0000022a9fafe7d4: 0f1f 8400 | 4c19 0015 | 478b 54c4 | 0c47 8b4c | c408 4d63 | da4b 8d2c | c449 c1e3 | 0241 81fa 
  0x0000022a9fafe7f4: 0000 0400 | 0f87 fb10 | 0000 498b | b7b8 0100 | 0049 8d4b | 1748 83e1 | f848 8bd6 | 4803 d149 
  0x0000022a9fafe814: 3b97 c801 | 0000 0f83 | d910 0000 | 4989 97b8 | 0100 000f | 0d8a c000 | 0000 48c7 | 0601 0000 
  0x0000022a9fafe834: 0044 894e | 0844 8956 | 0c0f 0d8a | 0001 0000 | 0f0d 8a40 | 0100 000f | 0d8a 8001 | 0000 4b8d 
  0x0000022a9fafe854: 4cc4 1048 | 8bd6 4883 | c210 4983 | c307 49c1 | eb03 4d8b | c3c5 f877 | 49ba 805b | 349f 2a02 
  0x0000022a9fafe874: 0000 41ff 

  0x0000022a9fafe878: ;   {other}
  0x0000022a9fafe878: d20f 1f84 | 0000 0000 

  0x0000022a9fafe880: ;   {oop(""{0x00000006004005c0})}
  0x0000022a9fafe880: 0049 bbc0 | 0540 0006 | 0000 0049 | b900 0080 | ad2a 0200 | 004c 8bd6 | e9e9 f3ff | ff48 8b74 
  0x0000022a9fafe8a0: 2468 488b | 7c24 2044 | 8b9c 2490 | 0000 0044 | 8b84 2494 | 0000 00eb | 3345 3bd8 | 0f85 ca1b 
  0x0000022a9fafe8c0: 0000 458b | cb41 ffc9 | 453b cb0f | 8367 1a00 | 0045 85c0 | 0f86 5e1a | 0000 458b | d041 ffca 
  0x0000022a9fafe8e0: 453b d00f | 83a3 1a00 | 0045 33d2 | 428b 4c96 | 1085 c90f | 841b 1800 | 004d 8d0c | cc33 ed48 
  0x0000022a9fafe900: 8974 2468 | 4489 9c24 | 9000 0000 | 4489 8424 | 9400 0000 | 4489 5424 | 7c89 8c24 | 8000 0000 
  0x0000022a9fafe920: 4c89 8c24 | 9800 0000 | 448b 5caf | 1048 897c | 2420 4d8b | c349 c1e0 | 0348 8b94 | 2498 0000 
  0x0000022a9fafe940: 0066 6690 

  0x0000022a9fafe944: ;   {optimized virtual_call}
  0x0000022a9fafe944: c5f8 77e8 

  0x0000022a9fafe948: ; ImmutableOopMap {[32]=Oop [40]=Oop [48]=Oop [56]=Oop [72]=Oop [80]=Oop [104]=Oop [128]=NarrowOop [152]=Oop }
                      ;*invokevirtual equals {reexecute=0 rethrow=0 return_oop=0}
                      ; - java.lang.ClassLoader::compareCerts@81 (line 1196)
                      ; - java.lang.ClassLoader::checkCerts@80 (line 1170)
                      ; - java.lang.ClassLoader::preDefineClass@113 (line 918)
                      ; - java.lang.ClassLoader::defineClass@4 (line 1024)
                      ; - java.security.SecureClassLoader::defineClass@12 (line 150)
  0x0000022a9fafe948: 9402 86ff 

  0x0000022a9fafe94c: ;   {other}
  0x0000022a9fafe94c: 0f1f 8400 | c41a 0016 | 85c0 7516 | ffc5 3bac | 2494 0000 | 000f 8daf | 1900 0048 | 8b7c 2420 
  0x0000022a9fafe96c: ebba 448b | 5424 7c41 | ffc2 443b | 9424 9000 | 0000 0f8c | 19ff ffff | 4533 c04c | 8b5c 2420 
  0x0000022a9fafe98c: 478b 5483 | 1045 85d2 | 0f84 da17 | 0000 4f8d | 0cd4 33ed | 4489 4424 | 7444 8954 | 2478 4c89 
  0x0000022a9fafe9ac: 8c24 8800 | 0000 4c8b | 5424 6845 | 8b54 aa10 | 4d8b c249 | c1e0 0348 | 8b94 2488 | 0000 0090 
  0x0000022a9fafe9cc: ;   {optimized virtual_call}
  0x0000022a9fafe9cc: c5f8 77e8 

  0x0000022a9fafe9d0: ; ImmutableOopMap {[32]=Oop [40]=Oop [48]=Oop [56]=Oop [72]=Oop [80]=Oop [104]=Oop [120]=NarrowOop [136]=Oop }
                      ;*invokevirtual equals {reexecute=0 rethrow=0 return_oop=0}
                      ; - java.lang.ClassLoader::compareCerts@166 (line 1208)
                      ; - java.lang.ClassLoader::checkCerts@80 (line 1170)
                      ; - java.lang.ClassLoader::preDefineClass@113 (line 918)
                      ; - java.lang.ClassLoader::defineClass@4 (line 1024)
                      ; - java.security.SecureClassLoader::defineClass@12 (line 150)
  0x0000022a9fafe9d0: 0c02 86ff 

  0x0000022a9fafe9d4: ;   {other}
  0x0000022a9fafe9d4: 0f1f 8400 | 4c1b 0017 | 85c0 752c | ffc5 3bac | 2490 0000 | 007c c7ba | 45ff ffff | 4c8b 5424 
  0x0000022a9fafe9f4: 684c 8954 | 2458 6690 

  0x0000022a9fafe9fc: ;   {runtime_call UncommonTrapBlob}
  0x0000022a9fafe9fc: c5f8 77e8 

  0x0000022a9fafea00: ; ImmutableOopMap {[32]=Oop [40]=Oop [48]=Oop [56]=Oop [72]=Oop [88]=Oop }
                      ;*if_icmpge {reexecute=1 rethrow=0 return_oop=0}
                      ; - (reexecute) java.lang.ClassLoader::compareCerts@152 (line 1207)
                      ; - java.lang.ClassLoader::checkCerts@80 (line 1170)
                      ; - java.lang.ClassLoader::preDefineClass@113 (line 918)
                      ; - java.lang.ClassLoader::defineClass@4 (line 1024)
                      ; - java.security.SecureClassLoader::defineClass@12 (line 150)
  0x0000022a9fafea00: dc8e 86ff 

  0x0000022a9fafea04: ;   {other}
  0x0000022a9fafea04: 0f1f 8400 | 7c1b 0018 | 448b 4424 | 7441 ffc0 | 443b 8424 | 9400 0000 | 0f8c 65ff | ffff e9dd 
  0x0000022a9fafea24: f2ff ff45 | 8b44 dc0c | 458b 54dc | 0849 8d2c | dc49 63f0 | 48c1 e602 | 4181 f800 | 0004 000f 
  0x0000022a9fafea44: 8719 0f00 | 0049 8bbf | b801 0000 | 4c8d 5e17 | 4983 e3f8 | 488b cf49 | 03cb 493b | 8fc8 0100 
  0x0000022a9fafea64: 000f 83f7 | 0e00 0049 | 898f b801 | 0000 0f0d | 89c0 0000 | 0048 c707 | 0100 0000 | 4489 5708 
  0x0000022a9fafea84: 4489 470c | 0f0d 8900 | 0100 000f | 0d89 4001 | 0000 0f0d | 8980 0100 | 0049 8d4c | dc10 488b 
  0x0000022a9fafeaa4: d748 83c2 | 1048 83c6 | 0748 c1ee | 034c 8bc6 | c5f8 7749 | ba80 5b34 | 9f2a 0200 | 0041 ffd2 
  0x0000022a9fafeac4: ;   {other}
  0x0000022a9fafeac4: 0f1f 8400 | 0000 0000 | 488b 5424 | 684c 8bc7 

  0x0000022a9fafead4: ;   {optimized virtual_call}
  0x0000022a9fafead4: c5f8 77e8 

  0x0000022a9fafead8: ; ImmutableOopMap {[104]=Oop }
                      ;*invokevirtual setSigners {reexecute=0 rethrow=0 return_oop=0}
                      ; - java.lang.ClassLoader::setSigners@2 (line 1316)
                      ; - java.lang.ClassLoader::postDefineClass@35 (line 940)
                      ; - java.lang.ClassLoader::defineClass@37 (line 1027)
                      ; - java.security.SecureClassLoader::defineClass@12 (line 150)
  0x0000022a9fafead8: 0401 86ff 

  0x0000022a9fafeadc: ;   {other}
  0x0000022a9fafeadc: 0f1f 8400 | 541c 0019 | e9e6 faff | ff44 8b56 | 1445 85d2 | 0f84 16f1 | ffff 4d8b | 4728 498b 
  0x0000022a9fafeafc: ca48 c1e1 | 034d 85c0 | 0f84 1612 | 0000 4d8b | 5730 4b89 | 4c02 f849 | 83c0 f84d | 8947 28e9 
  0x0000022a9fafeb1c: ecf0 ffff | 4d8b 5740 | 4d8b 5f48 | f083 4424 | c000 8039 | 000f 8409 | f1ff ff44 | 8821 4d85 
  0x0000022a9fafeb3c: d275 2049 | 8bd7 c5f8 | 7749 bac0 | 0731 27fd | 7f00 0041 

  0x0000022a9fafeb50: ;   {other}
  0x0000022a9fafeb50: ffd2 0f1f | 8400 0000 | 0000 e9e1 | f0ff ff4b | 894c 13f8 | 4983 c2f8 | 4d89 5740 | e9cf f0ff 
  0x0000022a9fafeb70: ;   {oop(""{0x00000006004005c0})}
  0x0000022a9fafeb70: ff48 bfc0 | 0540 0006 | 0000 00e9 | c7f0 ffff | 4c63 c549 | 8d48 1048 | 8bd1 4883 | e2f8 498b 
  0x0000022a9fafeb90: fb48 03fa | 48c1 e903 | 4c2b d149 | 8bca 4833 | c048 83f9 | 087f 1048 | ffc9 7856 | 4889 04cf 
  0x0000022a9fafebb0: 48ff c97d | f7eb 4bc5 | fdef c0e9 | 0d00 0000 | c5fe 7f07 | c5fe 7f47 | 2048 83c7 | 4048 83e9 
  0x0000022a9fafebd0: 087d ed48 | 83c1 047c | 0cc5 fe7f | 0748 83c7 | 2048 83e9 | 0448 83c1 | 047e 1748 | c7c0 ffff 
  0x0000022a9fafebf0: ffff c4e2 | f0f5 c0c4 | e1fb 92f8 | 62f1 fe2f | 7f07 4983 | f820 7728 | 4c63 d549 | b8ff ffff 
  0x0000022a9fafec10: ffff ffff | ffc4 42a8 | f5c0 c4c1 | fb92 f862 | d17f af6f | 0662 d17f | 2f7f 01e9 | d1ef ffff 
  0x0000022a9fafec30: 4c89 5c24 | 5048 8974 | 2420 488b | eb49 8bce | 498b d1c5 | f877 49ba | 0032 349f | 2a02 0000 
  0x0000022a9fafec50: ;   {other}
  0x0000022a9fafec50: 41ff d20f | 1f84 0000 | 0000 0048 | 8bdd 488b | 7424 204c | 8b5c 2450 | e994 efff | ff4c 8b54 
  0x0000022a9fafec70: 2468 458b | 523c 4585 | d20f 84b9 | ecff ff4d | 8b5f 2849 | 8bca 48c1 | e103 4d85 | db0f 8479 
  0x0000022a9fafec90: 1200 004d | 8b57 304b | 894c 1af8 | 4983 c3f8 | 4d89 5f28 | e98f ecff | ff44 8b53 | 1445 85d2 
  0x0000022a9fafecb0: 0f84 21ec | ffff 4d8b | 5f28 498b | ca48 c1e1 | 034d 85db | 0f84 a212 | 0000 4d8b | 5730 4b89 
  0x0000022a9fafecd0: 4c1a f849 | 83c3 f84d | 895f 28e9 | f7eb ffff | 4d8b 5740 | 4d8b 5f48 | f083 4424 | c000 8039 
  0x0000022a9fafecf0: 000f 8417 | ecff ff44 | 8821 4d85 | d275 2049 | 8bd7 c5f8 | 7749 bac0 | 0731 27fd | 7f00 0041 
  0x0000022a9fafed10: ;   {other}
  0x0000022a9fafed10: ffd2 0f1f | 8400 0000 | 0000 e9ef | ebff ff4b | 894c 13f8 | 4983 c2f8 | 4d89 5740 | e9dd ebff 
  0x0000022a9fafed30: ff33 dbe9 | c4f3 ffff | 8bcd 4c63 | c149 8d48 | 1048 8bd1 | 4883 e2f8 | 488b fe48 | 03fa 48c1 
  0x0000022a9fafed50: e903 4c2b | c949 8bc9 | 4833 c048 | 83f9 087f | 1048 ffc9 | 7856 4889 | 04cf 48ff | c97d f7eb 
  0x0000022a9fafed70: 4bc5 fdef | c0e9 0d00 | 0000 c5fe | 7f07 c5fe | 7f47 2048 | 83c7 4048 | 83e9 087d | ed48 83c1 
  0x0000022a9fafed90: 047c 0cc5 | fe7f 0748 | 83c7 2048 | 83e9 0448 | 83c1 047e | 1748 c7c0 | ffff ffff | c4e2 f0f5 
  0x0000022a9fafedb0: c0c4 e1fb | 92f8 62f1 | fe2f 7f07 | 4983 f820 | 772b 448b | cd4d 63c1 | 49b9 ffff | ffff ffff 
  0x0000022a9fafedd0: ffff c442 | b8f5 c9c4 | c1fb 92f9 | 62d1 7faf | 6f03 62d1 | 7f2f 7f02 | e9df eaff | ff49 8bcb 
  0x0000022a9fafedf0: 498b d2c5 | f877 49ba | 0032 349f | 2a02 0000 

  0x0000022a9fafee00: ;   {other}
  0x0000022a9fafee00: 41ff d20f | 1f84 0000 | 0000 00e9 | bcea ffff | 498b 87b8 | 0100 004c | 8bd0 4983 | c218 4b8d 
  0x0000022a9fafee20: 0cec 4d3b | 97c8 0100 | 000f 83e5 | 1300 004d | 8997 b801 | 0000 410f | 0d8a c000 | 0000 48c7 
  0x0000022a9fafee40: 0001 0000 

  0x0000022a9fafee44: ;   {metadata('java/util/ArrayList')}
  0x0000022a9fafee44: 00c7 4008 | 20a0 1e00 | 4489 600c | 4489 6010 | 478b 54dc 

  0x0000022a9fafee58: ;   {oop(a 'java/lang/Object'[0] {0x0000000600402998})}
  0x0000022a9fafee58: 0cc7 4014 | 3305 08c0 | 4c8b c845 | 85d2 7619 

  0x0000022a9fafee68: ;   {oop(""{0x00000006004005c0})}
  0x0000022a9fafee68: 48ba c005 | 4000 0600 | 0000 48be | 0000 80ad | 2a02 0000 | 4533 c0eb 

  0x0000022a9fafee80: ;   {oop(""{0x00000006004005c0})}
  0x0000022a9fafee80: 4f49 bac0 | 0540 0006 | 0000 0049 | bb00 0080 | ad2a 0200 | 00e9 0801 | 0000 660f | 1f44 0000 
  0x0000022a9fafeea0: 4889 6c24 | 284c 8b54 | 2420 4c89 | 5424 3048 | 8b5c 2450 | 488b 5424 | 6048 8b74 | 2468 488b 
  0x0000022a9fafeec0: 7c24 7048 | 8b4c 2478 | 4c8b 8c24 | 8000 0000 

  0x0000022a9fafeed0: ; implicit exception: dispatches to 0x0000022a9fb00884
  0x0000022a9fafeed0: 478b 54dc | 0c45 3bc2 | 0f83 fa15 | 0000 4f8d | 14dc 478b | 5c82 1047 | 8b54 dc10 

  0x0000022a9fafeeec: ; implicit exception: dispatches to 0x0000022a9fb008b4
  0x0000022a9fafeeec: 478b 5cd4 | 1044 8944 | 245c 4c89 | 8c24 8000 | 0000 4889 | 4c24 7848 | 897c 2470 | 4889 7424 
  0x0000022a9fafef0c: 6848 8954 | 2460 4489 | 6c24 5848 | 895c 2450 | 4c8b 5424 | 304c 8954 | 2420 488b | 6c24 284d 
  0x0000022a9fafef2c: 8bc3 49c1 | e003 498b | d166 6690 

  0x0000022a9fafef38: ;   {optimized virtual_call}
  0x0000022a9fafef38: c5f8 77e8 

  0x0000022a9fafef3c: ; ImmutableOopMap {rbp=Oop [32]=Oop [56]=Oop [72]=Oop [80]=Oop [88]=NarrowOop [96]=Oop [112]=Oop [120]=Oop [128]=Oop }
                      ;*invokevirtual addAll {reexecute=0 rethrow=0 return_oop=0}
                      ; - java.security.CodeSource::getCertificates@57 (line 207)
                      ; - java.lang.ClassLoader::checkCerts@34 (line 1166)
                      ; - java.lang.ClassLoader::preDefineClass@113 (line 918)
                      ; - java.lang.ClassLoader::defineClass@4 (line 1024)
                      ; - java.security.SecureClassLoader::defineClass@12 (line 150)
  0x0000022a9fafef3c: a0fc 85ff 

  0x0000022a9fafef40: ;   {other}
  0x0000022a9fafef40: 0f1f 8400 | b820 001a | 4d8b 9750 | 0400 0044 | 8b6c 2458 | 478b 5cec | 1044 8b44 | 245c 41ff 
  0x0000022a9fafef60: ; ImmutableOopMap {r11=NarrowOop rbp=Oop r13=NarrowOop [32]=Oop [56]=Oop [72]=Oop [80]=Oop [96]=Oop [112]=Oop [120]=Oop [128]=Oop }
                      ;*goto {reexecute=1 rethrow=0 return_oop=0}
                      ; - (reexecute) java.security.CodeSource::getCertificates@64 (line 206)
                      ; - java.lang.ClassLoader::checkCerts@34 (line 1166)
                      ; - java.lang.ClassLoader::preDefineClass@113 (line 918)
                      ; - java.lang.ClassLoader::defineClass@4 (line 1024)
                      ; - java.security.SecureClassLoader::defineClass@12 (line 150)
                      ;   {poll}
  0x0000022a9fafef60: c041 8502 

  0x0000022a9fafef64: ; implicit exception: dispatches to 0x0000022a9fb008cc
  0x0000022a9fafef64: 478b 54dc | 0c45 3bc2 | 0f8c 2eff | ffff 4889 | 6c24 284c | 8b54 2420 | 4c89 5424 | 3048 8b5c 
  0x0000022a9fafef84: 2450 4c8b | 5424 604c | 8b5c 2468 | 488b 7c24 | 7048 8b4c | 2478 4c8b | 8c24 8000 | 0000 498b 
  0x0000022a9fafefa4: 87b8 0100 | 004c 8bc0 | 4983 c010 | 4d3b 87c8 | 0100 000f | 83c8 1200 | 004d 8987 | b801 0000 
  0x0000022a9fafefc4: 410f 0d88 | c000 0000 | 48c7 0001 | 0000 0041 | 0f0d 8800 

  0x0000022a9fafefd8: ;   {metadata('java/security/cert/Certificate'[])}
  0x0000022a9fafefd8: 0100 00c7 | 4008 b038 | 2200 410f | 0d88 4001 | 0000 4489 | 600c 410f | 0d88 8001 | 0000 488b 
  0x0000022a9fafeff8: 6c24 284c | 8b44 2430 | 4c89 4424 | 2048 895c | 2450 4489 | 6c24 584c | 8954 2460 | 4c89 5c24 
  0x0000022a9faff018: 6848 897c | 2470 4889 | 4c24 784c | 898c 2480 | 0000 004c | 8bc0 488b | 9424 8000 | 0000 6690 
  0x0000022a9faff038: ;   {optimized virtual_call}
  0x0000022a9faff038: c5f8 77e8 

  0x0000022a9faff03c: ; ImmutableOopMap {rbp=Oop [32]=Oop [56]=Oop [72]=Oop [80]=Oop [88]=NarrowOop [96]=Oop [112]=Oop [120]=Oop }
                      ;*invokevirtual toArray {reexecute=0 rethrow=0 return_oop=1}
                      ; - java.security.CodeSource::getCertificates@73 (line 210)
                      ; - java.lang.ClassLoader::checkCerts@34 (line 1166)
                      ; - java.lang.ClassLoader::preDefineClass@113 (line 918)
                      ; - java.lang.ClassLoader::defineClass@4 (line 1024)
                      ; - java.security.SecureClassLoader::defineClass@12 (line 150)
  0x0000022a9faff03c: a0fb 85ff 

  0x0000022a9faff040: ;   {other}
  0x0000022a9faff040: 0f1f 8400 | b821 001c | 4c8b c844 

  0x0000022a9faff04c: ;   {metadata('java/security/cert/Certificate'[])}
  0x0000022a9faff04c: 8b58 0841 | 81fb b038 | 2200 0f85 | 4816 0000 | 4180 7f38 | 000f 85cd | 0d00 008b | 5c24 584c 
  0x0000022a9faff06c: 8b54 2478 | 4d8b da4d | 8bd1 49c1 | ea03 4589 | 54dc 144d | 8bd1 4d33 | d349 c1ea | 164d 85d2 
  0x0000022a9faff08c: 741a 49c1 | eb09 48b9 | 0000 80ad | 2a02 0000 | 4903 cb80 | 3902 0f85 | c80d 0000 | 458b 410c 
  0x0000022a9faff0ac: 458b 5108 | 4d63 d849 | c1e3 0241 | 81f8 0000 | 0400 0f87 | 1912 0000 | 498b 9fb8 | 0100 0049 
  0x0000022a9faff0cc: 8d4b 1748 | 83e1 f848 | 8bfb 4803 | f949 3bbf | c801 0000 | 0f83 f711 | 0000 4989 | bfb8 0100 
  0x0000022a9faff0ec: 000f 0d8f | c000 0000 | 48c7 0301 | 0000 0044 | 8953 0844 | 8943 0c0f | 0d8f 0001 | 0000 0f0d 
  0x0000022a9faff10c: 8f40 0100 | 000f 0d8f | 8001 0000 | 498b c948 | 83c1 1048 | 8bd3 4883 | c210 4983 | c307 49c1 
  0x0000022a9faff12c: eb03 4d8b | c3c5 f877 | 49ba 805b | 349f 2a02 | 0000 41ff 

  0x0000022a9faff140: ;   {other}
  0x0000022a9faff140: d20f 1f84 | 0000 0000 | 004c 8bd3 | 4889 6c24 | 284c 8b5c | 2420 4c89 | 5c24 3048 | 8b5c 2450 
  0x0000022a9faff160: 4c8b 5c24 | 604c 8b4c | 2468 488b | 7c24 7049 | 8bf2 e91e | f7ff ff83 | fa01 7407 | 33db e96d 
  0x0000022a9faff180: efff ff85 | d20f 86dd | 1300 000f | b61f e95d | efff ff33 | c0e9 b3eb 

  0x0000022a9faff198: ;   {oop(""{0x00000006004005c0})}
  0x0000022a9faff198: ffff 48be | c005 4000 | 0600 0000 | e99b eaff | ff49 8b87 | b801 0000 | 4c8b c049 | 83c0 184b 
  0x0000022a9faff1b8: 8d1c dc4d | 3b87 c801 | 0000 0f83 | 1812 0000 | 4d89 87b8 | 0100 0041 | 0f0d 88c0 | 0000 0048 
  0x0000022a9faff1d8: c700 0100 

  0x0000022a9faff1dc: ;   {metadata('java/util/ArrayList')}
  0x0000022a9faff1dc: 0000 c740 | 0820 a01e | 0044 8960 | 0c44 8960 | 1043 8b7c 

  0x0000022a9faff1f0: ;   {oop(a 'java/lang/Object'[0] {0x0000000600402998})}
  0x0000022a9faff1f0: d40c c740 | 1433 0508 | c04c 8bc0 | 85ff 0f86 | a100 0000 | 33c9 eb15 | 0f1f 8400 | 0000 0000 
  0x0000022a9faff210: 4c8b cd48 | 8b5c 2430 | 4c8b 4424 | 3843 8b54 | d40c 3bca | 0f83 0e13 | 0000 49c1 | e203 458b 
  0x0000022a9faff230: 548a 1043 | 8b7c d410 

  0x0000022a9faff238: ; implicit exception: dispatches to 0x0000022a9fb00914
  0x0000022a9faff238: 458b 54fc | 1089 4c24 | 2c4c 8944 | 2438 4889 | 5c24 3044 | 895c 2428 | 498b e94d | 8bc2 49c1 
  0x0000022a9faff258: e003 488b | 5424 3890 

  0x0000022a9faff260: ;   {optimized virtual_call}
  0x0000022a9faff260: c5f8 77e8 

  0x0000022a9faff264: ; ImmutableOopMap {rbp=Oop [40]=NarrowOop [48]=Oop [56]=Oop [104]=Oop }
                      ;*invokevirtual addAll {reexecute=0 rethrow=0 return_oop=0}
                      ; - java.security.CodeSource::getCertificates@57 (line 207)
                      ; - java.lang.ClassLoader::postDefineClass@24 (line 938)
                      ; - java.lang.ClassLoader::defineClass@37 (line 1027)
                      ; - java.security.SecureClassLoader::defineClass@12 (line 150)
  0x0000022a9faff264: 78f9 85ff 

  0x0000022a9faff268: ;   {other}
  0x0000022a9faff268: 0f1f 8400 | e023 001d | 4d8b 8750 | 0400 0044 | 8b5c 2428 | 478b 54dc | 108b 4c24 

  0x0000022a9faff284: ; ImmutableOopMap {r10=NarrowOop r11=NarrowOop rbp=Oop [48]=Oop [56]=Oop [104]=Oop }
                      ;*goto {reexecute=1 rethrow=0 return_oop=0}
                      ; - (reexecute) java.security.CodeSource::getCertificates@64 (line 206)
                      ; - java.lang.ClassLoader::postDefineClass@24 (line 938)
                      ; - java.lang.ClassLoader::defineClass@37 (line 1027)
                      ; - java.security.SecureClassLoader::defineClass@12 (line 150)
                      ;   {poll}
  0x0000022a9faff284: 2cff c141 | 8500 478b | 4cd4 0c41 | 3bc9 0f8c | 78ff ffff | 4c8b cd48 | 8b5c 2430 | 4c8b 4424 
  0x0000022a9faff2a4: 3849 8b87 | b801 0000 | 4c8b d049 | 83c2 104d | 3b97 c801 | 0000 0f83 | 6311 0000 | 4d89 97b8 
  0x0000022a9faff2c4: 0100 0041 | 0f0d 8ac0 | 0000 0048 | c700 0100 | 0000 410f | 0d8a 0001 

  0x0000022a9faff2dc: ;   {metadata('java/security/cert/Certificate'[])}
  0x0000022a9faff2dc: 0000 c740 | 08b0 3822 | 0041 0f0d | 8a40 0100 | 0044 8960 | 0c41 0f0d | 8a80 0100 | 004c 894c 
  0x0000022a9faff2fc: 2420 4c8b | 5424 684c | 8954 2428 | 418b eb48 | 895c 2430 | 4c89 4424 | 384c 8bc0 | 488b 5424 
  0x0000022a9faff31c: 3866 6690 

  0x0000022a9faff320: ;   {optimized virtual_call}
  0x0000022a9faff320: c5f8 77e8 

  0x0000022a9faff324: ; ImmutableOopMap {rbp=NarrowOop [32]=Oop [40]=Oop [48]=Oop }
                      ;*invokevirtual toArray {reexecute=0 rethrow=0 return_oop=1}
                      ; - java.security.CodeSource::getCertificates@73 (line 210)
                      ; - java.lang.ClassLoader::postDefineClass@24 (line 938)
                      ; - java.lang.ClassLoader::defineClass@37 (line 1027)
                      ; - java.security.SecureClassLoader::defineClass@12 (line 150)
  0x0000022a9faff324: b8f8 85ff 

  0x0000022a9faff328: ;   {other}
  0x0000022a9faff328: 0f1f 8400 | a024 001f | 488b f844 

  0x0000022a9faff334: ;   {metadata('java/security/cert/Certificate'[])}
  0x0000022a9faff334: 8b50 0841 | 81fa b038 | 2200 0f85 | 4413 0000 | 4180 7f38 | 000f 857d | 0c00 008b | dd4c 8bd7 
  0x0000022a9faff354: 4c89 5424 | 384c 8b54 | 2430 4c8b | 5c24 3849 | c1eb 0345 | 895c dc14 | 4c8b 5c24 | 384d 33da 
  0x0000022a9faff374: 49c1 eb16 | 4d85 db74 | 1649 c1ea | 094c 8b44 | 2458 4d03 | c241 8038 | 020f 8573 | 0c00 004c 
  0x0000022a9faff394: 8b54 2438 | 458b 5a0c | 458b 5208 | 4963 eb48 | c1e5 0241 | 81fb 0000 | 0400 0f87 | ad10 0000 
  0x0000022a9faff3b4: 498b 9fb8 | 0100 004c | 8d45 1749 | 83e0 f84c | 8bcb 4d03 | c84d 3b8f | c801 0000 | 0f83 8b10 
  0x0000022a9faff3d4: 0000 4d89 | 8fb8 0100 | 0041 0f0d | 89c0 0000 | 0048 c703 | 0100 0000 | 4489 5308 | 4489 5b0c 
  0x0000022a9faff3f4: 410f 0d89 | 0001 0000 | 410f 0d89 | 4001 0000 | 410f 0d89 | 8001 0000 | 488b 4c24 | 3848 83c1 
  0x0000022a9faff414: 1048 8bd3 | 4883 c210 | 4883 c507 | 48c1 ed03 | 4c8b c5c5 | f877 49ba | 805b 349f | 2a02 0000 
  0x0000022a9faff434: ;   {no_reloc}
  0x0000022a9faff434: 41ff d20f | 1f84 0000 | 0000 004c | 8b5c 2428 | 4c89 5c24 | 6848 8bfb | e97b f6ff 

  0x0000022a9faff450: ;   {metadata('java/security/SecureClassLoader$1')}
  0x0000022a9faff450: ff48 ba28 | 4c23 bc2a | 0200 004c | 8944 2450 

  0x0000022a9faff460: ;   {runtime_call _new_instance_Java}
  0x0000022a9faff460: c5f8 77e8 

  0x0000022a9faff464: ; ImmutableOopMap {rbp=NarrowOop [40]=Oop [48]=Oop [56]=Oop [80]=Oop }
                      ;*new {reexecute=0 rethrow=0 return_oop=1}
                      ; - java.security.SecureClassLoader::getProtectionDomain@20 (line 222)
                      ; - java.security.SecureClassLoader::defineClass@9 (line 150)
  0x0000022a9faff464: f855 93ff 

  0x0000022a9faff468: ;   {other}
  0x0000022a9faff468: 0f1f 8400 | e025 0020 | 4c8b c84c | 8b44 2450 | e9ba dfff 

  0x0000022a9faff47c: ;   {metadata('java/security/SecureClassLoader$CodeSourceKey')}
  0x0000022a9faff47c: ff48 bad8 | 4723 bc2a | 0200 0090 

  0x0000022a9faff488: ;   {runtime_call _new_instance_Java}
  0x0000022a9faff488: c5f8 77e8 

  0x0000022a9faff48c: ; ImmutableOopMap {rbp=Oop [40]=Oop [48]=Oop [56]=Oop }
                      ;*new {reexecute=0 rethrow=0 return_oop=1}
                      ; - java.security.SecureClassLoader::getProtectionDomain@6 (line 221)
                      ; - java.security.SecureClassLoader::defineClass@9 (line 150)
  0x0000022a9faff48c: d055 93ff 

  0x0000022a9faff490: ;   {other}
  0x0000022a9faff490: 0f1f 8400 | 0826 0021 | 4c8b c0e9 | 4adf ffff | 448b 5710 | 4585 d20f | 8478 f2ff | ff4d 8b5f 
  0x0000022a9faff4b0: 2849 8bca | 48c1 e103 | 4d85 db0f | 8433 0d00 | 004d 8b57 | 304b 894c | 1af8 4983 | c3f8 4d89 
  0x0000022a9faff4d0: 5f28 e94e | f2ff ff48 | 8b7c 2438 | 448b 5f0c | 4585 db0f | 84f2 f1ff | ff4d 8b57 | 2849 8bcb 
  0x0000022a9faff4f0: 48c1 e103 | 4d85 d20f | 84d7 0c00 | 004d 8b5f | 304b 894c | 13f8 4983 | c2f8 4d89 | 5728 e9c8 
  0x0000022a9faff510: f1ff ff4c | 8b4c 2420 | e989 f0ff | ff4d 8b57 | 484d 8b5f | 40f0 8344 | 24c0 0080 | 3900 0f84 
  0x0000022a9faff530: e6f1 ffff | 4488 214d | 85db 7520 | 498b d7c5 | f877 49ba | c007 3127 | fd7f 0000 

  0x0000022a9faff54c: ;   {other}
  0x0000022a9faff54c: 41ff d20f | 1f84 0000 | 0000 00e9 | bef1 ffff | 4b89 4c1a | f849 83c3 | f84d 895f | 40e9 acf1 
  0x0000022a9faff56c: ffff 4d8b | 5740 4d8b | 5f48 f083 | 4424 c000 | 8039 000f | 84d7 f1ff | ff44 8821 | 4d85 d275 
  0x0000022a9faff58c: 2049 8bd7 | c5f8 7749 | bac0 0731 | 27fd 7f00 | 0041 ffd2 

  0x0000022a9faff5a0: ;   {other}
  0x0000022a9faff5a0: 0f1f 8400 | 0000 0000 | e9af f1ff | ff4b 894c | 13f8 4983 | c2f8 4d89 | 5740 e99d | f1ff ff44 
  0x0000022a9faff5c0: 8944 243c | 4c89 7424 | 304c 8b54 | 2468 4c89 | 5424 284c | 894c 2420 | 488b d548 | c1e2 034b 
  0x0000022a9faff5e0: 8d2c dc44 | 895c 2438 

  0x0000022a9faff5e8: ;   {static_call}
  0x0000022a9faff5e8: c5f8 77e8 

  0x0000022a9faff5ec: ; ImmutableOopMap {rbp=Oop [32]=Oop [40]=Oop [48]=Oop [56]=NarrowOop [60]=NarrowOop [72]=Oop }
                      ;*invokestatic hashCode {reexecute=0 rethrow=0 return_oop=0}
                      ; - java.lang.String::hashCode@37 (line 2459)
                      ; - java.util.concurrent.ConcurrentHashMap::get@1 (line 937)
                      ; - java.lang.ClassLoader::getNamedPackage@5 (line 340)
                      ; - java.lang.ClassLoader::postDefineClass@9 (line 935)
                      ; - java.lang.ClassLoader::defineClass@37 (line 1027)
                      ; - java.security.SecureClassLoader::defineClass@12 (line 150)
  0x0000022a9faff5ec: f0ff 85ff 

  0x0000022a9faff5f0: ;   {other}
  0x0000022a9faff5f0: 0f1f 8400 | 6827 0022 | 8bd8 4c8b | 4c24 204c | 8b54 2428 | 4c89 5424 | 684c 8b74 | 2430 448b 
  0x0000022a9faff610: 5c24 3844 | 8b44 243c | e9d3 eaff | ff41 c646 | 1101 33db | e9d3 eaff | ff44 8944 | 2474 4489 
  0x0000022a9faff630: 6c24 7048 | 895c 2468 | 4c89 7424 | 604c 894c | 2458 4489 | 5c24 5444 | 8954 2450 | 4c8b 5424 
  0x0000022a9faff650: 304c 8954 | 2420 488b 

  0x0000022a9faff658: ;   {metadata('java/lang/String')}
  0x0000022a9faff658: 6c24 2848 | bad0 0d17 | bc2a 0200 | 0066 6690 

  0x0000022a9faff668: ;   {runtime_call _new_instance_Java}
  0x0000022a9faff668: c5f8 77e8 

  0x0000022a9faff66c: ; ImmutableOopMap {rbp=Oop [32]=Oop [56]=Oop [72]=Oop [80]=NarrowOop [88]=Oop [96]=Derived_oop_[88] [104]=Oop [112]=NarrowOop }
                      ;*new {reexecute=0 rethrow=0 return_oop=1}
                      ; - java.lang.StringLatin1::newString@7 (line 856)
                      ; - java.lang.String::substring@41 (line 2930)
                      ; - java.lang.ClassLoader::checkCerts@21 (line 1162)
                      ; - java.lang.ClassLoader::preDefineClass@113 (line 918)
                      ; - java.lang.ClassLoader::defineClass@4 (line 1024)
                      ; - java.security.SecureClassLoader::defineClass@12 (line 150)
  0x0000022a9faff66c: f053 93ff 

  0x0000022a9faff670: ;   {other}
  0x0000022a9faff670: 0f1f 8400 | e827 0023 | 4889 6c24 | 284c 8b54 | 2420 4c89 | 5424 3044 | 8b54 2450 | 448b 5c24 
  0x0000022a9faff690: 544c 8b4c | 2458 4c8b | 7424 6048 | 8b5c 2468 | 448b 6c24 | 7044 8b44 | 2474 488b | f0e9 a9e3 
  0x0000022a9faff6b0: ;   {oop(""{0x00000006004005c0})}
  0x0000022a9faff6b0: ffff 48bb | c005 4000 | 0600 0000 | e951 e2ff | ff48 898c | 2480 0000 | 004c 8954 | 2478 4889 
  0x0000022a9faff6d0: 7424 7044 | 8944 246c | 4489 6c24 | 6848 895c | 2460 4c89 

  0x0000022a9faff6e4: ;   {metadata({type array byte})}
  0x0000022a9faff6e4: 7424 5848 | ba10 5d16 | bc2a 0200 | 004c 894c | 2450 6690 

  0x0000022a9faff6f8: ;   {runtime_call _new_array_nozero_Java}
  0x0000022a9faff6f8: c5f8 77e8 

  0x0000022a9faff6fc: ; ImmutableOopMap {[40]=Oop [48]=Oop [56]=Oop [72]=Oop [80]=Oop [88]=Derived_oop_[80] [96]=Oop [104]=NarrowOop [112]=Oop }
                      ;*newarray {reexecute=0 rethrow=0 return_oop=1}
                      ; - java.util.Arrays::copyOfRange@59 (line 3852)
                      ; - java.lang.StringLatin1::newString@16 (line 856)
                      ; - java.lang.String::substring@41 (line 2930)
                      ; - java.lang.ClassLoader::checkCerts@21 (line 1162)
                      ; - java.lang.ClassLoader::preDefineClass@113 (line 918)
                      ; - java.lang.ClassLoader::defineClass@4 (line 1024)
                      ; - java.security.SecureClassLoader::defineClass@12 (line 150)
  0x0000022a9faff6fc: 604d 93ff 

  0x0000022a9faff700: ;   {other}
  0x0000022a9faff700: 0f1f 8400 | 7828 0024 | 4c8b 7424 | 5848 8b5c | 2460 448b | 6c24 6844 | 8b44 246c | 488b 7424 
  0x0000022a9faff720: 704c 8b54 | 2478 488b | 8c24 8000 | 0000 4c8b | d8e9 80e4 | ffff 4489 | 4424 304c | 8974 2428 
  0x0000022a9faff740: 4c89 4c24 

  0x0000022a9faff744: ;   {metadata('java/lang/NamedPackage')}
  0x0000022a9faff744: 2048 ba70 | 0722 bc2a | 0200 0090 

  0x0000022a9faff750: ;   {runtime_call _new_instance_Java}
  0x0000022a9faff750: c5f8 77e8 

  0x0000022a9faff754: ; ImmutableOopMap {[32]=Oop [40]=Oop [48]=NarrowOop [72]=Oop [104]=Oop }
                      ;*new {reexecute=0 rethrow=0 return_oop=1}
                      ; - java.lang.ClassLoader::getNamedPackage@16 (line 342)
                      ; - java.lang.ClassLoader::postDefineClass@9 (line 935)
                      ; - java.lang.ClassLoader::defineClass@37 (line 1027)
                      ; - java.security.SecureClassLoader::defineClass@12 (line 150)
  0x0000022a9faff754: 0853 93ff 

  0x0000022a9faff758: ;   {other}
  0x0000022a9faff758: 0f1f 8400 | d028 0025 | e9a4 eaff | ff44 8944 | 2438 4489 | 5424 3444 | 894c 2430 | 4c8b 5424 
  0x0000022a9faff778: 684c 8954 

  0x0000022a9faff77c: ;   {metadata('java/lang/String')}
  0x0000022a9faff77c: 2420 48ba | d00d 17bc | 2a02 0000 

  0x0000022a9faff788: ;   {runtime_call _new_instance_Java}
  0x0000022a9faff788: c5f8 77e8 

  0x0000022a9faff78c: ; ImmutableOopMap {rbp=Oop [32]=Oop [40]=Oop [48]=NarrowOop [72]=Oop [104]=Oop }
                      ;*new {reexecute=0 rethrow=0 return_oop=1}
                      ; - java.lang.StringLatin1::newString@7 (line 856)
                      ; - java.lang.String::substring@41 (line 2930)
                      ; - java.lang.Class::getPackageName@62 (line 1258)
                      ; - java.lang.ClassLoader::postDefineClass@2 (line 935)
                      ; - java.lang.ClassLoader::defineClass@37 (line 1027)
                      ; - java.security.SecureClassLoader::defineClass@12 (line 150)
  0x0000022a9faff78c: d052 93ff 

  0x0000022a9faff790: ;   {other}
  0x0000022a9faff790: 0f1f 8400 | 0829 0026 | 448b 4c24 | 3044 8b54 | 2434 448b | 4424 3848 | 8bd8 e999 

  0x0000022a9faff7ac: ;   {metadata('java/lang/StringBuilder')}
  0x0000022a9faff7ac: dfff ff48 | baf0 a516 | bc2a 0200 | 0066 6690 

  0x0000022a9faff7bc: ;   {runtime_call _new_instance_Java}
  0x0000022a9faff7bc: c5f8 77e8 

  0x0000022a9faff7c0: ; ImmutableOopMap {[32]=Oop [40]=Oop [48]=NarrowOop [56]=Oop [64]=Oop [72]=Oop [96]=Oop [104]=Oop }
                      ;*new {reexecute=0 rethrow=0 return_oop=1}
                      ; - java.lang.NamedPackage::<init>@22 (line 49)
                      ; - java.lang.ClassLoader::getNamedPackage@22 (line 342)
                      ; - java.lang.ClassLoader::postDefineClass@9 (line 935)
                      ; - java.lang.ClassLoader::defineClass@37 (line 1027)
                      ; - java.security.SecureClassLoader::defineClass@12 (line 150)
  0x0000022a9faff7c0: 9c52 93ff 

  0x0000022a9faff7c4: ;   {other}
  0x0000022a9faff7c4: 0f1f 8400 | 3c29 0027 | e938 ebff 

  0x0000022a9faff7d0: ;   {metadata('java/lang/InternalError')}
  0x0000022a9faff7d0: ff48 ba38 | 2c17 bc2a | 0200 0090 

  0x0000022a9faff7dc: ;   {runtime_call _new_instance_Java}
  0x0000022a9faff7dc: c5f8 77e8 

  0x0000022a9faff7e0: ; ImmutableOopMap {[32]=Oop [40]=Oop [48]=NarrowOop [56]=Oop [64]=Oop [72]=Oop [104]=Oop }
                      ;*new {reexecute=0 rethrow=0 return_oop=1}
                      ; - java.lang.NamedPackage::<init>@18 (line 49)
                      ; - java.lang.ClassLoader::getNamedPackage@22 (line 342)
                      ; - java.lang.ClassLoader::postDefineClass@9 (line 935)
                      ; - java.lang.ClassLoader::defineClass@37 (line 1027)
                      ; - java.security.SecureClassLoader::defineClass@12 (line 150)
  0x0000022a9faff7e0: 7c52 93ff 

  0x0000022a9faff7e4: ;   {other}
  0x0000022a9faff7e4: 0f1f 8400 | 5c29 0028 | e9c7 eaff | ff48 897c | 2460 4c89 | 4c24 504c | 895c 2440 | 4889 5c24 
  0x0000022a9faff804: 3844 8944 | 2430 4c8b | 5424 684c | 8954 2420 

  0x0000022a9faff814: ;   {metadata({type array byte})}
  0x0000022a9faff814: 48ba 105d | 16bc 2a02 | 0000 6690 

  0x0000022a9faff820: ;   {runtime_call _new_array_nozero_Java}
  0x0000022a9faff820: c5f8 77e8 

  0x0000022a9faff824: ; ImmutableOopMap {rbp=Oop [64]=Derived_oop_rbp [32]=Oop [40]=Oop [56]=Oop [72]=Oop [104]=Oop }
                      ;*newarray {reexecute=0 rethrow=0 return_oop=1}
                      ; - java.util.Arrays::copyOfRange@59 (line 3852)
                      ; - java.lang.StringLatin1::newString@16 (line 856)
                      ; - java.lang.String::substring@41 (line 2930)
                      ; - java.lang.Class::getPackageName@62 (line 1258)
                      ; - java.lang.ClassLoader::postDefineClass@2 (line 935)
                      ; - java.lang.ClassLoader::defineClass@37 (line 1027)
                      ; - java.security.SecureClassLoader::defineClass@12 (line 150)
  0x0000022a9faff824: 384c 93ff 

  0x0000022a9faff828: ;   {other}
  0x0000022a9faff828: 0f1f 8400 | a029 0029 | 448b 4424 | 3048 8b5c | 2438 4c8b | 5c24 404c | 8b4c 2450 | 488b 7c24 
  0x0000022a9faff848: 6048 8bf0 | e932 e0ff | ff4c 8944 | 2470 4889 | 7424 6844 | 896c 2424 | 4889 5c24 | 604c 8974 
  0x0000022a9faff868: 2458 4489 

  0x0000022a9faff86c: ;   {metadata({type array byte})}
  0x0000022a9faff86c: 5424 2048 | ba10 5d16 | bc2a 0200 | 004c 894c | 2450 458b | c366 6690 

  0x0000022a9faff884: ;   {runtime_call _new_array_nozero_Java}
  0x0000022a9faff884: c5f8 77e8 

  0x0000022a9faff888: ; ImmutableOopMap {[32]=NarrowOop [36]=NarrowOop [40]=Oop [48]=Oop [56]=Oop [72]=Oop [80]=Oop [88]=Derived_oop_[80] [96]=Oop [104]=Oop }
                      ;*invokevirtual clone {reexecute=1 rethrow=0 return_oop=1}
                      ; - (reexecute) java.util.Arrays::copyOfRange@11 (line 3846)
                      ; - java.lang.StringLatin1::newString@16 (line 856)
                      ; - java.lang.String::substring@41 (line 2930)
                      ; - java.lang.ClassLoader::checkCerts@21 (line 1162)
                      ; - java.lang.ClassLoader::preDefineClass@113 (line 918)
                      ; - java.lang.ClassLoader::defineClass@4 (line 1024)
                      ; - java.security.SecureClassLoader::defineClass@12 (line 150)
  0x0000022a9faff888: d44b 93ff 

  0x0000022a9faff88c: ;   {other}
  0x0000022a9faff88c: 0f1f 8400 | 042a 002a | 488b f8e9 | 48e2 ffff | 4889 7424 | 504c 895c | 2440 4889 | 5c24 3844 
  0x0000022a9faff8ac: 894c 2430 | 4c8b 5c24 | 684c 895c 

  0x0000022a9faff8b8: ;   {metadata({type array byte})}
  0x0000022a9faff8b8: 2420 48ba | 105d 16bc | 2a02 0000 | 458b c290 

  0x0000022a9faff8c8: ;   {runtime_call _new_array_nozero_Java}
  0x0000022a9faff8c8: c5f8 77e8 

  0x0000022a9faff8cc: ; ImmutableOopMap {rbp=Oop [64]=Derived_oop_rbp [32]=Oop [40]=Oop [48]=NarrowOop [56]=Oop [72]=Oop }
                      ;*invokevirtual clone {reexecute=1 rethrow=0 return_oop=1}
                      ; - (reexecute) java.util.Arrays::copyOfRange@11 (line 3846)
                      ; - java.lang.StringLatin1::newString@16 (line 856)
                      ; - java.lang.String::substring@41 (line 2930)
                      ; - java.lang.Class::getPackageName@62 (line 1258)
                      ; - java.lang.ClassLoader::postDefineClass@2 (line 935)
                      ; - java.lang.ClassLoader::defineClass@37 (line 1027)
                      ; - java.security.SecureClassLoader::defineClass@12 (line 150)
  0x0000022a9faff8cc: 904b 93ff 

  0x0000022a9faff8d0: ;   {other}
  0x0000022a9faff8d0: 0f1f 8400 | 482a 002b | 4c8b 5c24 | 204c 895c | 2468 488b | 5c24 384c | 8b5c 2440 | 488b 7424 
  0x0000022a9faff8f0: 5048 8bf8 | e9c4 deff | ff4c 895c | 2468 458b | da44 8944 | 2460 4889 | 7c24 5848 | 895c 2450 
  0x0000022a9faff910: 4c8b 5424 | 284c 8954 | 2420 48ba | 0000 00bc | 2a02 0000 | 4903 d145 | 8bc3 6690 

  0x0000022a9faff92c: ;   {runtime_call _new_array_Java}
  0x0000022a9faff92c: c5f8 77e8 

  0x0000022a9faff930: ; ImmutableOopMap {rbp=Oop [32]=Oop [48]=Oop [56]=Oop [72]=Oop [80]=Oop [88]=Oop [96]=NarrowOop }
                      ;*invokevirtual clone {reexecute=1 rethrow=0 return_oop=1}
                      ; - (reexecute) java.security.CodeSource::getCertificates@11 (line 200)
                      ; - java.lang.ClassLoader::checkCerts@34 (line 1166)
                      ; - java.lang.ClassLoader::preDefineClass@113 (line 918)
                      ; - java.lang.ClassLoader::defineClass@4 (line 1024)
                      ; - java.security.SecureClassLoader::defineClass@12 (line 150)
  0x0000022a9faff930: 2c4e 93ff 

  0x0000022a9faff934: ;   {other}
  0x0000022a9faff934: 0f1f 8400 | ac2a 002c | 4c8b 5c24 | 204c 895c | 2428 488b | 5c24 5048 | 8b7c 2458 | 448b 4424 
  0x0000022a9faff954: 604c 8b5c | 2468 488b | f0e9 f0ee | ffff 4889 | 7424 3889 | 5c24 304c | 894c 2420 | 48ba 0000 
  0x0000022a9faff974: 00bc 2a02 | 0000 4903 | d266 6690 

  0x0000022a9faff980: ;   {runtime_call _new_array_Java}
  0x0000022a9faff980: c5f8 77e8 

  0x0000022a9faff984: ; ImmutableOopMap {rbp=Oop [32]=Oop [48]=NarrowOop [104]=Oop }
                      ;*invokevirtual clone {reexecute=1 rethrow=0 return_oop=1}
                      ; - (reexecute) java.security.CodeSource::getCertificates@11 (line 200)
                      ; - java.lang.ClassLoader::postDefineClass@24 (line 938)
                      ; - java.lang.ClassLoader::defineClass@37 (line 1027)
                      ; - java.security.SecureClassLoader::defineClass@12 (line 150)
  0x0000022a9faff984: d84d 93ff 

  0x0000022a9faff988: ;   {other}
  0x0000022a9faff988: 0f1f 8400 | 002b 002d | 8b5c 2430 | 488b 7424 | 3848 8bf8 | e9fc f0ff | ffba f6ff | ffff 488b 
  0x0000022a9faff9a8: ef4c 8954 | 2420 6690 

  0x0000022a9faff9b0: ;   {runtime_call UncommonTrapBlob}
  0x0000022a9faff9b0: c5f8 77e8 

  0x0000022a9faff9b4: ; ImmutableOopMap {rbp=Oop [32]=Oop }
                      ;*invokevirtual putIfAbsent {reexecute=0 rethrow=0 return_oop=0}
                      ; - java.lang.ClassLoader::checkCerts@62 (line 1169)
                      ; - java.lang.ClassLoader::preDefineClass@113 (line 918)
                      ; - java.lang.ClassLoader::defineClass@4 (line 1024)
                      ; - java.security.SecureClassLoader::defineClass@12 (line 150)
  0x0000022a9faff9b4: 287f 86ff 

  0x0000022a9faff9b8: ;   {other}
  0x0000022a9faff9b8: 0f1f 8400 | 302b 002e | baf6 ffff | ff48 8beb 

  0x0000022a9faff9c8: ;   {runtime_call UncommonTrapBlob}
  0x0000022a9faff9c8: c5f8 77e8 

  0x0000022a9faff9cc: ; ImmutableOopMap {rbp=Oop }
                      ;*invokevirtual get {reexecute=0 rethrow=0 return_oop=0}
                      ; - java.lang.ClassLoader::getNamedPackage@5 (line 340)
                      ; - java.lang.ClassLoader::postDefineClass@9 (line 935)
                      ; - java.lang.ClassLoader::defineClass@37 (line 1027)
                      ; - java.security.SecureClassLoader::defineClass@12 (line 150)
  0x0000022a9faff9cc: 107f 86ff 

  0x0000022a9faff9d0: ;   {other}
  0x0000022a9faff9d0: 0f1f 8400 | 482b 002f | baf6 ffff | ff66 6690 

  0x0000022a9faff9e0: ;   {runtime_call UncommonTrapBlob}
  0x0000022a9faff9e0: c5f8 77e8 

  0x0000022a9faff9e4: ; ImmutableOopMap {rbp=NarrowOop }
                      ;*invokevirtual toExternalForm {reexecute=0 rethrow=0 return_oop=0}
                      ; - java.net.URL::toExternalForm@5 (line 1203)
                      ; - java.net.URL::toString@1 (line 1189)
                      ; - java.lang.ClassLoader::defineClassSourceLocation@22 (line 928)
                      ; - java.lang.ClassLoader::defineClass@12 (line 1025)
                      ; - java.security.SecureClassLoader::defineClass@12 (line 150)
  0x0000022a9faff9e4: f87e 86ff 

  0x0000022a9faff9e8: ;   {other}
  0x0000022a9faff9e8: 0f1f 8400 | 602b 0030 | ba76 ffff | ff44 8944 | 2420 448b | 5c24 4044 | 895c 2424 | 448b 4424 
  0x0000022a9faffa08: 4444 8944 | 2440 4889 | 5c24 5044 | 896c 2444 | 4489 5424 | 6066 6690 

  0x0000022a9faffa20: ;   {runtime_call UncommonTrapBlob}
  0x0000022a9faffa20: c5f8 77e8 

  0x0000022a9faffa24: ; ImmutableOopMap {[40]=Oop [48]=Oop [56]=Oop [68]=NarrowOop [72]=Oop [80]=Oop [96]=NarrowOop }
                      ;*iflt {reexecute=1 rethrow=0 return_oop=0}
                      ; - (reexecute) java.lang.StringLatin1::lastIndexOf@19 (line 395)
                      ; - java.lang.String::lastIndexOf@13 (line 2664)
                      ; - java.lang.String::lastIndexOf@8 (line 2626)
                      ; - java.lang.ClassLoader::checkCerts@3 (line 1161)
                      ; - java.lang.ClassLoader::preDefineClass@113 (line 918)
                      ; - java.lang.ClassLoader::defineClass@4 (line 1024)
                      ; - java.security.SecureClassLoader::defineClass@12 (line 150)
  0x0000022a9faffa24: b87e 86ff 

  0x0000022a9faffa28: ;   {other}
  0x0000022a9faffa28: 0f1f 8400 | a02b 0031 | bade ffff | ff4c 8954 | 2420 4c8b | 5424 304c | 8954 2428 | 4c8b 5424 
  0x0000022a9faffa48: 384c 8954 | 2430 448b | 5c24 4044 | 895c 2438 | 448b 5c24 | 4444 895c | 243c 4c89 | 4424 404c 
  0x0000022a9faffa68: 894c 2448 

  0x0000022a9faffa6c: ;   {runtime_call UncommonTrapBlob}
  0x0000022a9faffa6c: c5f8 77e8 

  0x0000022a9faffa70: ; ImmutableOopMap {rbp=NarrowOop [32]=Oop [40]=Oop [48]=Oop [64]=Oop [72]=Oop }
                      ;*invokeinterface computeIfAbsent {reexecute=0 rethrow=0 return_oop=0}
                      ; - java.security.SecureClassLoader::getProtectionDomain@28 (line 222)
                      ; - java.security.SecureClassLoader::defineClass@9 (line 150)
  0x0000022a9faffa70: 6c7e 86ff 

  0x0000022a9faffa74: ;   {other}
  0x0000022a9faffa74: 0f1f 8400 | ec2b 0032 | ba45 ffff | ff48 8b6c | 2428 6690 

  0x0000022a9faffa88: ;   {runtime_call UncommonTrapBlob}
  0x0000022a9faffa88: c5f8 77e8 

  0x0000022a9faffa8c: ; ImmutableOopMap {rbp=Oop [48]=Oop [56]=Oop [72]=Oop }
                      ;*ifeq {reexecute=1 rethrow=0 return_oop=0}
                      ; - (reexecute) java.lang.ClassLoader::checkName@8 (line 1153)
                      ; - java.lang.ClassLoader::preDefineClass@1 (line 901)
                      ; - java.lang.ClassLoader::defineClass@4 (line 1024)
                      ; - java.security.SecureClassLoader::defineClass@12 (line 150)
  0x0000022a9faffa8c: 507e 86ff 

  0x0000022a9faffa90: ;   {other}
  0x0000022a9faffa90: 0f1f 8400 | 082c 0033 | 448b c7e9 | fadb ffff | 4983 c2fe | 498b ca49 | 8bf9 4833 | c048 83f9 
  0x0000022a9faffab0: 087f 1048 | ffc9 7856 | 4889 04cf | 48ff c97d | f7eb 4bc5 | fdef c0e9 | 0d00 0000 | c5fe 7f07 
  0x0000022a9faffad0: c5fe 7f47 | 2048 83c7 | 4048 83e9 | 087d ed48 | 83c1 047c | 0cc5 fe7f | 0748 83c7 | 2048 83e9 
  0x0000022a9faffaf0: 0448 83c1 | 047e 1748 | c7c0 ffff | ffff c4e2 | f0f5 c0c4 | e1fb 92f8 | 62f1 fe2f | 7f07 e9ee 
  0x0000022a9faffb10: e0ff ffba | ccff ffff | 4489 4424 | 2044 8b5c | 2440 4489 | 5c24 2444 | 8b44 2444 | 4489 4424 
  0x0000022a9faffb30: 4048 895c | 2450 4489 | 6c24 4448 | 8974 2468 | 4489 5424 | 7066 6690 

  0x0000022a9faffb48: ;   {runtime_call UncommonTrapBlob}
  0x0000022a9faffb48: c5f8 77e8 

  0x0000022a9faffb4c: ; ImmutableOopMap {[40]=Oop [48]=Oop [56]=Oop [68]=NarrowOop [72]=Oop [80]=Oop [104]=Oop [112]=NarrowOop }
                      ;*newarray {reexecute=1 rethrow=0 return_oop=0}
                      ; - (reexecute) java.util.Arrays::copyOfRange@59 (line 3852)
                      ; - java.lang.StringLatin1::newString@16 (line 856)
                      ; - java.lang.String::substring@41 (line 2930)
                      ; - java.lang.ClassLoader::checkCerts@21 (line 1162)
                      ; - java.lang.ClassLoader::preDefineClass@113 (line 918)
                      ; - java.lang.ClassLoader::defineClass@4 (line 1024)
                      ; - java.security.SecureClassLoader::defineClass@12 (line 150)
  0x0000022a9faffb4c: 907d 86ff 

  0x0000022a9faffb50: ;   {other}
  0x0000022a9faffb50: 0f1f 8400 | c82c 0034 | bade ffff | ff66 6690 

  0x0000022a9faffb60: ;   {runtime_call UncommonTrapBlob}
  0x0000022a9faffb60: c5f8 77e8 

  0x0000022a9faffb64: ; ImmutableOopMap {rbp=NarrowOop }
                      ;*checkcast {reexecute=0 rethrow=0 return_oop=0}
                      ; - java.lang.ClassLoader::getNamedPackage@8 (line 340)
                      ; - java.lang.ClassLoader::postDefineClass@9 (line 935)
                      ; - java.lang.ClassLoader::defineClass@37 (line 1027)
                      ; - java.security.SecureClassLoader::defineClass@12 (line 150)
  0x0000022a9faffb64: 787d 86ff 

  0x0000022a9faffb68: ;   {other}
  0x0000022a9faffb68: 0f1f 8400 | e02c 0035 | 33ed 4585 | c040 0f94 | c5ba 45ff | ffff 6690 

  0x0000022a9faffb80: ;   {runtime_call UncommonTrapBlob}
  0x0000022a9faffb80: c5f8 77e8 

  0x0000022a9faffb84: ; ImmutableOopMap {[40]=Oop [48]=Oop [56]=Oop [72]=Oop }
                      ;*ifeq {reexecute=1 rethrow=0 return_oop=0}
                      ; - (reexecute) java.lang.String::indexOf@4 (line 2494)
                      ; - java.lang.ClassLoader::checkName@16 (line 1155)
                      ; - java.lang.ClassLoader::preDefineClass@1 (line 901)
                      ; - java.lang.ClassLoader::defineClass@4 (line 1024)
                      ; - java.security.SecureClassLoader::defineClass@12 (line 150)
  0x0000022a9faffb84: 587d 86ff 

  0x0000022a9faffb88: ;   {other}
  0x0000022a9faffb88: 0f1f 8400 | 002d 0036 | ba45 ffff | ff48 8b6c | 2428 895c | 2450 6690 

  0x0000022a9faffba0: ;   {runtime_call UncommonTrapBlob}
  0x0000022a9faffba0: c5f8 77e8 

  0x0000022a9faffba4: ; ImmutableOopMap {rbp=Oop [48]=Oop [56]=Oop [72]=Oop }
                      ;*if_icmpne {reexecute=1 rethrow=0 return_oop=0}
                      ; - (reexecute) java.lang.ClassLoader::checkName@20 (line 1155)
                      ; - java.lang.ClassLoader::preDefineClass@1 (line 901)
                      ; - java.lang.ClassLoader::defineClass@4 (line 1024)
                      ; - java.security.SecureClassLoader::defineClass@12 (line 150)
  0x0000022a9faffba4: 387d 86ff 

  0x0000022a9faffba8: ;   {other}
  0x0000022a9faffba8: 0f1f 8400 | 202d 0037 | ba76 ffff | ff44 8944 | 2420 4c8b | 5424 684c | 8954 2430 | 4c8b 5424 
  0x0000022a9faffbc8: 484c 8954 | 2440 4889 | 4c24 5844 | 894c 2424 

  0x0000022a9faffbd8: ;   {runtime_call UncommonTrapBlob}
  0x0000022a9faffbd8: c5f8 77e8 

  0x0000022a9faffbdc: ; ImmutableOopMap {[36]=NarrowOop [40]=Oop [48]=Oop [64]=Oop [88]=Oop }
                      ;*iflt {reexecute=1 rethrow=0 return_oop=0}
                      ; - (reexecute) java.lang.StringLatin1::lastIndexOf@19 (line 395)
                      ; - java.lang.String::lastIndexOf@13 (line 2664)
                      ; - java.lang.String::lastIndexOf@8 (line 2626)
                      ; - java.lang.Class::getPackageName@47 (line 1257)
                      ; - java.lang.ClassLoader::postDefineClass@2 (line 935)
                      ; - java.lang.ClassLoader::defineClass@37 (line 1027)
                      ; - java.security.SecureClassLoader::defineClass@12 (line 150)
  0x0000022a9faffbdc: 007d 86ff 

  0x0000022a9faffbe0: ;   {other}
  0x0000022a9faffbe0: 0f1f 8400 | 582d 0038 | ba45 ffff | ff4c 8b5c | 2448 4c89 | 5c24 304c | 894c 2438 | 4c89 7424 
  0x0000022a9faffc00: 4044 8944 | 2448 4489 | 5424 4c90 

  0x0000022a9faffc0c: ;   {runtime_call UncommonTrapBlob}
  0x0000022a9faffc0c: c5f8 77e8 

  0x0000022a9faffc10: ; ImmutableOopMap {[48]=Oop [56]=Oop [64]=Oop [72]=NarrowOop [104]=Oop }
                      ;*ifle {reexecute=1 rethrow=0 return_oop=0}
                      ; - (reexecute) java.util.concurrent.ConcurrentHashMap::get@23 (line 938)
                      ; - java.lang.ClassLoader::getNamedPackage@5 (line 340)
                      ; - java.lang.ClassLoader::postDefineClass@9 (line 935)
                      ; - java.lang.ClassLoader::defineClass@37 (line 1027)
                      ; - java.security.SecureClassLoader::defineClass@12 (line 150)
  0x0000022a9faffc10: cc7c 86ff 

  0x0000022a9faffc14: ;   {other}
  0x0000022a9faffc14: 0f1f 8400 | 8c2d 0039 | ba45 ffff | ff48 8944 | 2430 4889 | 4424 4090 

  0x0000022a9faffc2c: ;   {runtime_call UncommonTrapBlob}
  0x0000022a9faffc2c: c5f8 77e8 

  0x0000022a9faffc30: ; ImmutableOopMap {[40]=Oop [48]=Oop [64]=Oop [72]=Oop }
                      ;*ifeq {reexecute=1 rethrow=0 return_oop=0}
                      ; - (reexecute) java.lang.Class::getPackageName@13 (line 1252)
                      ; - java.lang.ClassLoader::postDefineClass@2 (line 935)
                      ; - java.lang.ClassLoader::defineClass@37 (line 1027)
                      ; - java.security.SecureClassLoader::defineClass@12 (line 150)
  0x0000022a9faffc30: ac7c 86ff 

  0x0000022a9faffc34: ;   {other}
  0x0000022a9faffc34: 0f1f 8400 | ac2d 003a | ba45 ffff | ff4c 8b54 | 2428 4c89 | 5424 204c | 8944 2428 | 4c89 4c24 
  0x0000022a9faffc54: 3089 7c24 | 3889 7424 | 3c66 6690 

  0x0000022a9faffc60: ;   {runtime_call UncommonTrapBlob}
  0x0000022a9faffc60: c5f8 77e8 

  0x0000022a9faffc64: ; ImmutableOopMap {rbp=Oop [32]=Oop [40]=Oop [48]=Oop }
                      ;*ifnonnull {reexecute=1 rethrow=0 return_oop=0}
                      ; - (reexecute) java.security.SecureClassLoader::getProtectionDomain@1 (line 213)
                      ; - java.security.SecureClassLoader::defineClass@9 (line 150)
  0x0000022a9faffc64: 787c 86ff 

  0x0000022a9faffc68: ;   {other}
  0x0000022a9faffc68: 0f1f 8400 | e02d 003b | ba45 ffff | ff66 6690 

  0x0000022a9faffc78: ;   {runtime_call UncommonTrapBlob}
  0x0000022a9faffc78: c5f8 77e8 

  0x0000022a9faffc7c: ; ImmutableOopMap {[40]=Oop [48]=Oop [56]=Oop [72]=Oop }
                      ;*if_icmpne {reexecute=1 rethrow=0 return_oop=0}
                      ; - (reexecute) java.lang.ClassLoader::checkName@30 (line 1155)
                      ; - java.lang.ClassLoader::preDefineClass@1 (line 901)
                      ; - java.lang.ClassLoader::defineClass@4 (line 1024)
                      ; - java.security.SecureClassLoader::defineClass@12 (line 150)
  0x0000022a9faffc7c: 607c 86ff 

  0x0000022a9faffc80: ;   {other}
  0x0000022a9faffc80: 0f1f 8400 | f82d 003c | ba3d ffff | ff44 8944 | 2420 4489 | 4424 2448 | 895c 2450 | 4489 6c24 
  0x0000022a9faffca0: 6089 4c24 | 7066 6690 

  0x0000022a9faffca8: ;   {runtime_call UncommonTrapBlob}
  0x0000022a9faffca8: c5f8 77e8 

  0x0000022a9faffcac: ; ImmutableOopMap {[40]=Oop [48]=Oop [56]=Oop [72]=Oop [80]=Oop [96]=NarrowOop }
                      ;*if_icmpgt {reexecute=1 rethrow=0 return_oop=0}
                      ; - (reexecute) jdk.internal.util.Preconditions::checkFromToIndex@6 (line 348)
                      ; - java.lang.String::checkBoundsBeginEnd@6 (line 4963)
                      ; - java.lang.String::substring@8 (line 2925)
                      ; - java.lang.ClassLoader::checkCerts@21 (line 1162)
                      ; - java.lang.ClassLoader::preDefineClass@113 (line 918)
                      ; - java.lang.ClassLoader::defineClass@4 (line 1024)
                      ; - java.security.SecureClassLoader::defineClass@12 (line 150)
  0x0000022a9faffcac: 307c 86ff 

  0x0000022a9faffcb0: ;   {other}
  0x0000022a9faffcb0: 0f1f 8400 | 282e 003d | ba45 ffff | ff48 8b6c | 2428 4c8b | 5424 384c | 8954 2428 | 448b 5c24 
  0x0000022a9faffcd0: 4044 895c | 2438 448b | 5424 4444 | 8954 243c | 4c8b 5424 | 484c 8954 | 2440 4489 | 4424 4890 
  0x0000022a9faffcf0: ;   {runtime_call UncommonTrapBlob}
  0x0000022a9faffcf0: c5f8 77e8 

  0x0000022a9faffcf4: ; ImmutableOopMap {rbp=Oop [40]=Oop [48]=Oop [64]=Oop }
                      ;*ifne {reexecute=1 rethrow=0 return_oop=0}
                      ; - (reexecute) java.lang.ClassLoader::compareCerts@7 (line 1184)
                      ; - java.lang.ClassLoader::checkCerts@80 (line 1170)
                      ; - java.lang.ClassLoader::preDefineClass@113 (line 918)
                      ; - java.lang.ClassLoader::defineClass@4 (line 1024)
                      ; - java.security.SecureClassLoader::defineClass@12 (line 150)
  0x0000022a9faffcf4: e87b 86ff 

  0x0000022a9faffcf8: ;   {other}
  0x0000022a9faffcf8: 0f1f 8400 | 702e 003e | 448b c7e9 | a0e1 ffff | baf6 ffff | ff66 6690 

  0x0000022a9faffd10: ;   {runtime_call UncommonTrapBlob}
  0x0000022a9faffd10: c5f8 77e8 

  0x0000022a9faffd14: ; ImmutableOopMap {}
                      ;*invokevirtual isNamed {reexecute=0 rethrow=0 return_oop=0}
                      ; - java.lang.NamedPackage::<init>@12 (line 48)
                      ; - java.lang.ClassLoader::getNamedPackage@22 (line 342)
                      ; - java.lang.ClassLoader::postDefineClass@9 (line 935)
                      ; - java.lang.ClassLoader::defineClass@37 (line 1027)
                      ; - java.security.SecureClassLoader::defineClass@12 (line 150)
  0x0000022a9faffd14: c87b 86ff 

  0x0000022a9faffd18: ;   {other}
  0x0000022a9faffd18: 0f1f 8400 | 902e 003f | 4c89 5c24 | 5048 8974 | 2420 488b | eb49 8bd7 | c5f8 7749 | bae0 0731 
  0x0000022a9faffd38: 27fd 7f00 | 0041 ffd2 

  0x0000022a9faffd40: ;   {other}
  0x0000022a9faffd40: 0f1f 8400 | 0000 0000 | 488b dd48 | 8b74 2420 | 4c8b 5c24 | 50e9 b2de | ffff baf6 | ffff ff90 
  0x0000022a9faffd60: ;   {runtime_call UncommonTrapBlob}
  0x0000022a9faffd60: c5f8 77e8 

  0x0000022a9faffd64: ; ImmutableOopMap {[48]=NarrowOop }
                      ;*invokevirtual append {reexecute=0 rethrow=0 return_oop=0}
                      ; - java.lang.NamedPackage::<init>@35 (line 49)
                      ; - java.lang.ClassLoader::getNamedPackage@22 (line 342)
                      ; - java.lang.ClassLoader::postDefineClass@9 (line 935)
                      ; - java.lang.ClassLoader::defineClass@37 (line 1027)
                      ; - java.security.SecureClassLoader::defineClass@12 (line 150)
  0x0000022a9faffd64: 787b 86ff 

  0x0000022a9faffd68: ;   {other}
  0x0000022a9faffd68: 0f1f 8400 | e02e 0040 | baf6 ffff | ff66 6690 

  0x0000022a9faffd78: ;   {runtime_call UncommonTrapBlob}
  0x0000022a9faffd78: c5f8 77e8 

  0x0000022a9faffd7c: ; ImmutableOopMap {}
                      ;*invokevirtual toString {reexecute=0 rethrow=0 return_oop=0}
                      ; - java.lang.NamedPackage::<init>@38 (line 49)
                      ; - java.lang.ClassLoader::getNamedPackage@22 (line 342)
                      ; - java.lang.ClassLoader::postDefineClass@9 (line 935)
                      ; - java.lang.ClassLoader::defineClass@37 (line 1027)
                      ; - java.security.SecureClassLoader::defineClass@12 (line 150)
  0x0000022a9faffd7c: 607b 86ff 

  0x0000022a9faffd80: ;   {other}
  0x0000022a9faffd80: 0f1f 8400 | f82e 0041 | 4983 c1fe | 498b c949 | 8bfa 4833 | c048 83f9 | 087f 1048 | ffc9 7856 
  0x0000022a9faffda0: 4889 04cf | 48ff c97d | f7eb 4bc5 | fdef c0e9 | 0d00 0000 | c5fe 7f07 | c5fe 7f47 | 2048 83c7 
  0x0000022a9faffdc0: 4048 83e9 | 087d ed48 | 83c1 047c | 0cc5 fe7f | 0748 83c7 | 2048 83e9 | 0448 83c1 | 047e 1748 
  0x0000022a9faffde0: c7c0 ffff | ffff c4e2 | f0f5 c0c4 | e1fb 92f8 | 62f1 fe2f | 7f07 e9d1 | daff ffba | ccff ffff 
  0x0000022a9faffe00: 4489 4424 | 204c 8b54 | 2468 4c89 | 5424 304c | 8b54 2448 | 4c89 5424 | 4048 895c | 2460 4489 
  0x0000022a9faffe20: 4c24 2490 

  0x0000022a9faffe24: ;   {runtime_call UncommonTrapBlob}
  0x0000022a9faffe24: c5f8 77e8 

  0x0000022a9faffe28: ; ImmutableOopMap {[36]=NarrowOop [40]=Oop [48]=Oop [64]=Oop [96]=Oop }
                      ;*newarray {reexecute=1 rethrow=0 return_oop=0}
                      ; - (reexecute) java.util.Arrays::copyOfRange@59 (line 3852)
                      ; - java.lang.StringLatin1::newString@16 (line 856)
                      ; - java.lang.String::substring@41 (line 2930)
                      ; - java.lang.Class::getPackageName@62 (line 1258)
                      ; - java.lang.ClassLoader::postDefineClass@2 (line 935)
                      ; - java.lang.ClassLoader::defineClass@37 (line 1027)
                      ; - java.security.SecureClassLoader::defineClass@12 (line 150)
  0x0000022a9faffe28: b47a 86ff 

  0x0000022a9faffe2c: ;   {other}
  0x0000022a9faffe2c: 0f1f 8400 | a42f 0042 | 8b5c 2458 | 458b 54dc | 1445 85d2 | 0f84 25f2 | ffff 4d8b | 5f28 498b 
  0x0000022a9faffe4c: ca48 c1e1 | 034d 85db | 0f84 4207 | 0000 4d8b | 5730 4b89 | 4c1a f849 | 83c3 f84d | 895f 28e9 
  0x0000022a9faffe6c: fbf1 ffff | 4d8b 5740 | 4d8b 5f48 | f083 4424 | c000 8039 | 0074 3244 | 8821 4d85 | d274 0f4b 
  0x0000022a9faffe8c: 894c 13f8 | 4983 c2f8 | 4d89 5740 | eb1b 498b | d7c5 f877 | 49ba c007 | 3127 fd7f | 0000 41ff 
  0x0000022a9faffeac: ;   {other}
  0x0000022a9faffeac: d20f 1f84 | 0000 0000 | 0045 8b5c | dc14 4585 | db0f 8441 | 0700 004d | 8bcb 49c1 | e103 e9d9 
  0x0000022a9faffecc: f1ff ff33 | ed85 db40 | 0f94 c5ba | 45ff ffff | 4c8b 5424 | 684c 8954 | 2420 4c8b | 5424 484c 
  0x0000022a9faffeec: 8954 2438 | 4889 4c24 | 5889 7c24 | 6066 6690 

  0x0000022a9faffefc: ;   {runtime_call UncommonTrapBlob}
  0x0000022a9faffefc: c5f8 77e8 

  0x0000022a9fafff00: ; ImmutableOopMap {[32]=Oop [40]=Oop [56]=Oop [88]=Oop }
                      ;*ifeq {reexecute=1 rethrow=0 return_oop=0}
                      ; - (reexecute) java.lang.String::lastIndexOf@4 (line 2664)
                      ; - java.lang.String::lastIndexOf@8 (line 2626)
                      ; - java.lang.Class::getPackageName@47 (line 1257)
                      ; - java.lang.ClassLoader::postDefineClass@2 (line 935)
                      ; - java.lang.ClassLoader::defineClass@37 (line 1027)
                      ; - java.security.SecureClassLoader::defineClass@12 (line 150)
  0x0000022a9fafff00: dc79 86ff 

  0x0000022a9fafff04: ;   {other}
  0x0000022a9fafff04: 0f1f 8400 | 7c30 0043 | 498b d7c5 | f877 49ba | e007 3127 | fd7f 0000 

  0x0000022a9fafff1c: ;   {other}
  0x0000022a9fafff1c: 41ff d20f | 1f84 0000 | 0000 00e9 | 0cda ffff | ba3d ffff | ff44 8944 | 2420 4489 | 4424 244c 
  0x0000022a9fafff3c: 8b54 2468 | 4c89 5424 | 304c 8b54 | 2448 4c89 | 5424 4048 | 894c 2458 | 4489 5c24 | 6466 6690 
  0x0000022a9fafff5c: ;   {runtime_call UncommonTrapBlob}
  0x0000022a9fafff5c: c5f8 77e8 

  0x0000022a9fafff60: ; ImmutableOopMap {[40]=Oop [48]=Oop [64]=Oop [88]=Oop }
                      ;*if_icmpgt {reexecute=1 rethrow=0 return_oop=0}
                      ; - (reexecute) jdk.internal.util.Preconditions::checkFromToIndex@6 (line 348)
                      ; - java.lang.String::checkBoundsBeginEnd@6 (line 4963)
                      ; - java.lang.String::substring@8 (line 2925)
                      ; - java.lang.Class::getPackageName@62 (line 1258)
                      ; - java.lang.ClassLoader::postDefineClass@2 (line 935)
                      ; - java.lang.ClassLoader::defineClass@37 (line 1027)
                      ; - java.security.SecureClassLoader::defineClass@12 (line 150)
  0x0000022a9fafff60: 7c79 86ff 

  0x0000022a9fafff64: ;   {other}
  0x0000022a9fafff64: 0f1f 8400 | dc30 0044 | 498b d7c5 | f877 49ba | e007 3127 | fd7f 0000 

  0x0000022a9fafff7c: ;   {other}
  0x0000022a9fafff7c: 41ff d20f | 1f84 0000 | 0000 00e9 | 4bd9 ffff | ba45 ffff | ff48 8b4c | 2448 4889 | 4c24 384c 
  0x0000022a9fafff9c: 894c 2440 | 4489 4424 | 504c 8974 | 2458 4489 | 6c24 5444 | 895c 2460 | 4489 5424 | 6466 6690 
  0x0000022a9fafffbc: ;   {runtime_call UncommonTrapBlob}
  0x0000022a9fafffbc: c5f8 77e8 

  0x0000022a9fafffc0: ; ImmutableOopMap {[56]=Oop [64]=Oop [80]=NarrowOop [84]=NarrowOop [88]=Oop [104]=Oop }
                      ;*if_icmpne {reexecute=1 rethrow=0 return_oop=0}
                      ; - (reexecute) java.lang.String::equals@33 (line 1950)
                      ; - java.util.concurrent.ConcurrentHashMap::get@73 (line 941)
                      ; - java.lang.ClassLoader::getNamedPackage@5 (line 340)
                      ; - java.lang.ClassLoader::postDefineClass@9 (line 935)
                      ; - java.lang.ClassLoader::defineClass@37 (line 1027)
                      ; - java.security.SecureClassLoader::defineClass@12 (line 150)
  0x0000022a9fafffc0: 1c79 86ff 

  0x0000022a9fafffc4: ;   {other}
  0x0000022a9fafffc4: 0f1f 8400 | 3c31 0045 | 8bdd 458b | 5cec 1445 | 85db 0f84 | 75f3 ffff | 4d8b 5728 | 498b cb48 
  0x0000022a9fafffe4: c1e1 034d | 85d2 0f84 | d205 0000 | 4d8b 5f30 | 4b89 4c13 | f849 83c2 | f84d 8957 | 28e9 4bf3 
  0x0000022a9fb00004: ffff 4d8b | 5740 4d8b | 5f48 f083 | 4424 c000 | 4180 3800 | 7435 4588 | 204d 85d2 | 740f 4f89 
  0x0000022a9fb00024: 4413 f849 | 83c2 f84d | 8957 40eb | 1e49 8bc8 | 498b d7c5 | f877 49ba | c007 3127 | fd7f 0000 
  0x0000022a9fb00044: ;   {other}
  0x0000022a9fb00044: 41ff d20f | 1f84 0000 | 0000 0045 | 8b54 dc14 | 4585 d20f | 84bf 0500 | 0049 c1e2 | 034c 8954 
  0x0000022a9fb00064: 2438 e928 | f3ff ffba | e4ff ffff | 488b 6c24 | 2844 8954 | 2454 6690 

  0x0000022a9fb0007c: ;   {runtime_call UncommonTrapBlob}
  0x0000022a9fb0007c: c5f8 77e8 

  0x0000022a9fb00080: ; ImmutableOopMap {rbp=Oop [48]=Oop [56]=Oop [72]=Oop [84]=NarrowOop }
                      ;*baload {reexecute=0 rethrow=0 return_oop=0}
                      ; - jdk.internal.util.ArraysSupport::mismatch@82 (line 564)
                      ; - java.lang.String::startsWith@70 (line 2386)
                      ; - java.lang.String::startsWith@3 (line 2416)
                      ; - java.lang.ClassLoader::preDefineClass@43 (line 907)
                      ; - java.lang.ClassLoader::defineClass@4 (line 1024)
                      ; - java.security.SecureClassLoader::defineClass@12 (line 150)
  0x0000022a9fb00080: 5c78 86ff 

  0x0000022a9fb00084: ;   {other}
  0x0000022a9fb00084: 0f1f 8400 | fc31 0046 | ba45 ffff | ff4c 8b54 | 2448 4c89 | 5424 384c | 894c 2440 | 4489 4424 
  0x0000022a9fb000a4: 504c 8974 | 2458 4889 | 7c24 6044 | 895c 2454 

  0x0000022a9fb000b4: ;   {runtime_call UncommonTrapBlob}
  0x0000022a9fb000b4: c5f8 77e8 

  0x0000022a9fb000b8: ; ImmutableOopMap {rbp=NarrowOop [56]=Oop [64]=Oop [80]=NarrowOop [88]=Oop [96]=Oop [104]=Oop }
                      ;*ifnull {reexecute=1 rethrow=0 return_oop=0}
                      ; - (reexecute) java.util.concurrent.ConcurrentHashMap::get@143 (line 947)
                      ; - java.lang.ClassLoader::getNamedPackage@5 (line 340)
                      ; - java.lang.ClassLoader::postDefineClass@9 (line 935)
                      ; - java.lang.ClassLoader::defineClass@37 (line 1027)
                      ; - java.security.SecureClassLoader::defineClass@12 (line 150)
  0x0000022a9fb000b8: 2478 86ff 

  0x0000022a9fb000bc: ;   {other}
  0x0000022a9fb000bc: 0f1f 8400 | 3432 0047 | ba45 ffff | ff89 4424 | 6066 6690 

  0x0000022a9fb000d0: ;   {runtime_call UncommonTrapBlob}
  0x0000022a9fb000d0: c5f8 77e8 

  0x0000022a9fb000d4: ; ImmutableOopMap {[32]=Oop [40]=Oop [48]=NarrowOop [56]=Oop [72]=Oop [104]=Oop }
                      ;*ifeq {reexecute=1 rethrow=0 return_oop=0}
                      ; - (reexecute) java.util.concurrent.ConcurrentHashMap::get@152 (line 948)
                      ; - java.lang.ClassLoader::getNamedPackage@5 (line 340)
                      ; - java.lang.ClassLoader::postDefineClass@9 (line 935)
                      ; - java.lang.ClassLoader::defineClass@37 (line 1027)
                      ; - java.security.SecureClassLoader::defineClass@12 (line 150)
  0x0000022a9fb000d4: 0878 86ff 

  0x0000022a9fb000d8: ;   {other}
  0x0000022a9fb000d8: 0f1f 8400 | 5032 0048 | baf6 ffff | ff48 897c | 2420 6690 

  0x0000022a9fb000ec: ;   {runtime_call UncommonTrapBlob}
  0x0000022a9fb000ec: c5f8 77e8 

  0x0000022a9fb000f0: ; ImmutableOopMap {[32]=Oop [40]=Oop }
                      ;*invokevirtual putIfAbsent {reexecute=0 rethrow=0 return_oop=0}
                      ; - java.lang.ClassLoader::getNamedPackage@32 (line 344)
                      ; - java.lang.ClassLoader::postDefineClass@9 (line 935)
                      ; - java.lang.ClassLoader::defineClass@37 (line 1027)
                      ; - java.security.SecureClassLoader::defineClass@12 (line 150)
  0x0000022a9fb000f0: ec77 86ff 

  0x0000022a9fb000f4: ;   {other}
  0x0000022a9fb000f4: 0f1f 8400 | 6c32 0049 | 488b e8ba | 54ff ffff 

  0x0000022a9fb00104: ;   {runtime_call UncommonTrapBlob}
  0x0000022a9fb00104: c5f8 77e8 

  0x0000022a9fb00108: ; ImmutableOopMap {rbp=Oop [32]=Oop [48]=NarrowOop [56]=Oop [72]=Oop [104]=Oop }
                      ;*ifnull {reexecute=1 rethrow=0 return_oop=0}
                      ; - (reexecute) java.lang.ClassLoader::getNamedPackage@42 (line 345)
                      ; - java.lang.ClassLoader::postDefineClass@9 (line 935)
                      ; - java.lang.ClassLoader::defineClass@37 (line 1027)
                      ; - java.security.SecureClassLoader::defineClass@12 (line 150)
  0x0000022a9fb00108: d477 86ff 

  0x0000022a9fb0010c: ;   {other}
  0x0000022a9fb0010c: 0f1f 8400 | 8432 004a | ba76 ffff | ff48 8b6c | 2428 4c8b | 4c24 384c | 894c 2428 | 448b 4c24 
  0x0000022a9fb0012c: 4044 894c | 2438 8b5c | 2444 895c | 243c 4c8b | 4c24 484c | 894c 2440 | 4889 7424 | 5844 895c 
  0x0000022a9fb0014c: 2460 4489 | 5424 6489 | 4c24 6848 | 897c 2470 | 4489 4424 | 7866 6690 

  0x0000022a9fb00164: ;   {runtime_call UncommonTrapBlob}
  0x0000022a9fb00164: c5f8 77e8 

  0x0000022a9fb00168: ; ImmutableOopMap {rbp=Oop [40]=Oop [48]=Oop [64]=Oop [88]=Oop [104]=NarrowOop [112]=Oop }
                      ;*if_icmpge {reexecute=1 rethrow=0 return_oop=0}
                      ; - (reexecute) java.lang.ClassLoader::compareCerts@67 (line 1195)
                      ; - java.lang.ClassLoader::checkCerts@80 (line 1170)
                      ; - java.lang.ClassLoader::preDefineClass@113 (line 918)
                      ; - java.lang.ClassLoader::defineClass@4 (line 1024)
                      ; - java.security.SecureClassLoader::defineClass@12 (line 150)
  0x0000022a9fb00168: 7477 86ff 

  0x0000022a9fb0016c: ;   {other}
  0x0000022a9fb0016c: 0f1f 8400 | e432 004b | ba76 ffff | ff48 8b6c | 2428 4c8b | 4c24 384c | 894c 2428 | 8b4c 2440 
  0x0000022a9fb0018c: 894c 2438 | 448b 4c24 | 4444 894c | 243c 4c8b | 4c24 484c | 894c 2440 | 4c89 5c24 | 5044 8944 
  0x0000022a9fb001ac: 245c 4489 | 5424 6044 | 8b94 2490 | 0000 0045 | 8bda 4489 | 5c24 7090 

  0x0000022a9fb001c4: ;   {runtime_call UncommonTrapBlob}
  0x0000022a9fb001c4: c5f8 77e8 

  0x0000022a9fb001c8: ; ImmutableOopMap {rbp=Oop [40]=Oop [48]=Oop [64]=Oop [80]=Oop [96]=NarrowOop [104]=Oop }
                      ;*if_icmpge {reexecute=1 rethrow=0 return_oop=0}
                      ; - (reexecute) java.lang.ClassLoader::compareCerts@152 (line 1207)
                      ; - java.lang.ClassLoader::checkCerts@80 (line 1170)
                      ; - java.lang.ClassLoader::preDefineClass@113 (line 918)
                      ; - java.lang.ClassLoader::defineClass@4 (line 1024)
                      ; - java.security.SecureClassLoader::defineClass@12 (line 150)
  0x0000022a9fb001c8: 1477 86ff 

  0x0000022a9fb001cc: ;   {other}
  0x0000022a9fb001cc: 0f1f 8400 | 4433 004c | 498b d7c5 | f877 49ba | e007 3127 | fd7f 0000 

  0x0000022a9fb001e4: ;   {other}
  0x0000022a9fb001e4: 41ff d20f | 1f84 0000 | 0000 00e9 | e7e4 ffff | 498b d7c5 | f877 49ba | e007 3127 | fd7f 0000 
  0x0000022a9fb00204: ;   {other}
  0x0000022a9fb00204: 41ff d20f | 1f84 0000 | 0000 00e9 | 11e5 ffff | 4889 4c24 | 6844 895c | 245c 4889 | 7c24 6044 
  0x0000022a9fb00224: 896c 2458 | 4889 5c24 | 504c 8b54 | 2430 4c89 | 5424 2048 | 8b6c 2428 

  0x0000022a9fb0023c: ;   {metadata('java/util/ArrayList')}
  0x0000022a9fb0023c: 48ba 20a0 | 1ebc 2a02 | 0000 6690 

  0x0000022a9fb00248: ;   {runtime_call _new_instance_Java}
  0x0000022a9fb00248: c5f8 77e8 

  0x0000022a9fb0024c: ; ImmutableOopMap {rbp=Oop [32]=Oop [56]=Oop [72]=Oop [80]=Oop [88]=NarrowOop [92]=NarrowOop [96]=Oop [104]=Oop }
                      ;*new {reexecute=0 rethrow=0 return_oop=1}
                      ; - java.security.CodeSource::getCertificates@25 (line 204)
                      ; - java.lang.ClassLoader::checkCerts@34 (line 1166)
                      ; - java.lang.ClassLoader::preDefineClass@113 (line 918)
                      ; - java.lang.ClassLoader::defineClass@4 (line 1024)
                      ; - java.security.SecureClassLoader::defineClass@12 (line 150)
  0x0000022a9fb0024c: 1048 93ff 

  0x0000022a9fb00250: ;   {other}
  0x0000022a9fb00250: 0f1f 8400 | c833 004d | 4889 6c24 | 284c 8b54 | 2420 4c89 | 5424 3048 | 8b5c 2450 | 448b 6c24 
  0x0000022a9fb00270: 5848 8b7c | 2460 448b | 5c24 5c48 | 8b4c 2468 | e9cf ebff | ff4c 898c | 2480 0000 | 0048 894c 
  0x0000022a9fb00290: 2478 4889 | 7c24 704c | 895c 2468 | 4c89 5424 | 6044 896c | 2458 4889 | 5c24 504c | 8b54 2430 
  0x0000022a9fb002b0: 4c89 5424 | 2048 8b6c 

  0x0000022a9fb002b8: ;   {metadata('java/security/cert/Certificate'[])}
  0x0000022a9fb002b8: 2428 48ba | b038 22bc | 2a02 0000 | 4533 c090 

  0x0000022a9fb002c8: ;   {runtime_call _new_array_Java}
  0x0000022a9fb002c8: c5f8 77e8 

  0x0000022a9fb002cc: ; ImmutableOopMap {rbp=Oop [32]=Oop [56]=Oop [72]=Oop [80]=Oop [88]=NarrowOop [96]=Oop [112]=Oop [120]=Oop [128]=Oop }
                      ;*anewarray {reexecute=0 rethrow=0 return_oop=1}
                      ; - java.security.CodeSource::getCertificates@70 (line 210)
                      ; - java.lang.ClassLoader::checkCerts@34 (line 1166)
                      ; - java.lang.ClassLoader::preDefineClass@113 (line 918)
                      ; - java.lang.ClassLoader::defineClass@4 (line 1024)
                      ; - java.security.SecureClassLoader::defineClass@12 (line 150)
  0x0000022a9fb002cc: 9044 93ff 

  0x0000022a9fb002d0: ;   {other}
  0x0000022a9fb002d0: 0f1f 8400 | 4834 004e | e94e edff | ff4c 895c | 2430 4c89 | 4c24 2848 | ba00 0000 | bc2a 0200 
  0x0000022a9fb002f0: 0049 03d2 

  0x0000022a9fb002f4: ;   {runtime_call _new_array_Java}
  0x0000022a9fb002f4: c5f8 77e8 

  0x0000022a9fb002f8: ; ImmutableOopMap {rbp=Oop [32]=Oop [40]=Oop [56]=Oop [72]=Oop [80]=Oop [96]=Oop [112]=Oop }
                      ;*invokevirtual clone {reexecute=1 rethrow=0 return_oop=1}
                      ; - (reexecute) java.security.CodeSource::getCertificates@86 (line 212)
                      ; - java.lang.ClassLoader::checkCerts@34 (line 1166)
                      ; - java.lang.ClassLoader::preDefineClass@113 (line 918)
                      ; - java.lang.ClassLoader::defineClass@4 (line 1024)
                      ; - java.security.SecureClassLoader::defineClass@12 (line 150)
  0x0000022a9fb002f8: 6444 93ff 

  0x0000022a9fb002fc: ;   {other}
  0x0000022a9fb002fc: 0f1f 8400 | 7434 004f | 4c8b 4c24 | 284c 8b5c | 2430 488b | d8e9 02ee | ffff ba45 | ffff ff4c 
  0x0000022a9fb0031c: 8b54 2468 | 4c89 5424 | 6066 6690 

  0x0000022a9fb00328: ;   {runtime_call UncommonTrapBlob}
  0x0000022a9fb00328: c5f8 77e8 

  0x0000022a9fb0032c: ; ImmutableOopMap {[32]=Oop [40]=Oop [48]=Oop [56]=Oop [72]=Oop [96]=Oop }
                      ;*if_icmpge {reexecute=1 rethrow=0 return_oop=0}
                      ; - (reexecute) java.lang.ClassLoader::compareCerts@67 (line 1195)
                      ; - java.lang.ClassLoader::checkCerts@80 (line 1170)
                      ; - java.lang.ClassLoader::preDefineClass@113 (line 918)
                      ; - java.lang.ClassLoader::defineClass@4 (line 1024)
                      ; - java.security.SecureClassLoader::defineClass@12 (line 150)
  0x0000022a9fb0032c: b075 86ff 

  0x0000022a9fb00330: ;   {other}
  0x0000022a9fb00330: 0f1f 8400 | a834 0050 | ba76 ffff | ff48 8b6c | 2428 4c8b | 5424 384c | 8954 2428 | 448b 5424 
  0x0000022a9fb00350: 4044 8954 | 2438 448b | 5424 4444 | 8954 243c | 4c8b 5424 | 484c 8954 | 2440 4889 | 7c24 4848 
  0x0000022a9fb00370: 8974 2458 | 4489 5c24 | 6466 6690 

  0x0000022a9fb0037c: ;   {runtime_call UncommonTrapBlob}
  0x0000022a9fb0037c: c5f8 77e8 

  0x0000022a9fb00380: ; ImmutableOopMap {rbp=Oop [40]=Oop [48]=Oop [64]=Oop [72]=Oop [88]=Oop }
                      ;*if_icmpge {reexecute=1 rethrow=0 return_oop=0}
                      ; - (reexecute) java.lang.ClassLoader::compareCerts@40 (line 1193)
                      ; - java.lang.ClassLoader::checkCerts@80 (line 1170)
                      ; - java.lang.ClassLoader::preDefineClass@113 (line 918)
                      ; - java.lang.ClassLoader::defineClass@4 (line 1024)
                      ; - java.security.SecureClassLoader::defineClass@12 (line 150)
  0x0000022a9fb00380: 5c75 86ff 

  0x0000022a9fb00384: ;   {other}
  0x0000022a9fb00384: 0f1f 8400 | fc34 0051 | babe ffff | ff48 8b6c | 2428 4c8b | 5424 384c | 8954 2428 | 448b 4424 
  0x0000022a9fb003a4: 4044 8944 | 2438 448b | 4424 4444 | 8944 243c | 4c8b 5424 | 484c 8954 | 2440 4889 | 7c24 4848 
  0x0000022a9fb003c4: 8974 2458 | 4489 5c24 | 6466 6690 

  0x0000022a9fb003d0: ;   {runtime_call UncommonTrapBlob}
  0x0000022a9fb003d0: c5f8 77e8 

  0x0000022a9fb003d4: ; ImmutableOopMap {rbp=Oop [40]=Oop [48]=Oop [64]=Oop [72]=Oop [88]=Oop }
                      ;*if_icmpge {reexecute=1 rethrow=0 return_oop=0}
                      ; - (reexecute) java.lang.ClassLoader::compareCerts@40 (line 1193)
                      ; - java.lang.ClassLoader::checkCerts@80 (line 1170)
                      ; - java.lang.ClassLoader::preDefineClass@113 (line 918)
                      ; - java.lang.ClassLoader::defineClass@4 (line 1024)
                      ; - java.security.SecureClassLoader::defineClass@12 (line 150)
  0x0000022a9fb003d4: 0875 86ff 

  0x0000022a9fb003d8: ;   {other}
  0x0000022a9fb003d8: 0f1f 8400 | 5035 0052 | 4889 5c24 | 3044 8954 | 242c 4489 | 5c24 2849 

  0x0000022a9fb003f0: ;   {metadata('java/util/ArrayList')}
  0x0000022a9fb003f0: 8be9 48ba | 20a0 1ebc | 2a02 0000 

  0x0000022a9fb003fc: ;   {runtime_call _new_instance_Java}
  0x0000022a9fb003fc: c5f8 77e8 

  0x0000022a9fb00400: ; ImmutableOopMap {rbp=Oop [40]=NarrowOop [44]=NarrowOop [48]=Oop [104]=Oop }
                      ;*new {reexecute=0 rethrow=0 return_oop=1}
                      ; - java.security.CodeSource::getCertificates@25 (line 204)
                      ; - java.lang.ClassLoader::postDefineClass@24 (line 938)
                      ; - java.lang.ClassLoader::defineClass@37 (line 1027)
                      ; - java.security.SecureClassLoader::defineClass@12 (line 150)
  0x0000022a9fb00400: 5c46 93ff 

  0x0000022a9fb00404: ;   {other}
  0x0000022a9fb00404: 0f1f 8400 | 7c35 0053 | 4c8b cd44 | 8b5c 2428 | 448b 5424 | 2c48 8b5c | 2430 e9ca | edff ff4c 
  0x0000022a9fb00424: 8944 2438 | 4889 5c24 | 3041 8beb | 4c8b 5424 | 684c 8954 | 2428 4c89 

  0x0000022a9fb0043c: ;   {metadata('java/security/cert/Certificate'[])}
  0x0000022a9fb0043c: 4c24 2048 | bab0 3822 | bc2a 0200 | 0045 33c0 

  0x0000022a9fb0044c: ;   {runtime_call _new_array_Java}
  0x0000022a9fb0044c: c5f8 77e8 

  0x0000022a9fb00450: ; ImmutableOopMap {rbp=NarrowOop [32]=Oop [40]=Oop [48]=Oop [56]=Oop [104]=Oop }
                      ;*anewarray {reexecute=0 rethrow=0 return_oop=1}
                      ; - java.security.CodeSource::getCertificates@70 (line 210)
                      ; - java.lang.ClassLoader::postDefineClass@24 (line 938)
                      ; - java.lang.ClassLoader::defineClass@37 (line 1027)
                      ; - java.security.SecureClassLoader::defineClass@12 (line 150)
  0x0000022a9fb00450: 0c43 93ff 

  0x0000022a9fb00454: ;   {other}
  0x0000022a9fb00454: 0f1f 8400 | cc35 0054 | e9b4 eeff | ff48 ba00 | 0000 bc2a | 0200 0049 | 03d2 458b | c366 6690 
  0x0000022a9fb00474: ;   {runtime_call _new_array_Java}
  0x0000022a9fb00474: c5f8 77e8 

  0x0000022a9fb00478: ; ImmutableOopMap {[32]=Oop [40]=Oop [56]=Oop }
                      ;*invokevirtual clone {reexecute=1 rethrow=0 return_oop=1}
                      ; - (reexecute) java.security.CodeSource::getCertificates@86 (line 212)
                      ; - java.lang.ClassLoader::postDefineClass@24 (line 938)
                      ; - java.lang.ClassLoader::defineClass@37 (line 1027)
                      ; - java.security.SecureClassLoader::defineClass@12 (line 150)
  0x0000022a9fb00478: e442 93ff 

  0x0000022a9fb0047c: ;   {other}
  0x0000022a9fb0047c: 0f1f 8400 | f435 0055 | 488b d8e9 | 80ef ffff | ba45 ffff | ff48 8b6c | 2428 4c8b | 5424 384c 
  0x0000022a9fb0049c: 8954 2428 | 448b 4c24 | 4044 894c | 2438 448b | 5424 4444 | 8954 243c | 4c8b 5424 | 484c 8954 
  0x0000022a9fb004bc: 2440 4489 | 5c24 4844 | 8944 244c 

  0x0000022a9fb004c8: ;   {runtime_call UncommonTrapBlob}
  0x0000022a9fb004c8: c5f8 77e8 

  0x0000022a9fb004cc: ; ImmutableOopMap {rbp=Oop [40]=Oop [48]=Oop [64]=Oop }
                      ;*if_icmpeq {reexecute=1 rethrow=0 return_oop=0}
                      ; - (reexecute) java.lang.ClassLoader::compareCerts@20 (line 1187)
                      ; - java.lang.ClassLoader::checkCerts@80 (line 1170)
                      ; - java.lang.ClassLoader::preDefineClass@113 (line 918)
                      ; - java.lang.ClassLoader::defineClass@4 (line 1024)
                      ; - java.security.SecureClassLoader::defineClass@12 (line 150)
  0x0000022a9fb004cc: 1074 86ff 

  0x0000022a9fb004d0: ;   {other}
  0x0000022a9fb004d0: 0f1f 8400 | 4836 0056 | bae4 ffff | ff48 8b6c | 2428 4c8b | 5424 384c | 8954 2428 | 448b 5424 
  0x0000022a9fb004f0: 4044 8954 | 2438 8b4c | 2444 894c | 243c 4c8b | 5424 484c | 8954 2440 | 4889 5c24 | 4848 897c 
  0x0000022a9fb00510: 2450 4489 | 6c24 584c | 894c 2468 | 4489 5c24 | 7044 8944 | 2474 6690 

  0x0000022a9fb00528: ;   {runtime_call UncommonTrapBlob}
  0x0000022a9fb00528: c5f8 77e8 

  0x0000022a9fb0052c: ; ImmutableOopMap {rbp=Oop [40]=Oop [48]=Oop [64]=Oop [72]=Oop [80]=Oop [88]=NarrowOop [104]=Oop [112]=NarrowOop }
                      ;*aaload {reexecute=0 rethrow=0 return_oop=0}
                      ; - java.security.CodeSource::getCertificates@50 (line 207)
                      ; - java.lang.ClassLoader::checkCerts@34 (line 1166)
                      ; - java.lang.ClassLoader::preDefineClass@113 (line 918)
                      ; - java.lang.ClassLoader::defineClass@4 (line 1024)
                      ; - java.security.SecureClassLoader::defineClass@12 (line 150)
  0x0000022a9fb0052c: b073 86ff 

  0x0000022a9fb00530: ;   {other}
  0x0000022a9fb00530: 0f1f 8400 | a836 0057 | bae4 ffff | ff4c 894c | 2420 4489 | 5c24 304c | 8944 2440 | 4489 5424 
  0x0000022a9fb00550: 4889 4c24 | 4c66 6690 

  0x0000022a9fb00558: ;   {runtime_call UncommonTrapBlob}
  0x0000022a9fb00558: c5f8 77e8 

  0x0000022a9fb0055c: ; ImmutableOopMap {[32]=Oop [48]=NarrowOop [64]=Oop [72]=NarrowOop [104]=Oop }
                      ;*aaload {reexecute=0 rethrow=0 return_oop=0}
                      ; - java.security.CodeSource::getCertificates@50 (line 207)
                      ; - java.lang.ClassLoader::postDefineClass@24 (line 938)
                      ; - java.lang.ClassLoader::defineClass@37 (line 1027)
                      ; - java.security.SecureClassLoader::defineClass@12 (line 150)
  0x0000022a9fb0055c: 8073 86ff 

  0x0000022a9fb00560: ;   {other}
  0x0000022a9fb00560: 0f1f 8400 | d836 0058 | bae4 ffff | ff4c 8b54 | 2448 4c89 | 5424 3844 | 8944 2450 | 4489 5c24 
  0x0000022a9fb00580: 544c 8974 | 2458 4c89 | 7424 6090 

  0x0000022a9fb0058c: ;   {runtime_call UncommonTrapBlob}
  0x0000022a9fb0058c: c5f8 77e8 

  0x0000022a9fb00590: ; ImmutableOopMap {rbp=NarrowOop [40]=Oop [56]=Oop [80]=NarrowOop [84]=NarrowOop [88]=Oop [96]=Oop [104]=Oop }
                      ;*baload {reexecute=0 rethrow=0 return_oop=0}
                      ; - jdk.internal.util.ArraysSupport::hashCodeOfUnsigned@38 (line 275)
                      ; - java.lang.StringLatin1::hashCode@5 (line 306)
                      ; - java.lang.String::hashCode@27 (line 2458)
                      ; - java.util.concurrent.ConcurrentHashMap::get@1 (line 937)
                      ; - java.lang.ClassLoader::getNamedPackage@5 (line 340)
                      ; - java.lang.ClassLoader::postDefineClass@9 (line 935)
                      ; - java.lang.ClassLoader::defineClass@37 (line 1027)
                      ; - java.security.SecureClassLoader::defineClass@12 (line 150)
  0x0000022a9fb00590: 4c73 86ff 

  0x0000022a9fb00594: ;   {other}
  0x0000022a9fb00594: 0f1f 8400 | 0c37 0059 | 488b f849 | 8bd7 c5f8 | 7749 bae0 | 0731 27fd | 7f00 0041 

  0x0000022a9fb005b0: ;   {other}
  0x0000022a9fb005b0: ffd2 0f1f | 8400 0000 | 0000 4c8b | cfe9 a9ea | ffff 498b | d7c5 f877 | 49ba e007 | 3127 fd7f 
  0x0000022a9fb005d0: 0000 41ff 

  0x0000022a9fb005d4: ;   {other}
  0x0000022a9fb005d4: d20f 1f84 | 0000 0000 | 00e9 6fed | ffff ba37 | 0100 0048 | 8beb 4c8b | 5424 384c | 8954 2428 
  0x0000022a9fb005f4: ;   {runtime_call UncommonTrapBlob}
  0x0000022a9fb005f4: c5f8 77e8 

  0x0000022a9fb005f8: ; ImmutableOopMap {rbp=Oop [40]=Oop [48]=Oop }
                      ;*new {reexecute=0 rethrow=0 return_oop=0}
                      ; - java.lang.ClassLoader::preDefineClass@56 (line 909)
                      ; - java.lang.ClassLoader::defineClass@4 (line 1024)
                      ; - java.security.SecureClassLoader::defineClass@12 (line 150)
  0x0000022a9fb005f8: e472 86ff 

  0x0000022a9fb005fc: ;   {other}
  0x0000022a9fb005fc: 0f1f 8400 | 7437 005a | baf6 ffff | ff66 6690 

  0x0000022a9fb0060c: ;   {runtime_call UncommonTrapBlob}
  0x0000022a9fb0060c: c5f8 77e8 

  0x0000022a9fb00610: ; ImmutableOopMap {}
                      ;*invokevirtual clone {reexecute=1 rethrow=0 return_oop=0}
                      ; - (reexecute) java.security.CodeSource::getCertificates@86 (line 212)
                      ; - java.lang.ClassLoader::checkCerts@34 (line 1166)
                      ; - java.lang.ClassLoader::preDefineClass@113 (line 918)
                      ; - java.lang.ClassLoader::defineClass@4 (line 1024)
                      ; - java.security.SecureClassLoader::defineClass@12 (line 150)
  0x0000022a9fb00610: cc72 86ff 

  0x0000022a9fb00614: ;   {other}
  0x0000022a9fb00614: 0f1f 8400 | 8c37 005b | baf6 ffff | ff66 6690 

  0x0000022a9fb00624: ;   {runtime_call UncommonTrapBlob}
  0x0000022a9fb00624: c5f8 77e8 

  0x0000022a9fb00628: ; ImmutableOopMap {}
                      ;*invokevirtual clone {reexecute=1 rethrow=0 return_oop=0}
                      ; - (reexecute) java.security.CodeSource::getCertificates@86 (line 212)
                      ; - java.lang.ClassLoader::postDefineClass@24 (line 938)
                      ; - java.lang.ClassLoader::defineClass@37 (line 1027)
                      ; - java.security.SecureClassLoader::defineClass@12 (line 150)
  0x0000022a9fb00628: b472 86ff 

  0x0000022a9fb0062c: ;   {other}
  0x0000022a9fb0062c: 0f1f 8400 | a437 005c | bade ffff | ff48 8b6c | 2428 4c8b | 5424 304c | 8954 2420 | 4c8b 5424 
  0x0000022a9fb0064c: 384c 8954 | 2428 4889 | 4424 3890 

  0x0000022a9fb00658: ;   {runtime_call UncommonTrapBlob}
  0x0000022a9fb00658: c5f8 77e8 

  0x0000022a9fb0065c: ; ImmutableOopMap {rbp=Oop [32]=Oop [40]=Oop [56]=Oop }
                      ;*checkcast {reexecute=0 rethrow=0 return_oop=0}
                      ; - java.security.SecureClassLoader::getProtectionDomain@33 (line 222)
                      ; - java.security.SecureClassLoader::defineClass@9 (line 150)
  0x0000022a9fb0065c: 8072 86ff 

  0x0000022a9fb00660: ;   {other}
  0x0000022a9fb00660: 0f1f 8400 | d837 005d | bade ffff | ff48 8b6c | 2428 4889 | 4424 5890 

  0x0000022a9fb00678: ;   {runtime_call UncommonTrapBlob}
  0x0000022a9fb00678: c5f8 77e8 

  0x0000022a9fb0067c: ; ImmutableOopMap {rbp=Oop [32]=Oop [48]=Oop [56]=Oop [72]=Oop [88]=Oop [96]=Oop }
                      ;*checkcast {reexecute=0 rethrow=0 return_oop=0}
                      ; - java.lang.ClassLoader::checkCerts@65 (line 1169)
                      ; - java.lang.ClassLoader::preDefineClass@113 (line 918)
                      ; - java.lang.ClassLoader::defineClass@4 (line 1024)
                      ; - java.security.SecureClassLoader::defineClass@12 (line 150)
  0x0000022a9fb0067c: 6072 86ff 

  0x0000022a9fb00680: ;   {other}
  0x0000022a9fb00680: 0f1f 8400 | f837 005e | bade ffff | ff48 8944 | 2440 6690 

  0x0000022a9fb00694: ;   {runtime_call UncommonTrapBlob}
  0x0000022a9fb00694: c5f8 77e8 

  0x0000022a9fb00698: ; ImmutableOopMap {rbp=NarrowOop [32]=Oop [40]=Oop [64]=Oop }
                      ;*checkcast {reexecute=0 rethrow=0 return_oop=0}
                      ; - java.security.CodeSource::getCertificates@76 (line 210)
                      ; - java.lang.ClassLoader::postDefineClass@24 (line 938)
                      ; - java.lang.ClassLoader::defineClass@37 (line 1027)
                      ; - java.security.SecureClassLoader::defineClass@12 (line 150)
  0x0000022a9fb00698: 4472 86ff 

  0x0000022a9fb0069c: ;   {other}
  0x0000022a9fb0069c: 0f1f 8400 | 1438 005f | bade ffff | ff4c 8b54 | 2438 4c89 | 5424 2844 | 8b54 2440 | 4489 5424 
  0x0000022a9fb006bc: 3044 8b5c | 2444 4489 | 5c24 344c | 8b54 2448 | 4c89 5424 | 384c 8b54 | 2450 4c89 | 5424 4048 
  0x0000022a9fb006dc: 8944 2460 

  0x0000022a9fb006e0: ;   {runtime_call UncommonTrapBlob}
  0x0000022a9fb006e0: c5f8 77e8 

  0x0000022a9fb006e4: ; ImmutableOopMap {rbp=Oop [32]=Oop [40]=Oop [56]=Oop [64]=Oop [88]=NarrowOop [96]=Oop [112]=Oop }
                      ;*checkcast {reexecute=0 rethrow=0 return_oop=0}
                      ; - java.security.CodeSource::getCertificates@76 (line 210)
                      ; - java.lang.ClassLoader::checkCerts@34 (line 1166)
                      ; - java.lang.ClassLoader::preDefineClass@113 (line 918)
                      ; - java.lang.ClassLoader::defineClass@4 (line 1024)
                      ; - java.security.SecureClassLoader::defineClass@12 (line 150)
  0x0000022a9fb006e4: f871 86ff 

  0x0000022a9fb006e8: ;   {other}
  0x0000022a9fb006e8: 0f1f 8400 | 6038 0060 | baf6 ffff | ff49 8be8 | 4c89 4c24 | 2066 6690 

  0x0000022a9fb00700: ;   {runtime_call UncommonTrapBlob}
  0x0000022a9fb00700: c5f8 77e8 

  0x0000022a9fb00704: ; ImmutableOopMap {rbp=Oop [32]=Oop }
                      ;*invokeinterface computeIfAbsent {reexecute=0 rethrow=0 return_oop=0}
                      ; - java.security.SecureClassLoader::getProtectionDomain@28 (line 222)
                      ; - java.security.SecureClassLoader::defineClass@9 (line 150)
  0x0000022a9fb00704: d871 86ff 

  0x0000022a9fb00708: ;   {other}
  0x0000022a9fb00708: 0f1f 8400 | 8038 0061 | baf4 ffff | ff48 8b6c | 2428 4c8b | 5424 304c | 8954 2420 

  0x0000022a9fb00724: ;   {runtime_call UncommonTrapBlob}
  0x0000022a9fb00724: c5f8 77e8 

  0x0000022a9fb00728: ; ImmutableOopMap {rbp=Oop [32]=Oop [56]=Oop }
                      ;*checkcast {reexecute=0 rethrow=0 return_oop=0}
                      ; - java.security.SecureClassLoader::getProtectionDomain@33 (line 222)
                      ; - java.security.SecureClassLoader::defineClass@9 (line 150)
  0x0000022a9fb00728: b471 86ff 

  0x0000022a9fb0072c: ;   {other}
  0x0000022a9fb0072c: 0f1f 8400 | a438 0062 | baf6 ffff | ff66 6690 

  0x0000022a9fb0073c: ;   {runtime_call UncommonTrapBlob}
  0x0000022a9fb0073c: c5f8 77e8 

  0x0000022a9fb00740: ; ImmutableOopMap {}
                      ;*arraylength {reexecute=0 rethrow=0 return_oop=0}
                      ; - java.lang.String::isEmpty@4 (line 1606)
                      ; - java.lang.ClassLoader::checkName@5 (line 1153)
                      ; - java.lang.ClassLoader::preDefineClass@1 (line 901)
                      ; - java.lang.ClassLoader::defineClass@4 (line 1024)
                      ; - java.security.SecureClassLoader::defineClass@12 (line 150)
  0x0000022a9fb00740: 9c71 86ff 

  0x0000022a9fb00744: ;   {other}
  0x0000022a9fb00744: 0f1f 8400 | bc38 0063 | baf6 ffff | ff66 6690 

  0x0000022a9fb00754: ;   {runtime_call UncommonTrapBlob}
  0x0000022a9fb00754: c5f8 77e8 

  0x0000022a9fb00758: ; ImmutableOopMap {}
                      ;*invokevirtual getPackageName {reexecute=0 rethrow=0 return_oop=0}
                      ; - java.lang.ClassLoader::postDefineClass@2 (line 935)
                      ; - java.lang.ClassLoader::defineClass@37 (line 1027)
                      ; - java.security.SecureClassLoader::defineClass@12 (line 150)
  0x0000022a9fb00758: 8471 86ff 

  0x0000022a9fb0075c: ;   {other}
  0x0000022a9fb0075c: 0f1f 8400 | d438 0064 | baf6 ffff | ff66 6690 

  0x0000022a9fb0076c: ;   {runtime_call UncommonTrapBlob}
  0x0000022a9fb0076c: c5f8 77e8 

  0x0000022a9fb00770: ; ImmutableOopMap {}
                      ;*invokevirtual hashCode {reexecute=0 rethrow=0 return_oop=0}
                      ; - java.util.concurrent.ConcurrentHashMap::get@1 (line 937)
                      ; - java.lang.ClassLoader::getNamedPackage@5 (line 340)
                      ; - java.lang.ClassLoader::postDefineClass@9 (line 935)
                      ; - java.lang.ClassLoader::defineClass@37 (line 1027)
                      ; - java.security.SecureClassLoader::defineClass@12 (line 150)
  0x0000022a9fb00770: 6c71 86ff 

  0x0000022a9fb00774: ;   {other}
  0x0000022a9fb00774: 0f1f 8400 | ec38 0065 | 33ed 4d85 | d240 0f94 | c5ba 45ff | ffff 4889 | 4424 304c | 8b54 2448 
  0x0000022a9fb00794: 4c89 5424 | 3848 8944 | 2448 6690 

  0x0000022a9fb007a0: ;   {runtime_call UncommonTrapBlob}
  0x0000022a9fb007a0: c5f8 77e8 

  0x0000022a9fb007a4: ; ImmutableOopMap {[40]=Oop [48]=Oop [56]=Oop [72]=Oop }
                      ;*ifeq {reexecute=1 rethrow=0 return_oop=0}
                      ; - (reexecute) java.lang.Class::getPackageName@29 (line 1253)
                      ; - java.lang.ClassLoader::postDefineClass@2 (line 935)
                      ; - java.lang.ClassLoader::defineClass@37 (line 1027)
                      ; - java.security.SecureClassLoader::defineClass@12 (line 150)
  0x0000022a9fb007a4: 3871 86ff 

  0x0000022a9fb007a8: ;   {other}
  0x0000022a9fb007a8: 0f1f 8400 | 2039 0066 | baf6 ffff | ff66 6690 

  0x0000022a9fb007b8: ;   {runtime_call UncommonTrapBlob}
  0x0000022a9fb007b8: c5f8 77e8 

  0x0000022a9fb007bc: ; ImmutableOopMap {}
                      ;*arraylength {reexecute=0 rethrow=0 return_oop=0}
                      ; - java.lang.String::length@4 (line 1593)
                      ; - java.lang.String::lastIndexOf@3 (line 2626)
                      ; - java.lang.Class::getPackageName@47 (line 1257)
                      ; - java.lang.ClassLoader::postDefineClass@2 (line 935)
                      ; - java.lang.ClassLoader::defineClass@37 (line 1027)
                      ; - java.security.SecureClassLoader::defineClass@12 (line 150)
  0x0000022a9fb007bc: 2071 86ff 

  0x0000022a9fb007c0: ;   {other}
  0x0000022a9fb007c0: 0f1f 8400 | 3839 0067 | ba45 ffff | ff48 8b6c | 2428 4c8b | 5424 304c | 8954 2420 

  0x0000022a9fb007dc: ;   {runtime_call UncommonTrapBlob}
  0x0000022a9fb007dc: c5f8 77e8 

  0x0000022a9fb007e0: ; ImmutableOopMap {rbp=Oop [32]=Oop [56]=Oop [72]=Oop }
                      ;*ifnull {reexecute=1 rethrow=0 return_oop=0}
                      ; - (reexecute) java.lang.ClassLoader::checkName@1 (line 1153)
                      ; - java.lang.ClassLoader::preDefineClass@1 (line 901)
                      ; - java.lang.ClassLoader::defineClass@4 (line 1024)
                      ; - java.security.SecureClassLoader::defineClass@12 (line 150)
  0x0000022a9fb007e0: fc70 86ff 

  0x0000022a9fb007e4: ;   {other}
  0x0000022a9fb007e4: 0f1f 8400 | 5c39 0068 | ba45 ffff | ff4c 8b54 | 2428 4c89 | 5424 204c | 8b54 2430 | 4c89 5424 
  0x0000022a9fb00804: 284c 8b54 | 2438 4c89 | 5424 3044 | 8b44 2440 | 4489 4424 | 3844 8b54 | 2444 4489 | 5424 3c90 
  0x0000022a9fb00824: ;   {runtime_call UncommonTrapBlob}
  0x0000022a9fb00824: c5f8 77e8 

  0x0000022a9fb00828: ; ImmutableOopMap {rbp=NarrowOop [32]=Oop [40]=Oop [48]=Oop [72]=Oop }
                      ;*ifnull {reexecute=1 rethrow=0 return_oop=0}
                      ; - (reexecute) java.lang.ClassLoader::defineClassSourceLocation@15 (line 927)
                      ; - java.lang.ClassLoader::defineClass@12 (line 1025)
                      ; - java.security.SecureClassLoader::defineClass@12 (line 150)
  0x0000022a9fb00828: b470 86ff 

  0x0000022a9fb0082c: ;   {other}
  0x0000022a9fb0082c: 0f1f 8400 | a439 0069 | baf6 ffff | ff66 6690 

  0x0000022a9fb0083c: ;   {runtime_call UncommonTrapBlob}
  0x0000022a9fb0083c: c5f8 77e8 

  0x0000022a9fb00840: ; ImmutableOopMap {}
                      ;*arraylength {reexecute=0 rethrow=0 return_oop=0}
                      ; - java.lang.StringLatin1::hashCode@3 (line 306)
                      ; - java.lang.String::hashCode@27 (line 2458)
                      ; - java.util.concurrent.ConcurrentHashMap::get@1 (line 937)
                      ; - java.lang.ClassLoader::getNamedPackage@5 (line 340)
                      ; - java.lang.ClassLoader::postDefineClass@9 (line 935)
                      ; - java.lang.ClassLoader::defineClass@37 (line 1027)
                      ; - java.security.SecureClassLoader::defineClass@12 (line 150)
  0x0000022a9fb00840: 9c70 86ff 

  0x0000022a9fb00844: ;   {other}
  0x0000022a9fb00844: 0f1f 8400 | bc39 006a | ba45 ffff | ff4c 8b54 | 2448 4c89 | 5424 384c | 894c 2440 | 4489 4424 
  0x0000022a9fb00864: 504c 8974 | 2458 4489 | 6c24 5444 | 895c 2460 

  0x0000022a9fb00874: ;   {runtime_call UncommonTrapBlob}
  0x0000022a9fb00874: c5f8 77e8 

  0x0000022a9fb00878: ; ImmutableOopMap {rbp=NarrowOop [56]=Oop [64]=Oop [80]=NarrowOop [84]=NarrowOop [88]=Oop [104]=Oop }
                      ;*ifnull {reexecute=1 rethrow=0 return_oop=0}
                      ; - (reexecute) java.util.concurrent.ConcurrentHashMap::get@67 (line 941)
                      ; - java.lang.ClassLoader::getNamedPackage@5 (line 340)
                      ; - java.lang.ClassLoader::postDefineClass@9 (line 935)
                      ; - java.lang.ClassLoader::defineClass@37 (line 1027)
                      ; - java.security.SecureClassLoader::defineClass@12 (line 150)
  0x0000022a9fb00878: 6470 86ff 

  0x0000022a9fb0087c: ;   {other}
  0x0000022a9fb0087c: 0f1f 8400 | f439 006b | baf6 ffff | ff41 8be8 

  0x0000022a9fb0088c: ;   {runtime_call UncommonTrapBlob}
  0x0000022a9fb0088c: c5f8 77e8 

  0x0000022a9fb00890: ; ImmutableOopMap {}
                      ;*aaload {reexecute=0 rethrow=0 return_oop=0}
                      ; - java.security.CodeSource::getCertificates@50 (line 207)
                      ; - java.lang.ClassLoader::checkCerts@34 (line 1166)
                      ; - java.lang.ClassLoader::preDefineClass@113 (line 918)
                      ; - java.lang.ClassLoader::defineClass@4 (line 1024)
                      ; - java.security.SecureClassLoader::defineClass@12 (line 150)
  0x0000022a9fb00890: 4c70 86ff 

  0x0000022a9fb00894: ;   {other}
  0x0000022a9fb00894: 0f1f 8400 | 0c3a 006c | baf6 ffff | ff66 6690 

  0x0000022a9fb008a4: ;   {runtime_call UncommonTrapBlob}
  0x0000022a9fb008a4: c5f8 77e8 

  0x0000022a9fb008a8: ; ImmutableOopMap {}
                      ;*invokevirtual getSignerCertPath {reexecute=0 rethrow=0 return_oop=0}
                      ; - java.security.CodeSource::getCertificates@51 (line 208)
                      ; - java.lang.ClassLoader::checkCerts@34 (line 1166)
                      ; - java.lang.ClassLoader::preDefineClass@113 (line 918)
                      ; - java.lang.ClassLoader::defineClass@4 (line 1024)
                      ; - java.security.SecureClassLoader::defineClass@12 (line 150)
  0x0000022a9fb008a8: 3470 86ff 

  0x0000022a9fb008ac: ;   {other}
  0x0000022a9fb008ac: 0f1f 8400 | 243a 006d | baf6 ffff | ff66 6690 

  0x0000022a9fb008bc: ;   {runtime_call UncommonTrapBlob}
  0x0000022a9fb008bc: c5f8 77e8 

  0x0000022a9fb008c0: ; ImmutableOopMap {}
                      ;*invokevirtual getCertificates {reexecute=0 rethrow=0 return_oop=0}
                      ; - java.security.CodeSource::getCertificates@54 (line 208)
                      ; - java.lang.ClassLoader::checkCerts@34 (line 1166)
                      ; - java.lang.ClassLoader::preDefineClass@113 (line 918)
                      ; - java.lang.ClassLoader::defineClass@4 (line 1024)
                      ; - java.security.SecureClassLoader::defineClass@12 (line 150)
  0x0000022a9fb008c0: 1c70 86ff 

  0x0000022a9fb008c4: ;   {other}
  0x0000022a9fb008c4: 0f1f 8400 | 3c3a 006e | baf6 ffff | ff66 6690 

  0x0000022a9fb008d4: ;   {runtime_call UncommonTrapBlob}
  0x0000022a9fb008d4: c5f8 77e8 

  0x0000022a9fb008d8: ; ImmutableOopMap {}
                      ;*arraylength {reexecute=0 rethrow=0 return_oop=0}
                      ; - java.security.CodeSource::getCertificates@40 (line 206)
                      ; - java.lang.ClassLoader::checkCerts@34 (line 1166)
                      ; - java.lang.ClassLoader::preDefineClass@113 (line 918)
                      ; - java.lang.ClassLoader::defineClass@4 (line 1024)
                      ; - java.security.SecureClassLoader::defineClass@12 (line 150)
  0x0000022a9fb008d8: 0470 86ff 

  0x0000022a9fb008dc: ;   {other}
  0x0000022a9fb008dc: 0f1f 8400 | 543a 006f | baf6 ffff | ff8b e990 

  0x0000022a9fb008ec: ;   {runtime_call UncommonTrapBlob}
  0x0000022a9fb008ec: c5f8 77e8 

  0x0000022a9fb008f0: ; ImmutableOopMap {}
                      ;*aaload {reexecute=0 rethrow=0 return_oop=0}
                      ; - java.security.CodeSource::getCertificates@50 (line 207)
                      ; - java.lang.ClassLoader::postDefineClass@24 (line 938)
                      ; - java.lang.ClassLoader::defineClass@37 (line 1027)
                      ; - java.security.SecureClassLoader::defineClass@12 (line 150)
  0x0000022a9fb008f0: ec6f 86ff 

  0x0000022a9fb008f4: ;   {other}
  0x0000022a9fb008f4: 0f1f 8400 | 6c3a 0070 | baf6 ffff | ff66 6690 

  0x0000022a9fb00904: ;   {runtime_call UncommonTrapBlob}
  0x0000022a9fb00904: c5f8 77e8 

  0x0000022a9fb00908: ; ImmutableOopMap {}
                      ;*invokevirtual getSignerCertPath {reexecute=0 rethrow=0 return_oop=0}
                      ; - java.security.CodeSource::getCertificates@51 (line 208)
                      ; - java.lang.ClassLoader::postDefineClass@24 (line 938)
                      ; - java.lang.ClassLoader::defineClass@37 (line 1027)
                      ; - java.security.SecureClassLoader::defineClass@12 (line 150)
  0x0000022a9fb00908: d46f 86ff 

  0x0000022a9fb0090c: ;   {other}
  0x0000022a9fb0090c: 0f1f 8400 | 843a 0071 | baf6 ffff | ff66 6690 

  0x0000022a9fb0091c: ;   {runtime_call UncommonTrapBlob}
  0x0000022a9fb0091c: c5f8 77e8 

  0x0000022a9fb00920: ; ImmutableOopMap {}
                      ;*invokevirtual getCertificates {reexecute=0 rethrow=0 return_oop=0}
                      ; - java.security.CodeSource::getCertificates@54 (line 208)
                      ; - java.lang.ClassLoader::postDefineClass@24 (line 938)
                      ; - java.lang.ClassLoader::defineClass@37 (line 1027)
                      ; - java.security.SecureClassLoader::defineClass@12 (line 150)
  0x0000022a9fb00920: bc6f 86ff 

  0x0000022a9fb00924: ;   {other}
  0x0000022a9fb00924: 0f1f 8400 | 9c3a 0072 | baf6 ffff | ff66 6690 

  0x0000022a9fb00934: ;   {runtime_call UncommonTrapBlob}
  0x0000022a9fb00934: c5f8 77e8 

  0x0000022a9fb00938: ; ImmutableOopMap {}
                      ;*arraylength {reexecute=0 rethrow=0 return_oop=0}
                      ; - java.security.CodeSource::getCertificates@40 (line 206)
                      ; - java.lang.ClassLoader::postDefineClass@24 (line 938)
                      ; - java.lang.ClassLoader::defineClass@37 (line 1027)
                      ; - java.security.SecureClassLoader::defineClass@12 (line 150)
  0x0000022a9fb00938: a46f 86ff 

  0x0000022a9fb0093c: ;   {other}
  0x0000022a9fb0093c: 0f1f 8400 | b43a 0073 | baf4 ffff | ff4c 8b54 | 2438 4c89 | 5424 2844 | 8b54 2440 | 4489 5424 
  0x0000022a9fb0095c: 3044 8b5c | 2444 4489 | 5c24 344c | 8b54 2448 | 4c89 5424 | 384c 8b54 | 2450 4c89 | 5424 4090 
  0x0000022a9fb0097c: ;   {runtime_call UncommonTrapBlob}
  0x0000022a9fb0097c: c5f8 77e8 

  0x0000022a9fb00980: ; ImmutableOopMap {rbp=Oop [32]=Oop [40]=Oop [56]=Oop [64]=Oop [88]=NarrowOop [112]=Oop }
                      ;*checkcast {reexecute=0 rethrow=0 return_oop=0}
                      ; - java.security.CodeSource::getCertificates@76 (line 210)
                      ; - java.lang.ClassLoader::checkCerts@34 (line 1166)
                      ; - java.lang.ClassLoader::preDefineClass@113 (line 918)
                      ; - java.lang.ClassLoader::defineClass@4 (line 1024)
                      ; - java.security.SecureClassLoader::defineClass@12 (line 150)
  0x0000022a9fb00980: 5c6f 86ff 

  0x0000022a9fb00984: ;   {other}
  0x0000022a9fb00984: 0f1f 8400 | fc3a 0074 | ba97 ffff | ff48 8b6c | 2428 4c8b | 5424 604c | 8954 2450 | 4c8b 5424 
  0x0000022a9fb009a4: 684c 8954 | 2460 6690 

  0x0000022a9fb009ac: ;   {runtime_call UncommonTrapBlob}
  0x0000022a9fb009ac: c5f8 77e8 

  0x0000022a9fb009b0: ; ImmutableOopMap {rbp=Oop [32]=NarrowOop [36]=NarrowOop [48]=Oop [56]=Oop [72]=Oop [80]=Oop [96]=Oop [104]=Oop }
                      ;*invokevirtual clone {reexecute=1 rethrow=0 return_oop=0}
                      ; - (reexecute) java.util.Arrays::copyOfRange@11 (line 3846)
                      ; - java.lang.StringLatin1::newString@16 (line 856)
                      ; - java.lang.String::substring@41 (line 2930)
                      ; - java.lang.ClassLoader::checkCerts@21 (line 1162)
                      ; - java.lang.ClassLoader::preDefineClass@113 (line 918)
                      ; - java.lang.ClassLoader::defineClass@4 (line 1024)
                      ; - java.security.SecureClassLoader::defineClass@12 (line 150)
  0x0000022a9fb009b0: 2c6f 86ff 

  0x0000022a9fb009b4: ;   {other}
  0x0000022a9fb009b4: 0f1f 8400 | 2c3b 0075 | baf4 ffff | ff66 6690 

  0x0000022a9fb009c4: ;   {runtime_call UncommonTrapBlob}
  0x0000022a9fb009c4: c5f8 77e8 

  0x0000022a9fb009c8: ; ImmutableOopMap {rbp=NarrowOop [32]=Oop [40]=Oop }
                      ;*checkcast {reexecute=0 rethrow=0 return_oop=0}
                      ; - java.security.CodeSource::getCertificates@76 (line 210)
                      ; - java.lang.ClassLoader::postDefineClass@24 (line 938)
                      ; - java.lang.ClassLoader::defineClass@37 (line 1027)
                      ; - java.security.SecureClassLoader::defineClass@12 (line 150)
  0x0000022a9fb009c8: 146f 86ff 

  0x0000022a9fb009cc: ;   {other}
  0x0000022a9fb009cc: 0f1f 8400 | 443b 0076 | ba97 ffff | ff48 8b6c | 2420 4c8b | 5424 484c | 8954 2440 

  0x0000022a9fb009e8: ;   {runtime_call UncommonTrapBlob}
  0x0000022a9fb009e8: c5f8 77e8 

  0x0000022a9fb009ec: ; ImmutableOopMap {rbp=Oop [40]=Oop [48]=NarrowOop [56]=Oop [64]=Oop }
                      ;*invokevirtual clone {reexecute=1 rethrow=0 return_oop=0}
                      ; - (reexecute) java.util.Arrays::copyOfRange@11 (line 3846)
                      ; - java.lang.StringLatin1::newString@16 (line 856)
                      ; - java.lang.String::substring@41 (line 2930)
                      ; - java.lang.Class::getPackageName@62 (line 1258)
                      ; - java.lang.ClassLoader::postDefineClass@2 (line 935)
                      ; - java.lang.ClassLoader::defineClass@37 (line 1027)
                      ; - java.security.SecureClassLoader::defineClass@12 (line 150)
  0x0000022a9fb009ec: f06e 86ff 

  0x0000022a9fb009f0: ;   {other}
  0x0000022a9fb009f0: 0f1f 8400 | 683b 0077 | ba97 ffff | ff48 8b6c | 2420 4c8b | 5424 384c | 8954 2428 | 448b 5c24 
  0x0000022a9fb00a10: 4044 895c | 2438 448b | 5424 4444 | 8954 243c | 4c8b 5424 | 484c 8954 | 2440 4c8b | 5424 504c 
  0x0000022a9fb00a30: 8954 2448 | 4c8b 5424 | 584c 8954 | 2450 6690 

  0x0000022a9fb00a40: ;   {runtime_call UncommonTrapBlob}
  0x0000022a9fb00a40: c5f8 77e8 

  0x0000022a9fb00a44: ; ImmutableOopMap {rbp=Oop [40]=Oop [48]=Oop [64]=Oop [72]=Oop [80]=Oop [96]=NarrowOop }
                      ;*invokevirtual clone {reexecute=1 rethrow=0 return_oop=0}
                      ; - (reexecute) java.security.CodeSource::getCertificates@11 (line 200)
                      ; - java.lang.ClassLoader::checkCerts@34 (line 1166)
                      ; - java.lang.ClassLoader::preDefineClass@113 (line 918)
                      ; - java.lang.ClassLoader::defineClass@4 (line 1024)
                      ; - java.security.SecureClassLoader::defineClass@12 (line 150)
  0x0000022a9fb00a44: 986e 86ff 

  0x0000022a9fb00a48: ;   {other}
  0x0000022a9fb00a48: 0f1f 8400 | c03b 0078 | ba97 ffff | ff66 6690 

  0x0000022a9fb00a58: ;   {runtime_call UncommonTrapBlob}
  0x0000022a9fb00a58: c5f8 77e8 

  0x0000022a9fb00a5c: ; ImmutableOopMap {[32]=Oop [48]=NarrowOop [104]=Oop }
                      ;*invokevirtual clone {reexecute=1 rethrow=0 return_oop=0}
                      ; - (reexecute) java.security.CodeSource::getCertificates@11 (line 200)
                      ; - java.lang.ClassLoader::postDefineClass@24 (line 938)
                      ; - java.lang.ClassLoader::defineClass@37 (line 1027)
                      ; - java.security.SecureClassLoader::defineClass@12 (line 150)
  0x0000022a9fb00a5c: 806e 86ff 

  0x0000022a9fb00a60: ;   {other}
  0x0000022a9fb00a60: 0f1f 8400 | d83b 0079 | ba97 ffff | ff4c 8b54 | 2438 4c89 | 5424 3044 | 8b5c 2440 | 4489 5c24 
  0x0000022a9fb00a80: 3844 8b54 | 2444 4489 | 5424 3c4c | 8b54 2448 | 4c89 5424 | 404c 8b54 | 2450 4c89 | 5424 4890 
  0x0000022a9fb00aa0: ;   {runtime_call UncommonTrapBlob}
  0x0000022a9fb00aa0: c5f8 77e8 

  0x0000022a9fb00aa4: ; ImmutableOopMap {rbp=Oop [32]=Oop [40]=Oop [48]=Oop [64]=Oop [72]=Oop [112]=Oop }
                      ;*invokevirtual clone {reexecute=1 rethrow=0 return_oop=0}
                      ; - (reexecute) java.security.CodeSource::getCertificates@86 (line 212)
                      ; - java.lang.ClassLoader::checkCerts@34 (line 1166)
                      ; - java.lang.ClassLoader::preDefineClass@113 (line 918)
                      ; - java.lang.ClassLoader::defineClass@4 (line 1024)
                      ; - java.security.SecureClassLoader::defineClass@12 (line 150)
  0x0000022a9fb00aa4: 386e 86ff 

  0x0000022a9fb00aa8: ;   {other}
  0x0000022a9fb00aa8: 0f1f 8400 | 203c 007a | ba97 ffff | ff66 6690 

  0x0000022a9fb00ab8: ;   {runtime_call UncommonTrapBlob}
  0x0000022a9fb00ab8: c5f8 77e8 

  0x0000022a9fb00abc: ; ImmutableOopMap {[32]=Oop [40]=Oop [56]=Oop }
                      ;*invokevirtual clone {reexecute=1 rethrow=0 return_oop=0}
                      ; - (reexecute) java.security.CodeSource::getCertificates@86 (line 212)
                      ; - java.lang.ClassLoader::postDefineClass@24 (line 938)
                      ; - java.lang.ClassLoader::defineClass@37 (line 1027)
                      ; - java.security.SecureClassLoader::defineClass@12 (line 150)
  0x0000022a9fb00abc: 206e 86ff 

  0x0000022a9fb00ac0: ;   {other}
  0x0000022a9fb00ac0: 0f1f 8400 | 383c 007b | eb46 eb44 | eb42 eb40 | eb3e eb3c | eb3a eb38 | eb36 eb34 | eb32 eb30 
  0x0000022a9fb00ae0: eb2e eb2c | eb2a eb28 | eb26 eb24 | eb22 eb20 | eb1e eb1c | eb1a eb18 | eb16 eb14 | eb12 eb10 
  0x0000022a9fb00b00: eb0e eb0c | eb0a eb08 | eb06 eb04 | eb02 eb00 | 488b d0e9 | 95d8 ffff 

  0x0000022a9fb00b18: ;   {internal_word}
  0x0000022a9fb00b18: 49ba dfe5 | af9f 2a02 | 0000 4d89 | 9760 0400 

  0x0000022a9fb00b28: ;   {runtime_call SafepointBlob}
  0x0000022a9fb00b28: 00e9 b25c 

  0x0000022a9fb00b2c: ;   {runtime_call StubRoutines (final stubs)}
  0x0000022a9fb00b2c: 86ff e82d | 9884 ffe9 | 56c8 ffff 
[Stub Code]
  0x0000022a9fb00b38: ;   {no_reloc}
  0x0000022a9fb00b38: 48bb d0cd | 1abc 2a02 

  0x0000022a9fb00b40: ;   {runtime_call I2C/C2I adapters}
  0x0000022a9fb00b40: 0000 e9f3 

  0x0000022a9fb00b44: ;   {static_stub}
  0x0000022a9fb00b44: cb85 ff48 | bb00 0000 | 0000 0000 

  0x0000022a9fb00b50: ;   {runtime_call nmethod}
  0x0000022a9fb00b50: 00e9 fbff 

  0x0000022a9fb00b54: ;   {static_stub}
  0x0000022a9fb00b54: ffff 48bb | 0000 0000 | 0000 0000 

  0x0000022a9fb00b60: ;   {runtime_call nmethod}
  0x0000022a9fb00b60: e9fb ffff 

  0x0000022a9fb00b64: ;   {static_stub}
  0x0000022a9fb00b64: ff48 bb00 | 0000 0000 

  0x0000022a9fb00b6c: ;   {runtime_call nmethod}
  0x0000022a9fb00b6c: 0000 00e9 | fbff ffff 

  0x0000022a9fb00b74: ;   {static_stub}
  0x0000022a9fb00b74: 48bb 0000 | 0000 0000 

  0x0000022a9fb00b7c: ;   {runtime_call nmethod}
  0x0000022a9fb00b7c: 0000 e9fb 

  0x0000022a9fb00b80: ;   {static_stub}
  0x0000022a9fb00b80: ffff ff48 | bb00 0000 | 0000 0000 

  0x0000022a9fb00b8c: ;   {runtime_call nmethod}
  0x0000022a9fb00b8c: 00e9 fbff 

  0x0000022a9fb00b90: ;   {static_stub}
  0x0000022a9fb00b90: ffff 48bb | 0000 0000 | 0000 0000 

  0x0000022a9fb00b9c: ;   {runtime_call nmethod}
  0x0000022a9fb00b9c: e9fb ffff 

  0x0000022a9fb00ba0: ;   {static_stub}
  0x0000022a9fb00ba0: ff48 bb00 | 0000 0000 

  0x0000022a9fb00ba8: ;   {runtime_call nmethod}
  0x0000022a9fb00ba8: 0000 00e9 | fbff ffff 

  0x0000022a9fb00bb0: ;   {static_stub}
  0x0000022a9fb00bb0: 48bb 0000 | 0000 0000 

  0x0000022a9fb00bb8: ;   {runtime_call nmethod}
  0x0000022a9fb00bb8: 0000 e9fb 

  0x0000022a9fb00bbc: ;   {static_stub}
  0x0000022a9fb00bbc: ffff ff48 | bb00 0000 | 0000 0000 

  0x0000022a9fb00bc8: ;   {runtime_call nmethod}
  0x0000022a9fb00bc8: 00e9 fbff 

  0x0000022a9fb00bcc: ;   {static_stub}
  0x0000022a9fb00bcc: ffff 48bb | 0000 0000 | 0000 0000 

  0x0000022a9fb00bd8: ;   {runtime_call nmethod}
  0x0000022a9fb00bd8: e9fb ffff 

  0x0000022a9fb00bdc: ;   {static_stub}
  0x0000022a9fb00bdc: ff48 bb00 | 0000 0000 

  0x0000022a9fb00be4: ;   {runtime_call nmethod}
  0x0000022a9fb00be4: 0000 00e9 | fbff ffff 

  0x0000022a9fb00bec: ;   {static_stub}
  0x0000022a9fb00bec: 48bb 0000 | 0000 0000 

  0x0000022a9fb00bf4: ;   {runtime_call nmethod}
  0x0000022a9fb00bf4: 0000 e9fb 

  0x0000022a9fb00bf8: ;   {static_stub}
  0x0000022a9fb00bf8: ffff ff48 | bb00 0000 | 0000 0000 

  0x0000022a9fb00c04: ;   {runtime_call nmethod}
  0x0000022a9fb00c04: 00e9 fbff 

  0x0000022a9fb00c08: ;   {static_stub}
  0x0000022a9fb00c08: ffff 48bb | 0000 0000 | 0000 0000 

  0x0000022a9fb00c14: ;   {runtime_call nmethod}
  0x0000022a9fb00c14: e9fb ffff 

  0x0000022a9fb00c18: ;   {static_stub}
  0x0000022a9fb00c18: ff48 bb00 | 0000 0000 

  0x0000022a9fb00c20: ;   {runtime_call nmethod}
  0x0000022a9fb00c20: 0000 00e9 | fbff ffff 

  0x0000022a9fb00c28: ;   {static_stub}
  0x0000022a9fb00c28: 48bb 0000 | 0000 0000 

  0x0000022a9fb00c30: ;   {runtime_call nmethod}
  0x0000022a9fb00c30: 0000 e9fb 

  0x0000022a9fb00c34: ;   {static_stub}
  0x0000022a9fb00c34: ffff ff48 | bb00 0000 | 0000 0000 

  0x0000022a9fb00c40: ;   {runtime_call nmethod}
  0x0000022a9fb00c40: 00e9 fbff 

  0x0000022a9fb00c44: ;   {static_stub}
  0x0000022a9fb00c44: ffff 48bb | 0000 0000 | 0000 0000 

  0x0000022a9fb00c50: ;   {runtime_call nmethod}
  0x0000022a9fb00c50: e9fb ffff 

  0x0000022a9fb00c54: ;   {static_stub}
  0x0000022a9fb00c54: ff48 bb00 | 0000 0000 

  0x0000022a9fb00c5c: ;   {runtime_call nmethod}
  0x0000022a9fb00c5c: 0000 00e9 | fbff ffff 

  0x0000022a9fb00c64: ;   {static_stub}
  0x0000022a9fb00c64: 48bb 0000 | 0000 0000 

  0x0000022a9fb00c6c: ;   {runtime_call nmethod}
  0x0000022a9fb00c6c: 0000 e9fb 

  0x0000022a9fb00c70: ;   {static_stub}
  0x0000022a9fb00c70: ffff ff48 | bb18 dc45 | bc2a 0200 

  0x0000022a9fb00c7c: ;   {runtime_call I2C/C2I adapters}
  0x0000022a9fb00c7c: 00e9 3b7f 

  0x0000022a9fb00c80: ;   {static_stub}
  0x0000022a9fb00c80: 86ff 48bb | 0000 0000 | 0000 0000 

  0x0000022a9fb00c8c: ;   {runtime_call nmethod}
  0x0000022a9fb00c8c: e9fb ffff 

  0x0000022a9fb00c90: ;   {runtime_call ExceptionBlob}
  0x0000022a9fb00c90: ffe9 ca40 | 93ff e800 | 0000 0048 | 832c 2405 

  0x0000022a9fb00ca0: ;   {runtime_call DeoptimizationBlob}
  0x0000022a9fb00ca0: e95b 6f86 | fff4 f4f4 
[/MachCode]


Compiled method (c2) 83092 7968       4       java.net.URLClassLoader$1::run (5 bytes)
 total in heap  [0x0000022a9fba5308,0x0000022a9fba81d0] = 11976
 relocation     [0x0000022a9fba53e0,0x0000022a9fba5678] = 664
 main code      [0x0000022a9fba5680,0x0000022a9fba7d60] = 9952
 stub code      [0x0000022a9fba7d60,0x0000022a9fba7e48] = 232
 oops           [0x0000022a9fba7e48,0x0000022a9fba7e88] = 64
 metadata       [0x0000022a9fba7e88,0x0000022a9fba81d0] = 840
 immutable data [0x0000022b016f2030,0x0000022b016f3828] = 6136
 dependencies   [0x0000022b016f2030,0x0000022b016f2120] = 240
 nul chk table  [0x0000022b016f2120,0x0000022b016f21a8] = 136
 handler table  [0x0000022b016f21a8,0x0000022b016f2400] = 600
 scopes pcs     [0x0000022b016f2400,0x0000022b016f2950] = 1360
 scopes data    [0x0000022b016f2950,0x0000022b016f3828] = 3800

[Constant Pool (empty)]

[MachCode]
[Instructions begin]
  0x0000022a9fba5680: 6690 448b | 5208 443b 

  0x0000022a9fba5688: ;   {runtime_call ic_miss_stub}
  0x0000022a9fba5688: 5008 0f85 | 5090 7bff 
[Verified Entry Point]
  0x0000022a9fba5690: 8984 2400 | 80ff ff55 | 4881 ecc0 | 0000 0090 | 4181 7f20 | 1900 0000 | 0f85 a126 | 0000 4889 
  0x0000022a9fba56b0: 5424 5044 | 8b42 0c47 | 0fbe 54c4 | 1045 85d2 | 0f85 ea1c | 0000 478b | 5cc4 1443 | 8b4c dc0c 
  0x0000022a9fba56d0: 4f8d 34c4 | 85c9 0f86 | 2304 0000 | 8bd9 ffcb | 3bd9 0f83 | 7419 0000 | 8d79 fd4b | 8d04 dc43 
  0x0000022a9fba56f0: 807c dc10 | 2e0f 841f | 1000 0083 | ff01 0f8e | d403 0000 | bd01 0000 | 00ba 0100 | 0000 8bf1 
  0x0000022a9fba5710: 2bf5 83c6 | fd45 33d2 | 3bfd 410f | 4cf2 81fe | a00f 0000 | 41ba a00f | 0000 410f | 47f2 03f5 
  0x0000022a9fba5730: eb11 6666 | 0f1f 8400 | 0000 0000 | 6666 6690 | 418b ea4c | 63d5 460f | be4c 1010 | 4183 f92e 
  0x0000022a9fba5750: 0f84 4301 | 0000 460f | be4c 1011 | 4183 f92e | 0f84 2c01 | 0000 460f | be4c 1012 | 4183 f92e 
  0x0000022a9fba5770: 0f84 2001 | 0000 460f | be4c 1013 | 4183 f92e | 0f84 0901 | 0000 448d 

  0x0000022a9fba5788: ;   {no_reloc}
  0x0000022a9fba5788: 5504 443b | d67c b149 | 8bb7 5004 | 0000 83c5 

  0x0000022a9fba5798: ; ImmutableOopMap {r11=NarrowOop r8=NarrowOop rax=Oop r14=Oop [80]=Oop }
                      ;*if_icmpne {reexecute=1 rethrow=0 return_oop=0}
                      ; - (reexecute) java.lang.StringLatin1::replace@28 (line 408)
                      ; - java.lang.String::replace@18 (line 3024)
                      ; - java.net.URLClassLoader$1::run@8 (line 423)
                      ; - java.net.URLClassLoader$1::run@1 (line 421)
                      ;   {poll}
  0x0000022a9fba5798: 0385 0644 | 3bd7 0f8d | 3f03 0000 | 418b eae9 | 62ff ffff | 0f1f 4000 | 418b d348 | 63fa 440f 
  0x0000022a9fba57b8: be44 3810 | c4c1 f97e | db45 8844 | 3b10 440f | be5c 3811 | c4c1 f97e | d845 885c | 3811 448d 
  0x0000022a9fba57d8: 5a02 453b | d97c d14d | 8b87 5004 

  0x0000022a9fba57e4: ; ImmutableOopMap {rax=Oop r13=NarrowOop r14=Oop xmm0=NarrowOop xmm3=Oop [80]=Oop }
                      ;*goto {reexecute=1 rethrow=0 return_oop=0}
                      ; - (reexecute) java.lang.StringLatin1::replace@76 (line 415)
                      ; - java.lang.String::replace@18 (line 3024)
                      ; - java.net.URLClassLoader$1::run@8 (line 423)
                      ; - java.net.URLClassLoader$1::run@1 (line 421)
                      ;   {poll}
  0x0000022a9fba57e4: 0000 4185 | 0041 8bd3 | 453b da0f | 8c85 0000 | 00c4 c179 | 7ec0 458b | ddc5 f97e | d1c5 f97e 
  0x0000022a9fba5804: cfc4 c1f9 | 7ed9 3bd5 | 7d16 6690 | 4863 f244 | 0fbe 5430 | 1045 8854 | 3110 ffc2 | 3bd5 7cec 
  0x0000022a9fba5824: 3be9 0f8d | 5202 0000 | 3be9 0f83 | d018 0000 | 3bd9 0f83 | c818 0000 | 448b c541 | ffc0 4c63 
  0x0000022a9fba5844: d546 0fbe | 5c10 1041 | 83fb 2e0f | 84ec 0d00 | 0047 885c | 1110 448b | d541 ffc2 | 453b d07d 
  0x0000022a9fba5864: 0541 8bea | ebd8 443b | d70f 8de5 | 0100 00ff | c5e9 7601 | 0000 c4c1 | 797e c045 | 8bdd c5f9 
  0x0000022a9fba5884: 7ed1 c5f9 | 7ecf e9b6 | 0000 0083 | c502 ffc5 | eb03 83c5 | 023b e90f | 8d5e 0200 | 0081 f900 
  0x0000022a9fba58a4: 0010 000f | 8724 1400 | 004d 8b8f | b801 0000 | 4c63 d149 | 83c2 1749 | 83e2 f849 | 8bf1 4903 
  0x0000022a9fba58c4: f249 3bb7 | c801 0000 | 0f83 ff13 | 0000 4989 | b7b8 0100 | 000f 0d8e | c000 0000 | 49c7 0101 
  0x0000022a9fba58e4: ;   {no_reloc}
  0x0000022a9fba58e4: 0000 000f | 0d8e 0001 

  0x0000022a9fba58ec: ;   {metadata({type array byte})}
  0x0000022a9fba58ec: 0000 41c7 | 4108 105d | 1600 4189 | 490c 0f0d | 8e40 0100 | 000f 0d8e | 8001 0000 | 85ed 0f8e 
  0x0000022a9fba590c: 14ff ffff | 448b d541 | ffca 443b | d10f 83b5 | 1a00 0085 | c90f 86ad | 1a00 0043 | 0fbe 74dc 
  0x0000022a9fba592c: 1041 8871 | 1041 83fa | 010f 8ecf | feff ffbe | d007 0000 | c4c1 f96e | d944 8bcd | 442b ca41 
  0x0000022a9fba594c: ffc9 4533 | ed44 3bd2 | 450f 4ccd | 4181 f9d0 | 0700 0044 | 0f47 ce44 | 03ca c4c1 | 796e c045 
  0x0000022a9fba596c: 8beb c5f9 | 6ed1 c5f9 | 6ecf e938 | feff ffbb | 2f00 0000 | 4388 5c11 | 1383 c504 | 413b eb7d 
  0x0000022a9fba598c: 554c 63d5 | 420f be5c | 1010 83fb | 2e74 4043 | 885c 1110 | 420f be5c | 1011 83fb | 2e74 2243 
  0x0000022a9fba59ac: 885c 1111 | 420f be5c | 1012 83fb | 2e74 1943 | 885c 1112 | 420f be5c | 1013 83fb | 2e75 b5eb 
  0x0000022a9fba59cc: aebb 2f00 | 0000 ebd7 | bb2f 0000 | 00eb e0bb | 2f00 0000 | ebb9 4d8b | 9f50 0400 

  0x0000022a9fba59e8: ; ImmutableOopMap {r9=Oop rax=Oop r14=Oop [80]=Oop }
                      ;*goto {reexecute=1 rethrow=0 return_oop=0}
                      ; - (reexecute) java.lang.StringLatin1::replace@113 (line 422)
                      ; - java.lang.String::replace@18 (line 3024)
                      ; - java.net.URLClassLoader$1::run@8 (line 423)
                      ; - java.net.URLClassLoader$1::run@1 (line 421)
                      ;   {poll}
  0x0000022a9fba59e8: 0041 8503 | 3bef 7d6b | 448b d944 | 2bdd 4183 | c3fd 4533 | c03b fd45 | 0f4c d841 | 81fb a00f 
  0x0000022a9fba5a08: 0000 41b8 | a00f 0000 | 450f 47d8 | 4403 dde9 | 71ff ffff | 49ba ffff | ffff ffff | ffff c442 
  0x0000022a9fba5a28: b8f5 d2c4 | c1fb 92fa | 62d1 7faf | 6f01 62f1 | 7f2f 7f02 | e9dd 0100 | 00ba 2e63 | 0000 6689 
  0x0000022a9fba5a48: 543d 10c7 | 443d 126c | 6173 73e9 | 7c01 0000 | 418b ea3b | e97d 1f90 | 4c63 d546 | 0fbe 5c10 
  0x0000022a9fba5a68: 1041 83fb | 2e0f 849c | 0c00 0047 | 885c 1110 | ffc5 3be9 | 7ce2 4d8b | 97b8 0100 | 004d 8bda 
  0x0000022a9fba5a88: 4983 c318 | 4d3b 9fc8 | 0100 000f | 83aa 1200 | 004d 899f | b801 0000 | 410f 0d8b | c000 0000 
  0x0000022a9fba5aa8: 49c7 0201 | 0000 004d | 8bda 4983 

  0x0000022a9fba5ab4: ;   {metadata('java/lang/String')}
  0x0000022a9fba5ab4: c310 41c7 | 4208 d00d | 1700 4589 | 620c c5fd | efc0 c4c1 | 79d6 034d | 8bc1 49c1 | e803 4589 
  0x0000022a9fba5ad4: 4214 eb31 | 41ba 0100 | 0000 ba01 | 0000 0044 | 3bd1 7d17 | 420f be74 | 1010 83fe | 2e0f 8420 
  0x0000022a9fba5af4: 1400 0041 | ffc2 443b | d17c e94d | 8bcb 49c1 | e103 4d8b | d645 8b59 | 0c45 85db | 0f86 360b 
  0x0000022a9fba5b14: 0000 450f | be42 10c4 | c23a f7cb | 4863 f941 | 83f8 010f | 8417 1900 | 0048 8d77 | 068b de85 
  0x0000022a9fba5b34: db0f 8cc9 | 1800 0081 | fb00 0010 | 000f 878a | 1000 0049 | 8baf b801 | 0000 8bd3 | 4863 d248 
  0x0000022a9fba5b54: 83c2 1748 | 83e2 f848 | 8bc5 4803 | c249 3b87 | c801 0000 | 0f83 6310 | 0000 4989 | 87b8 0100 
  0x0000022a9fba5b74: 000f 0d88 | c000 0000 | 48c7 4500 | 0100 0000 | 0f0d 8800 

  0x0000022a9fba5b88: ;   {metadata({type array byte})}
  0x0000022a9fba5b88: 0100 00c7 | 4508 105d | 1600 895d | 0c0f 0d88 | 4001 0000 | 0f0d 8880 | 0100 008d | 7106 3bde 
  0x0000022a9fba5ba8: 0f82 d614 | 0000 85c9 | 0f8e 8bfe | ffff c644 | 3d15 73c6 | 443d 1473 | c644 3d13 | 61c6 443d 
  0x0000022a9fba5bc8: 126c c644 | 3d11 63c6 | 443d 102e | 4585 c00f | 8547 1800 | 0041 3bdb | 0f82 c214 | 0000 4585 
  0x0000022a9fba5be8: db76 3348 | 8bd5 4883 | c210 4983 | c110 4d63 | c349 83f8 | 200f 8619 | feff ff49 | 8bc9 c5f8 
  0x0000022a9fba5c08: 7749 ba00 | 3234 9f2a | 0200 0041 

  0x0000022a9fba5c14: ;   {other}
  0x0000022a9fba5c14: ffd2 0f1f | 8400 0000 | 0000 498b | 87b8 0100 | 004c 8bd0 | 4983 c218 | 4d3b 97c8 | 0100 000f 
  0x0000022a9fba5c34: 8304 1000 | 004d 8997 | b801 0000 | 410f 0d8a | c000 0000 | 48c7 0001 

  0x0000022a9fba5c4c: ;   {metadata('java/lang/String')}
  0x0000022a9fba5c4c: 0000 00c7 | 4008 d00d | 1700 4489 | 600c 4489 | 6010 4c8b | dd49 c1eb | 0344 8958 | 144c 8b54 
  0x0000022a9fba5c6c: 2450 458b | 5210 478b | 5cd4 5445 | 85db 0f84 | c113 0000 | 4b8d 14dc | 4c8b c045 | 33c9 6690 
  0x0000022a9fba5c8c: ;   {optimized virtual_call}
  0x0000022a9fba5c8c: c5f8 77e8 

  0x0000022a9fba5c90: ; ImmutableOopMap {[80]=Oop }
                      ;*invokevirtual getResource {reexecute=0 rethrow=0 return_oop=1}
                      ; - java.net.URLClassLoader$1::run@26 (line 424)
                      ; - java.net.URLClassLoader$1::run@1 (line 421)
  0x0000022a9fba5c90: 1c79 eeff 

  0x0000022a9fba5c94: ;   {other}
  0x0000022a9fba5c94: 0f1f 8400 | 8c09 0003 | 4c8b f048 | 85c0 7507 | 33c0 e97d | 0900 004c | 8b54 2450 | 458b 5210 
  0x0000022a9fba5cb4: 4489 9424 | 9400 0000 | 4c8b 5424 | 5045 8b5a | 0c44 899c | 2490 0000 | 0044 8b94 | 2494 0000 
  0x0000022a9fba5cd4: 0045 85d2 | 0f84 4e14 | 0000 c5f8 | 7749 ba60 | b66c 27fd | 7f00 0041 

  0x0000022a9fba5cec: ;   {other}
  0x0000022a9fba5cec: ffd2 0f1f | 8400 0000 | 0000 4889 | 4424 3044 | 8b9c 2490 | 0000 0047 | 8b5c dc14 

  0x0000022a9fba5d08: ; implicit exception: dispatches to 0x0000022a9fba774c
  0x0000022a9fba5d08: 478b 44dc | 0c44 8b94 | 2490 0000 | 0047 0fbe | 54d4 10c4 | 422a f7c8 | 418b c9ff | c945 85d2 
  0x0000022a9fba5d28: 0f85 e217 | 0000 458b | d041 ffca | 443b d144 | 0f4f d18b | 9c24 9000 | 0000 498d | 3cdc 4b8d 
  0x0000022a9fba5d48: 0cdc 4585 | d20f 8c85 | 0c00 0045 | 85c0 0f86 | 2414 0000 | 453b d00f | 831b 1400 | 0041 8bda 
  0x0000022a9fba5d68: ffcb 33d2 | 4889 9424 | 8800 0000 | 420f be54 | 1110 83fa | 2e0f 84a2 | 0000 0041 | 8bd2 ffca 
  0x0000022a9fba5d88: 3bd3 7e05 | 448b d2eb | e383 fa02 | 0f8e 6216 | 0000 41ff | ca41 8d52 | fe33 f641 | 83fa 020f 
  0x0000022a9fba5da8: 4cd6 81fa | a00f 0000 | bea0 0f00 | 000f 47d6 | 418b c22b | c248 8bf7 | 4963 d20f | be5c 1110 
  0x0000022a9fba5dc8: 83fb 2e74 | 550f be5c | 110f 83fb | 2e74 3c0f | be7c 110e | 83ff 2e74 | 370f be5c | 110d 83fb 
  0x0000022a9fba5de8: 2e74 3341 

  0x0000022a9fba5dec: ;   {no_reloc}
  0x0000022a9fba5dec: 83c2 fc44 | 3bd0 7fcc | 498b af50 | 0400 0049 | 8bfe 488b 

  0x0000022a9fba5e00: ; ImmutableOopMap {r11=NarrowOop rcx=Oop rsi=Oop rax=Oop r14=Oop [80]=Oop [144]=NarrowOop [148]=NarrowOop }
                      ;*goto {reexecute=1 rethrow=0 return_oop=0}
                      ; - (reexecute) java.lang.StringLatin1::lastIndexOf@35 (line 395)
                      ; - java.lang.String::lastIndexOf@13 (line 2664)
                      ; - java.lang.String::lastIndexOf@8 (line 2626)
                      ; - java.net.URLClassLoader::defineClass@7 (line 486)
                      ; - java.net.URLClassLoader$1::run@43 (line 427)
                      ; - java.net.URLClassLoader$1::run@1 (line 421)
                      ;   {poll}
  0x0000022a9fba5e00: c785 4500 | 4183 fa02 | 0f8e 1111 | 0000 488b | feeb 8a41 | ffca eb0a | 4183 c2fe | eb04 4183 
  0x0000022a9fba5e20: c2fd 488b | fe41 8b5e 

  0x0000022a9fba5e28: ;   {metadata('jdk/internal/loader/URLClassPath$JarLoader$2')}
  0x0000022a9fba5e28: 0881 fb80 | 022f 000f | 8534 0b00 | 0049 8bde | 8b53 2045 | 8b6c d41c | 4183 faff | 0f84 5e04 
  0x0000022a9fba5e48: 0000 418b | d1ff c244 | 3bd2 0f83 | 8017 0000 | 453b d10f | 8452 0800 | 0045 85d2 | 0f84 f30d 
  0x0000022a9fba5e68: 0000 498b | 9fb8 0100 | 004c 8bcb | 4983 c118 | 4d3b 8fc8 | 0100 000f | 8319 0f00 | 0048 897c 
  0x0000022a9fba5e88: 2420 4d89 | 8fb8 0100 | 0041 0f0d | 89c0 0000 | 0048 c703 | 0100 0000 | 4c8b cb49 

  0x0000022a9fba5ea4: ;   {metadata('java/lang/String')}
  0x0000022a9fba5ea4: 83c1 10c7 | 4308 d00d | 1700 4489 | 630c c5fd | efc0 c4c1 | 79d6 014f | 8d4c dc10 | 453b d00f 
  0x0000022a9fba5ec4: 859c 0000 | 004d 63d0 | 4181 f800 | 0010 000f | 8790 1000 | 0049 8bbf | b801 0000 | 498d 5217 
  0x0000022a9fba5ee4: 4883 e2f8 | 488b f748 | 03f2 493b | b7c8 0100 | 000f 836e | 1000 0049 | 89b7 b801 | 0000 0f0d 
  0x0000022a9fba5f04: 8ec0 0000 | 0048 c707 | 0100 0000 | 0f0d 8e00 

  0x0000022a9fba5f14: ;   {metadata({type array byte})}
  0x0000022a9fba5f14: 0100 00c7 | 4708 105d | 1600 4489 | 470c 0f0d | 8e40 0100 | 000f 0d8e | 8001 0000 | 488b d748 
  0x0000022a9fba5f34: 83c2 1049 | 83c2 0749 | c1ea 0349 | 8bc9 4d8b | c2c5 f877 | 49ba 805b | 349f 2a02 | 0000 41ff 
  0x0000022a9fba5f54: ;   {other}
  0x0000022a9fba5f54: d20f 1f84 | 0000 0000 | 0048 8bf7 | e9c8 0000 | 0045 3bc2 | 418b e841 | 0f4f ea44 | 3bc5 0f82 
  0x0000022a9fba5f74: 6315 0000 | 443b d50f | 825a 1500 | 0045 8bda | 4d63 db49 | 83c3 174d | 8bc3 4983 | e0f8 4181 
  0x0000022a9fba5f94: fa00 0010 | 000f 877d | 0e00 0049 | 8bb7 b801 | 0000 488b | fe49 03f8 | 493b bfc8 | 0100 000f 
  0x0000022a9fba5fb4: 8363 0e00 | 0049 89bf | b801 0000 | 0f0d 8fc0 | 0000 0048 | c706 0100 | 0000 0f0d | 8f00 0100 
  0x0000022a9fba5fd4: ;   {metadata({type array byte})}
  0x0000022a9fba5fd4: 00c7 4608 | 105d 1600 | 4489 560c | 0f0d 8f40 | 0100 000f | 0d8f 8001 | 0000 488b | d648 83c2 
  0x0000022a9fba5ff4: 1049 c1eb | 0385 ed0f | 8467 1400 | 0041 3bea | 0f8c f70a | 0000 4983 | c0f0 49c1 | e803 498b 
  0x0000022a9fba6014: c9c5 f877 | 49ba 805b | 349f 2a02 | 0000 41ff 

  0x0000022a9fba6024: ;   {other}
  0x0000022a9fba6024: d20f 1f84 | 0000 0000 | 0041 807f | 3800 0f85 | 410a 0000 | 4c8b db4c | 8bd6 49c1 | ea03 4489 
  0x0000022a9fba6044: 5314 4c8b | d64d 33d3 | 49c1 ea16 | 4d85 d274 | 1a49 c1eb | 0948 b900 | 0080 ad2a | 0200 0049 
  0x0000022a9fba6064: 03cb 8039 | 020f 8541 | 0a00 0044 | 8863 1048 | 8b7c 2420 | 4889 5c24 | 7045 8b5e 

  0x0000022a9fba6080: ;   {metadata('jdk/internal/loader/URLClassPath$JarLoader$2')}
  0x0000022a9fba6080: 0841 81fb | 8002 2f00 | 0f85 0c12 | 0000 4d8b 

  0x0000022a9fba6090: ;   {oop(a 'java/lang/Class'{0x00000006006d9e40} = 'jdk/internal/access/SharedSecrets')}
  0x0000022a9fba6090: de49 ba40 | 9e6d 0006 | 0000 0041 | 8b82 d400 | 0000 458b | 4cc4 0845 | 8b53 2047 | 8b54 d418 
  0x0000022a9fba60b0: ;   {metadata('java/util/jar/JavaUtilJarAccessImpl')}
  0x0000022a9fba60b0: 4181 f988 | 383c 000f | 8507 1200 | 0045 85d2 | 0f84 de10 | 0000 4f8d | 0cd4 488d | 9c24 a000 
  0x0000022a9fba60d0: 0000 4d8b | 0141 8b9f | 1806 0000 | 41f6 c002 | 0f85 3700 | 0000 81fb | 6706 0000 | 0f8f 4b00 
  0x0000022a9fba60f0: 0000 4d3b | 4c1f f874 | 1649 8bc0 | 4883 c801 | 4983 e0fe | f04d 0fb1 | 010f 852e | 0000 004d 
  0x0000022a9fba6110: 890c 1f41 | 8387 1806 | 0000 08eb | 1748 33c0 | f04d 0fb1 | 783e 740c | 4c3b f875 | 1049 ff80 
  0x0000022a9fba6130: 8600 0000 | 49ff 8750 | 0500 0033 | c00f 85b5 | 1100 0044 | 8954 2448 | 4c89 4c24 | 584c 895c 
  0x0000022a9fba6150: 2440 4489 | 6c24 3848 | 897c 2420 | 4c89 7424 | 2849 8bd1 | 498b eb90 

  0x0000022a9fba6168: ;   {optimized virtual_call}
  0x0000022a9fba6168: c5f8 77e8 

  0x0000022a9fba616c: ; ImmutableOopMap {rbp=Oop [32]=Oop [40]=Oop [56]=NarrowOop [64]=Oop [72]=NarrowOop [80]=Oop [88]=Oop [112]=Oop [144]=NarrowOop [148]=NarrowOop }
                      ;*invokevirtual maybeInstantiateVerifier {reexecute=0 rethrow=0 return_oop=0}
                      ; - java.util.jar.JarFile::ensureInitialization@1 (line 1063)
                      ; - java.util.jar.JavaUtilJarAccessImpl::ensureInitialization@1 (line 42)
                      ; - jdk.internal.loader.URLClassPath$JarLoader$2::getManifest@10 (line 841)
                      ; - java.net.URLClassLoader::defineClass@34 (line 491)
                      ; - java.net.URLClassLoader$1::run@43 (line 427)
                      ; - java.net.URLClassLoader$1::run@1 (line 421)
  0x0000022a9fba616c: a08b f6ff 

  0x0000022a9fba6170: ;   {other}
  0x0000022a9fba6170: 0f1f 8400 | 680e 0005 | 448b 5c24 | 4847 3b64 | dc34 0f85 | 6c07 0000 | 4c8b 5c24 | 5848 8d84 
  0x0000022a9fba6190: 24a0 0000 | 0049 ff8f | 5005 0000 | 418b 8718 | 0600 004d | 8b13 4d3b | 5c07 f80f | 852e 0000 
  0x0000022a9fba61b0: 0041 83af | 1806 0000 | 084d 3b5c | 07f0 0f84 | 4d00 0000 | 498b c248 | 83e0 fc49 | 83ca 01f0 
  0x0000022a9fba61d0: 4d0f b113 | 0f85 2e1b | 0000 e932 | 0000 0049 | 83ba 8600 | 0000 0075 | 1e49 8b82 | 9600 0000 
  0x0000022a9fba61f0: 490b 828e | 0000 000f | 851f 1b00 | 0049 c742 | 3e00 0000 | 00eb 0a49 | ff8a 8600 | 0000 4533 
  0x0000022a9fba6210: d20f 8547 | 1100 004c | 8b44 2440 | 458b 5820 

  0x0000022a9fba6220: ; implicit exception: dispatches to 0x0000022a9fba7810
  0x0000022a9fba6220: 438b 6cdc | 1845 8b54 

  0x0000022a9fba6228: ;   {metadata('java/util/jar/JarFile')}
  0x0000022a9fba6228: ec08 4181 | fa20 5927 | 000f 8552 | 1100 0049 | 8d14 ec90 

  0x0000022a9fba623c: ;   {optimized virtual_call}
  0x0000022a9fba623c: c5f8 77e8 

  0x0000022a9fba6240: ; ImmutableOopMap {[32]=Oop [40]=Oop [56]=NarrowOop [64]=Oop [80]=Oop [112]=Oop [144]=NarrowOop [148]=NarrowOop }
                      ;*invokevirtual getManifest {reexecute=0 rethrow=0 return_oop=1}
                      ; - jdk.internal.loader.URLClassPath$JarLoader$2::getManifest@22 (line 842)
                      ; - java.net.URLClassLoader::defineClass@34 (line 491)
                      ; - java.net.URLClassLoader$1::run@43 (line 427)
                      ; - java.net.URLClassLoader$1::run@1 (line 421)
  0x0000022a9fba6240: 2cb9 f6ff 

  0x0000022a9fba6244: ;   {other}
  0x0000022a9fba6244: 0f1f 8400 | 3c0f 0006 | 4889 4424 | 4844 8b54 | 2438 49c1 | e203 4c89 | 5424 5844 | 8b9c 2494 
  0x0000022a9fba6264: 0000 004f | 8d14 dc4c | 8954 2460 | 498b d24c | 8b44 2470 | 4c8b c848 | 8b7c 2458 

  0x0000022a9fba6280: ;   {optimized virtual_call}
  0x0000022a9fba6280: c5f8 77e8 

  0x0000022a9fba6284: ; ImmutableOopMap {[32]=Oop [40]=Oop [56]=NarrowOop [64]=Oop [72]=Oop [80]=Oop [88]=Oop [96]=Oop [112]=Oop [144]=NarrowOop [148]=NarrowOop }
                      ;*invokevirtual getAndVerifyPackage {reexecute=0 rethrow=0 return_oop=1}
                      ; - java.net.URLClassLoader::defineClass@46 (line 492)
                      ; - java.net.URLClassLoader$1::run@43 (line 427)
                      ; - java.net.URLClassLoader$1::run@1 (line 421)
  0x0000022a9fba6284: f8a7 5bf0 

  0x0000022a9fba6288: ;   {other}
  0x0000022a9fba6288: 0f1f 8400 | 800f 0007 | 4885 c00f | 8424 0400 | 004c 8b74 | 2428 448b | 6c24 3848 | 8b7c 2420 
  0x0000022a9fba62a8: 4489 6c24 | 3848 897c | 2420 4c89 | 7424 2849 | 8bd6 6690 

  0x0000022a9fba62bc: ;   {optimized virtual_call}
  0x0000022a9fba62bc: c5f8 77e8 

  0x0000022a9fba62c0: ; ImmutableOopMap {[32]=Oop [40]=Oop [56]=NarrowOop [80]=Oop [144]=NarrowOop [148]=NarrowOop }
                      ;*invokevirtual cachedInputStream {reexecute=0 rethrow=0 return_oop=1}
                      ; - jdk.internal.loader.Resource::getByteBuffer@1 (line 163)
                      ; - java.net.URLClassLoader::defineClass@132 (line 511)
                      ; - java.net.URLClassLoader$1::run@43 (line 427)
                      ; - java.net.URLClassLoader$1::run@1 (line 421)
  0x0000022a9fba62c0: accd ecff 

  0x0000022a9fba62c4: ;   {other}
  0x0000022a9fba62c4: 0f1f 8400 | bc0f 0008 | 4c8b d044 

  0x0000022a9fba62d0: ;   {metadata('java/util/zip/ZipFile$ZipFileInflaterInputStream')}
  0x0000022a9fba62d0: 8b40 0841 | 81f8 785d | 3c00 0f85 | 8605 0000 | 4c8b 5c24 | 2845 8b53 

  0x0000022a9fba62e8: ;   {metadata('jdk/internal/loader/URLClassPath$JarLoader$2')}
  0x0000022a9fba62e8: 0841 81fa | 8002 2f00 | 0f85 8f06 | 0000 4c89 | 5c24 4049 | 8bd3 6690 

  0x0000022a9fba6300: ;   {optimized virtual_call}
  0x0000022a9fba6300: c5f8 77e8 

  0x0000022a9fba6304: ; ImmutableOopMap {[32]=Oop [40]=Oop [56]=NarrowOop [64]=Oop [80]=Oop [144]=NarrowOop [148]=NarrowOop }
                      ;*invokespecial getBytes {reexecute=0 rethrow=0 return_oop=1}
                      ; - jdk.internal.loader.URLClassPath$JarLoader$2::getBytes@1 (line 851)
                      ; - java.net.URLClassLoader::defineClass@179 (line 519)
                      ; - java.net.URLClassLoader$1::run@43 (line 427)
                      ; - java.net.URLClassLoader$1::run@1 (line 421)
  0x0000022a9fba6304: e843 0000 

  0x0000022a9fba6308: ;   {other}
  0x0000022a9fba6308: 0f1f 8400 | 0010 0009 | 488b d844 | 8b40 0c45 | 85c0 0f86 | ec12 0000 | 418b e8ff | cd41 3be8 
  0x0000022a9fba6328: 0f83 9a0e | 0000 488b | d048 83c2 | 1033 c9c5 | f877 49ba | a012 319f | 2a02 0000 

  0x0000022a9fba6344: ;   {other}
  0x0000022a9fba6344: 41ff d20f | 1f84 0000 | 0000 004c | 8b5c 2440 | 458b 531c 

  0x0000022a9fba6358: ; implicit exception: dispatches to 0x0000022a9fba7870
  0x0000022a9fba6358: 4f8b 54d4 | 1844 8bc0 | 4d3b c20f | 85d3 1200 | 0048 895c | 2440 4c8b | 5c24 2845 

  0x0000022a9fba6374: ;   {metadata('jdk/internal/loader/URLClassPath$JarLoader$2')}
  0x0000022a9fba6374: 8b43 0841 | 81f8 8002 | 2f00 0f85 | 2a06 0000 | 498b d390 

  0x0000022a9fba6388: ;   {optimized virtual_call}
  0x0000022a9fba6388: c5f8 77e8 

  0x0000022a9fba638c: ; ImmutableOopMap {[32]=Oop [40]=Oop [56]=NarrowOop [64]=Oop [80]=Oop [144]=NarrowOop [148]=NarrowOop }
                      ;*invokevirtual getCodeSigners {reexecute=0 rethrow=0 return_oop=1}
                      ; - java.net.URLClassLoader::defineClass@185 (line 521)
                      ; - java.net.URLClassLoader$1::run@43 (line 427)
                      ; - java.net.URLClassLoader$1::run@1 (line 421)
  0x0000022a9fba638c: a0c0 f5ff 

  0x0000022a9fba6390: ;   {other}
  0x0000022a9fba6390: 0f1f 8400 | 8810 000a | 4889 8424 | 8800 0000 | 4c8b 5c24 | 2849 8b87 | b801 0000 | 4c8b d049 
  0x0000022a9fba63b0: 83c2 284d | 3b97 c801 | 0000 0f83 | b509 0000 | 4d89 97b8 | 0100 004c | 8bc0 4983 | c010 48c7 
  0x0000022a9fba63d0: 0001 0000 | 0041 0f0d | 8ac0 0000 

  0x0000022a9fba63dc: ;   {metadata('java/security/CodeSource')}
  0x0000022a9fba63dc: 00c7 4008 | 2882 1600 | 4489 600c | c5fd efc0 | 41b9 0700 | 0000 c4c1 | 7892 f962 | d1fe 2f7f 
  0x0000022a9fba63fc: 0044 8b54 | 2438 4489 | 500c 4585 | d20f 845d | 1100 0048 | 8be8 4c89 | 5c24 284b | 8d14 d490 
  0x0000022a9fba641c: ;   {static_call}
  0x0000022a9fba641c: c5f8 77e8 

  0x0000022a9fba6420: ; ImmutableOopMap {rbp=Oop [32]=Oop [40]=Oop [64]=Oop [80]=Oop [136]=Oop [144]=NarrowOop [148]=NarrowOop }
                      ;*invokestatic urlNoFragString {reexecute=0 rethrow=0 return_oop=1}
                      ; - java.security.CodeSource::<init>@30 (line 123)
                      ; - java.net.URLClassLoader::defineClass@198 (line 522)
                      ; - java.net.URLClassLoader$1::run@43 (line 427)
                      ; - java.net.URLClassLoader$1::run@1 (line 421)
  0x0000022a9fba6420: 9ce3 eaff 

  0x0000022a9fba6424: ;   {other}
  0x0000022a9fba6424: 0f1f 8400 | 1c11 000b | 488b d841 | 807f 3800 | 0f85 b405 | 0000 4c8b | ed4d 8bd5 | 4c8b c349 
  0x0000022a9fba6444: c1e8 0345 | 8945 204c | 8bdb 4d33 | da49 c1eb | 164d 85db | 741f 4885 | db74 1a49 | c1ea 0948 
  0x0000022a9fba6464: b900 0080 | ad2a 0200 | 0049 03ca | 8039 020f | 85af 0500 | 004c 8b8c | 2488 0000 | 004d 85c9 
  0x0000022a9fba6484: 0f85 9c02 | 0000 c5f8 | 7749 ba60 | b66c 27fd | 7f00 0041 

  0x0000022a9fba6498: ;   {other}
  0x0000022a9fba6498: ffd2 0f1f | 8400 0000 | 0000 4c8b | c04c 2b44 

  0x0000022a9fba64a8: ;   {oop(a 'jdk/internal/perf/PerfCounter'{0x00000006006624c0})}
  0x0000022a9fba64a8: 2430 49bb | c024 6600 | 0600 0000 | 488d 9c24 | a000 0000 | 4d8b 1341 | 8b9f 1806 | 0000 41f6 
  0x0000022a9fba64c8: c202 0f85 | 3700 0000 | 81fb 6706 | 0000 0f8f | 4b00 0000 | 4d3b 5c1f | f874 1649 | 8bc2 4883 
  0x0000022a9fba64e8: c801 4983 | e2fe f04d | 0fb1 130f | 852e 0000 | 004d 891c | 1f41 8387 | 1806 0000 | 08eb 1748 
  0x0000022a9fba6508: 33c0 f04d | 0fb1 7a3e | 740c 4c3b | f875 1049 | ff82 8600 | 0000 49ff | 8750 0500 | 0033 c00f 
  0x0000022a9fba6528: 85c7 0c00 

  0x0000022a9fba652c: ;   {oop(a 'jdk/internal/perf/PerfCounter'{0x00000006006624c0})}
  0x0000022a9fba652c: 0049 bac0 | 2466 0006 | 0000 0045 | 8b5a 1043 | 8b6c dc24 | 85ed 0f85 | 5810 0000 | 438b 6cdc 
  0x0000022a9fba654c: 1c85 ed0f | 8cd8 0c00 | 0085 ed0f | 84eb 0b00 | 004f 8b54 | dc10 4d01 

  0x0000022a9fba6564: ;   {oop(a 'jdk/internal/perf/PerfCounter'{0x00000006006624c0})}
  0x0000022a9fba6564: 0249 bbc0 | 2466 0006 | 0000 0048 | 8d84 24a0 | 0000 0049 | ff8f 5005 | 0000 418b | 8718 0600 
  0x0000022a9fba6584: 004d 8b13 | 4d3b 5c07 | f80f 852e | 0000 0041 | 83af 1806 | 0000 084d | 3b5c 07f0 | 0f84 4d00 
  0x0000022a9fba65a4: 0000 498b | c248 83e0 | fc49 83ca | 01f0 4d0f | b113 0f85 | 0517 0000 | e932 0000 | 0049 83ba 
  0x0000022a9fba65c4: 8600 0000 | 0075 1e49 | 8b82 9600 | 0000 490b | 828e 0000 | 000f 85f6 | 1600 0049 | c742 3e00 
  0x0000022a9fba65e4: 0000 00eb | 0a49 ff8a | 8600 0000 | 4533 d20f | 856f 0c00 | 004c 8b4c | 2440 418b | 710c 448b 
  0x0000022a9fba6604: 9c24 9400 | 0000 4b8d | 14dc 4c8b | 4424 2033 | ff49 8bcd 

  0x0000022a9fba6618: ;   {optimized virtual_call}
  0x0000022a9fba6618: c5f8 77e8 

  0x0000022a9fba661c: ; ImmutableOopMap {[40]=Oop [80]=Oop }
                      ;*invokevirtual defineClass {reexecute=0 rethrow=0 return_oop=1}
                      ; - java.net.URLClassLoader::defineClass@220 (line 524)
                      ; - java.net.URLClassLoader$1::run@43 (line 427)
                      ; - java.net.URLClassLoader$1::run@1 (line 421)
  0x0000022a9fba661c: 506d f5ff 

  0x0000022a9fba6620: ;   {other}
  0x0000022a9fba6620: 0f1f 8400 | 1813 000c | c5f8 7748 | 81c4 c000 

  0x0000022a9fba6630: ;   {poll_return}
  0x0000022a9fba6630: 0000 5d49 | 3ba7 4804 | 0000 0f87 | 6b16 0000 | c341 bb2f | 0000 00e9 | 09f2 ffff | 498b 87b8 
  0x0000022a9fba6650: 0100 004c | 8bd0 4983 | c218 4d3b | 97c8 0100 | 000f 83e2 | 0800 004d | 8997 b801 | 0000 410f 
  0x0000022a9fba6670: 0d8a c000 | 0000 48c7 | 0001 0000 

  0x0000022a9fba667c: ;   {metadata('java/lang/String')}
  0x0000022a9fba667c: 00c7 4008 | d00d 1700 | 4489 600c | 4489 6010 

  0x0000022a9fba668c: ;   {oop([B{0x000000060063a9d8})}
  0x0000022a9fba668c: c740 143b 

  0x0000022a9fba6690: ;   {oop(".class"{0x000000060063a9c0})}
  0x0000022a9fba6690: 750c c049 | bac0 a963 | 0006 0000 | 0045 8b5a | 0c44 8958 | 0c45 0fb6 | 5a11 4488 | 5811 e9b6 
  0x0000022a9fba66b0: f5ff ff48 | 897c 2470 | e9c0 f9ff 

  0x0000022a9fba66bc: ;   {metadata('java/lang/IllegalArgumentException')}
  0x0000022a9fba66bc: ff48 bdd0 | 171b bc2a | 0200 004c | 8b54 2448 | 4d85 d20f | 8497 0500 | 0048 8b54 | 2460 4c8b 
  0x0000022a9fba66dc: 4424 704d | 8bca 488b | 7c24 5890 

  0x0000022a9fba66e8: ;   {optimized virtual_call}
  0x0000022a9fba66e8: c5f8 77e8 

  0x0000022a9fba66ec: ; ImmutableOopMap {[32]=Oop [40]=Oop [56]=NarrowOop [64]=Oop [72]=Oop [80]=Oop [112]=Oop [144]=NarrowOop [148]=NarrowOop }
                      ;*invokevirtual definePackage {reexecute=0 rethrow=0 return_oop=1}
                      ; - java.net.URLClassLoader::defineClass@64 (line 495)
                      ; - java.net.URLClassLoader$1::run@43 (line 427)
                      ; - java.net.URLClassLoader$1::run@1 (line 421)
  0x0000022a9fba66ec: d01a ccef 

  0x0000022a9fba66f0: ;   {other}
  0x0000022a9fba66f0: 0f1f 8400 | e813 000d | 4c8b 7424 | 284c 8b54 | 2420 448b | 6c24 3849 | 8bfa e999 | fbff ff41 
  0x0000022a9fba6710: bb2f 0000 | 00e9 59f3 | ffff 33ed | ba01 0000 | 00e9 73f1 | ffff 458b | 410c 4963 | f848 c1e7 
  0x0000022a9fba6730: 0241 81f8 | 0000 0400 | 0f87 8a09 | 0000 498b | 9fb8 0100 | 004c 8d57 | 1749 83e2 | f84c 8bdb 
  0x0000022a9fba6750: 4d03 da4d | 3b9f c801 | 0000 0f83 | 6809 0000 | 4d89 9fb8 | 0100 0041 | 0f0d 8bc0 | 0000 0048 
  0x0000022a9fba6770: c703 0100 | 0000 410f | 0d8b 0001 

  0x0000022a9fba677c: ;   {metadata('java/security/CodeSigner'[])}
  0x0000022a9fba677c: 0000 c743 | 0850 e51e | 0144 8943 | 0c41 0f0d | 8b40 0100 | 0041 0f0d | 8b80 0100 | 0049 8bc9 
  0x0000022a9fba679c: 4883 c110 | 488b d348 | 83c2 1048 | 83c7 0748 | c1ef 034c | 8bc7 c5f8 | 7749 ba80 | 5b34 9f2a 
  0x0000022a9fba67bc: 0200 0041 

  0x0000022a9fba67c0: ;   {other}
  0x0000022a9fba67c0: ffd2 0f1f | 8400 0000 | 0000 4180 | 7f38 000f | 8535 0800 | 004d 8bd5 | 4c8b db4d | 33da 4c8b 
  0x0000022a9fba67e0: c349 c1e8 | 0345 8945 | 1049 c1eb | 164d 85db | 0f84 94fc | ffff 49c1 | ea09 49b8 | 0000 80ad 
  0x0000022a9fba6800: 2a02 0000 | 4d03 c241 | 8038 020f | 8479 fcff | ff4d 8b57 | 484d 8b5f | 40f0 8344 | 24c0 0041 
  0x0000022a9fba6820: 8038 000f | 8461 fcff | ff45 8820 | 4d85 db75 | 2349 8bc8 | 498b d7c5 | f877 49ba | c007 3127 
  0x0000022a9fba6840: fd7f 0000 

  0x0000022a9fba6844: ;   {other}
  0x0000022a9fba6844: 41ff d20f | 1f84 0000 | 0000 00e9 | 36fc ffff | 4f89 441a | f849 83c3 | f84d 895f | 40e9 24fc 
  0x0000022a9fba6864: ;   {metadata('java/util/jar/JarVerifier$VerifierStream')}
  0x0000022a9fba6864: ffff 4181 | f840 fc1e | 010f 846d 

  0x0000022a9fba6870: ;   {metadata('sun/nio/ByteBuffered')}
  0x0000022a9fba6870: faff ff48 | b830 3a40 | bc2a 0200 | 0048 be00 | 0000 bc2a | 0200 0049 | 03f0 4c8b | 5e20 4c3b 
  0x0000022a9fba6890: d874 4448 | 33ff 4c8b | 9ea0 0000 | 0049 8bd3 | 48c1 e230 | 0f89 2100 | 0000 f348 | 0fb8 d248 
  0x0000022a9fba68b0: 8b5e 2848 | 3b04 d374 | 1549 0fba | e310 730b | 49c1 cb0f 

  0x0000022a9fba68c4: ;   {runtime_call StubRoutines (compiler stubs)}
  0x0000022a9fba68c4: e86b 517f | ffeb 0348 | ffc7 4885 | ff0f 8509 | faff ffba | 45ff ffff | 4c89 5424 | 4866 6690 
  0x0000022a9fba68e4: ;   {runtime_call UncommonTrapBlob}
  0x0000022a9fba68e4: c5f8 77e8 

  0x0000022a9fba68e8: ; ImmutableOopMap {[40]=Oop [56]=NarrowOop [72]=Oop [80]=Oop [144]=NarrowOop [148]=NarrowOop }
                      ;*ifeq {reexecute=1 rethrow=0 return_oop=0}
                      ; - (reexecute) jdk.internal.loader.Resource::getByteBuffer@9 (line 164)
                      ; - java.net.URLClassLoader::defineClass@132 (line 511)
                      ; - java.net.URLClassLoader$1::run@43 (line 427)
                      ; - java.net.URLClassLoader$1::run@1 (line 421)
  0x0000022a9fba68e8: f40f 7cff 

  0x0000022a9fba68ec: ;   {other}
  0x0000022a9fba68ec: 0f1f 8400 | e415 000e | 470f b654 | dc11 4585 | d20f 8585 | f8ff ff48 | 8944 24f8 | 8b44 2448 
  0x0000022a9fba690c: 8944 243c | 488b 4424 | f866 6690 

  0x0000022a9fba6918: ;   {static_call}
  0x0000022a9fba6918: c5f8 77e8 

  0x0000022a9fba691c: ; ImmutableOopMap {[32]=Oop [40]=Oop [56]=NarrowOop [60]=NarrowOop [64]=Oop [80]=Oop [88]=Oop [112]=Oop [144]=NarrowOop [148]=NarrowOop }
                      ;*invokestatic beginInit {reexecute=0 rethrow=0 return_oop=1}
                      ; - java.util.jar.JarFile::ensureInitialization@31 (line 1068)
                      ; - java.util.jar.JavaUtilJarAccessImpl::ensureInitialization@1 (line 42)
                      ; - jdk.internal.loader.URLClassPath$JarLoader$2::getManifest@10 (line 841)
                      ; - java.net.URLClassLoader::defineClass@34 (line 491)
                      ; - java.net.URLClassLoader$1::run@43 (line 427)
                      ; - java.net.URLClassLoader$1::run@1 (line 421)
  0x0000022a9fba691c: c08c 7bff 

  0x0000022a9fba6920: ;   {other}
  0x0000022a9fba6920: 0f1f 8400 | 1816 000f | 4889 4424 | 4848 8b54 | 2458 6690 

  0x0000022a9fba6934: ;   {optimized virtual_call}
  0x0000022a9fba6934: c5f8 77e8 

  0x0000022a9fba6938: ; ImmutableOopMap {[32]=Oop [40]=Oop [56]=NarrowOop [60]=NarrowOop [64]=Oop [72]=Oop [80]=Oop [88]=Oop [112]=Oop [144]=NarrowOop [148]=NarrowOop }
                      ;*invokevirtual initializeVerifier {reexecute=0 rethrow=0 return_oop=0}
                      ; - java.util.jar.JarFile::ensureInitialization@36 (line 1070)
                      ; - java.util.jar.JavaUtilJarAccessImpl::ensureInitialization@1 (line 42)
                      ; - jdk.internal.loader.URLClassPath$JarLoader$2::getManifest@10 (line 841)
                      ; - java.net.URLClassLoader::defineClass@34 (line 491)
                      ; - java.net.URLClassLoader$1::run@43 (line 427)
                      ; - java.net.URLClassLoader$1::run@1 (line 421)
  0x0000022a9fba6938: a482 7bff 

  0x0000022a9fba693c: ;   {other}
  0x0000022a9fba693c: 0f1f 8400 | 3416 0010 | 448b 5c24 | 3c43 c644 | dc11 0148 | 8b54 2448 

  0x0000022a9fba6954: ;   {static_call}
  0x0000022a9fba6954: c5f8 77e8 

  0x0000022a9fba6958: ; ImmutableOopMap {[32]=Oop [40]=Oop [56]=NarrowOop [64]=Oop [80]=Oop [88]=Oop [112]=Oop [144]=NarrowOop [148]=NarrowOop }
                      ;*invokestatic endInit {reexecute=0 rethrow=0 return_oop=0}
                      ; - java.util.jar.JarFile::ensureInitialization@45 (line 1073)
                      ; - java.util.jar.JavaUtilJarAccessImpl::ensureInitialization@1 (line 42)
                      ; - jdk.internal.loader.URLClassPath$JarLoader$2::getManifest@10 (line 841)
                      ; - java.net.URLClassLoader::defineClass@34 (line 491)
                      ; - java.net.URLClassLoader$1::run@43 (line 427)
                      ; - java.net.URLClassLoader$1::run@1 (line 421)
  0x0000022a9fba6958: 848c 7bff 

  0x0000022a9fba695c: ;   {other}
  0x0000022a9fba695c: 0f1f 8400 | 5416 0011 | e91f f8ff 

  0x0000022a9fba6968: ;   {metadata('jdk/internal/loader/URLClassPath$FileLoader$1')}
  0x0000022a9fba6968: ff81 fba0 | 431f 010f | 8543 0d00 | 0049 8bde | 8b53 1c45 | 8b6c d40c | e9bb f4ff | ff49 8bd3 
  0x0000022a9fba6988: 6690 c5f8 | 7748 b840 | 7fb5 ff2a 

  0x0000022a9fba6994: ;   {virtual_call}
  0x0000022a9fba6994: 0200 00e8 

  0x0000022a9fba6998: ; ImmutableOopMap {[32]=Oop [40]=Oop [56]=NarrowOop [80]=Oop [144]=NarrowOop [148]=NarrowOop }
                      ;*invokevirtual getBytes {reexecute=0 rethrow=0 return_oop=1}
                      ; - java.net.URLClassLoader::defineClass@179 (line 519)
                      ; - java.net.URLClassLoader$1::run@43 (line 427)
                      ; - java.net.URLClassLoader$1::run@1 (line 421)
  0x0000022a9fba6998: 463d 0000 

  0x0000022a9fba699c: ;   {other}
  0x0000022a9fba699c: 0f1f 8400 | 9416 0012 | 4889 4424 | 40e9 c0f9 

  0x0000022a9fba69ac: ;   {metadata('jdk/internal/loader/URLClassPath$FileLoader$1')}
  0x0000022a9fba69ac: ffff 4181 | f8a0 431f | 010f 84ea | f9ff ffba | c6ff ffff | 4c89 5c24 | 4866 6690 

  0x0000022a9fba69c8: ;   {runtime_call UncommonTrapBlob}
  0x0000022a9fba69c8: c5f8 77e8 

  0x0000022a9fba69cc: ; ImmutableOopMap {[56]=NarrowOop [64]=Oop [72]=Oop [80]=Oop [144]=NarrowOop [148]=NarrowOop }
                      ;*invokevirtual getCodeSigners {reexecute=0 rethrow=0 return_oop=0}
                      ; - java.net.URLClassLoader::defineClass@185 (line 521)
                      ; - java.net.URLClassLoader$1::run@43 (line 427)
                      ; - java.net.URLClassLoader$1::run@1 (line 421)
  0x0000022a9fba69cc: 100f 7cff 

  0x0000022a9fba69d0: ;   {other}
  0x0000022a9fba69d0: 0f1f 8400 | c816 0013 | 4533 d24c | 8994 2488 | 0000 0041 | baff ffff | ffe9 37f4 | ffff 4c8b 
  0x0000022a9fba69f0: ed44 8b55 | 2045 85d2 | 0f84 3ffa | ffff 4d8b | 5f28 498b | ca48 c1e1 | 034d 85db | 0f84 3a0b 
  0x0000022a9fba6a10: 0000 4d8b | 5730 4b89 | 4c1a f849 | 83c3 f84d | 895f 28e9 | 15fa ffff | 4d8b 5748 | 4d8b 5f40 
  0x0000022a9fba6a30: f083 4424 | c000 8039 | 000f 843a | faff ff44 | 8821 4d85 | db75 2049 | 8bd7 c5f8 | 7749 bac0 
  0x0000022a9fba6a50: 0731 27fd | 7f00 0041 

  0x0000022a9fba6a58: ;   {other}
  0x0000022a9fba6a58: ffd2 0f1f | 8400 0000 | 0000 e912 | faff ff4b | 894c 1af8 | 4983 c3f8 | 4d89 5f40 | e900 faff 
  0x0000022a9fba6a78: ff44 8b5b | 1445 85db | 0f84 b2f5 | ffff 4d8b | 5728 498b | cb48 c1e1 | 034d 85d2 | 0f84 de0b 
  0x0000022a9fba6a98: 0000 4d8b | 5f30 4b89 | 4c13 f849 | 83c2 f84d | 8957 28e9 | 88f5 ffff | 4d8b 5740 | 4d8b 5f48 
  0x0000022a9fba6ab8: f083 4424 | c000 8039 | 000f 84a8 | f5ff ff44 | 8821 4d85 | d275 2049 | 8bd7 c5f8 | 7749 bac0 
  0x0000022a9fba6ad8: 0731 27fd | 7f00 0041 

  0x0000022a9fba6ae0: ;   {other}
  0x0000022a9fba6ae0: ffd2 0f1f | 8400 0000 | 0000 e980 | f5ff ff4b | 894c 13f8 | 4983 c2f8 | 4d89 5740 | e96e f5ff 
  0x0000022a9fba6b00: ff4c 63c5 | 4d8d 5010 | 498b ca48 | 83e1 f848 | 8bfe 4803 | f949 c1ea | 034d 2bda | 498b cb48 
  0x0000022a9fba6b20: 33c0 4883 | f908 7f10 | 48ff c978 | 5648 8904 | cf48 ffc9 | 7df7 eb4b | c5fd efc0 | e90d 0000 
  0x0000022a9fba6b40: 00c5 fe7f | 07c5 fe7f | 4720 4883 | c740 4883 | e908 7ded | 4883 c104 | 7c0c c5fe | 7f07 4883 
  0x0000022a9fba6b60: c720 4883 | e904 4883 | c104 7e17 | 48c7 c0ff | ffff ffc4 | e2f0 f5c0 | c4e1 fb92 | f862 f1fe 
  0x0000022a9fba6b80: 2f7f 0749 | 83f8 2077 | 284c 63d5 | 49bb ffff | ffff ffff | ffff c442 | a8f5 dbc4 | c1fb 92fb 
  0x0000022a9fba6ba0: 62d1 7faf | 6f01 62f1 | 7f2f 7f02 | e97c f4ff | ff49 8bc9 | c5f8 7749 | ba00 3234 | 9f2a 0200 
  0x0000022a9fba6bc0: 0041 ffd2 

  0x0000022a9fba6bc4: ;   {other}
  0x0000022a9fba6bc4: 0f1f 8400 | 0000 0000 | e95c f4ff | ff89 5c24 | 3c48 897c | 2440 894c | 2438 4489 | 4424 3444 
  0x0000022a9fba6be4: 895c 2430 | 4c89 5424 | 284c 894c 

  0x0000022a9fba6bf0: ;   {metadata({type array byte})}
  0x0000022a9fba6bf0: 2420 48ba | 105d 16bc | 2a02 0000 | 448b c348 | 8974 2448 

  0x0000022a9fba6c04: ;   {runtime_call _new_array_Java}
  0x0000022a9fba6c04: c5f8 77e8 

  0x0000022a9fba6c08: ; ImmutableOopMap {[32]=Oop [40]=Oop [80]=Oop }
                      ;*invokevirtual allocateUninitializedArray0 {reexecute=0 rethrow=0 return_oop=1}
                      ; - jdk.internal.misc.Unsafe::allocateUninitializedArray@51 (line 1381)
                      ; - java.lang.StringConcatHelper::newArray@33 (line 451)
                      ; - java.lang.StringConcatHelper::simpleConcat@61 (line 375)
                      ; - java.lang.String::concat@11 (line 2990)
                      ; - java.net.URLClassLoader$1::run@13 (line 423)
                      ; - java.net.URLClassLoader$1::run@1 (line 421)
  0x0000022a9fba6c08: 54db 88ff 

  0x0000022a9fba6c0c: ;   {other}
  0x0000022a9fba6c0c: 0f1f 8400 | 0419 0014 | 4c8b 5424 | 2844 8b5c | 2430 448b | 4424 348b | 4c24 3848 | 8b7c 2440 
  0x0000022a9fba6c2c: 8b5c 243c | 488b e84c | 8b4c 2420 | e966 efff 

  0x0000022a9fba6c3c: ;   {metadata('java/lang/String')}
  0x0000022a9fba6c3c: ff48 bad0 | 0d17 bc2a | 0200 0090 

  0x0000022a9fba6c48: ;   {runtime_call _new_instance_Java}
  0x0000022a9fba6c48: c5f8 77e8 

  0x0000022a9fba6c4c: ; ImmutableOopMap {rbp=Oop [80]=Oop }
                      ;*new {reexecute=0 rethrow=0 return_oop=1}
                      ; - java.lang.StringConcatHelper::newString@6 (line 340)
                      ; - java.lang.StringConcatHelper::simpleConcat@90 (line 380)
                      ; - java.lang.String::concat@11 (line 2990)
                      ; - java.net.URLClassLoader$1::run@13 (line 423)
                      ; - java.net.URLClassLoader$1::run@1 (line 421)
  0x0000022a9fba6c4c: 10de 88ff 

  0x0000022a9fba6c50: ;   {other}
  0x0000022a9fba6c50: 0f1f 8400 | 4819 0015 | e901 f0ff 

  0x0000022a9fba6c5c: ;   {oop(""{0x00000006004005c0})}
  0x0000022a9fba6c5c: ff48 bbc0 | 0540 0006 | 0000 00e9 | 0cf4 ffff | 488b 5424 | 604c 8b44 | 2470 4c8b | 8c24 8800 
  0x0000022a9fba6c7c: 0000 488b | bc24 8800 | 0000 488b | b424 8800 | 0000 488b | 8c24 8800 | 0000 4c8b | 9424 8800 
  0x0000022a9fba6c9c: 0000 4c89 | 1424 4c8b | 9424 8800 | 0000 4c89 | 5424 084c | 8b94 2488 | 0000 004c | 8954 2410 
  0x0000022a9fba6cbc: ;   {optimized virtual_call}
  0x0000022a9fba6cbc: c5f8 77e8 

  0x0000022a9fba6cc0: ; ImmutableOopMap {[32]=Oop [40]=Oop [56]=NarrowOop [64]=Oop [80]=Oop [112]=Oop [144]=NarrowOop [148]=NarrowOop }
                      ;*invokevirtual definePackage {reexecute=0 rethrow=0 return_oop=1}
                      ; - java.net.URLClassLoader::defineClass@81 (line 497)
                      ; - java.net.URLClassLoader$1::run@43 (line 427)
                      ; - java.net.URLClassLoader$1::run@1 (line 421)
  0x0000022a9fba6cc0: 1c7f 7bff 

  0x0000022a9fba6cc4: ;   {other}
  0x0000022a9fba6cc4: 0f1f 8400 | bc19 0016 | e927 faff | ff89 5424 | 4448 8944 | 2448 897c | 2440 895c | 2434 4c89 
  0x0000022a9fba6ce4: 7424 3889 | 4c24 3044 | 895c 242c | 4489 4424 

  0x0000022a9fba6cf4: ;   {metadata({type array byte})}
  0x0000022a9fba6cf4: 2848 ba10 | 5d16 bc2a | 0200 0044 | 8bc1 6690 

  0x0000022a9fba6d04: ;   {runtime_call _new_array_Java}
  0x0000022a9fba6d04: c5f8 77e8 

  0x0000022a9fba6d08: ; ImmutableOopMap {[40]=NarrowOop [44]=NarrowOop [56]=Oop [72]=Oop [80]=Oop }
                      ;*invokevirtual allocateUninitializedArray0 {reexecute=0 rethrow=0 return_oop=1}
                      ; - jdk.internal.misc.Unsafe::allocateUninitializedArray@51 (line 1381)
                      ; - java.lang.StringConcatHelper::newArray@33 (line 451)
                      ; - java.lang.StringLatin1::replace@49 (line 414)
                      ; - java.lang.String::replace@18 (line 3024)
                      ; - java.net.URLClassLoader$1::run@8 (line 423)
                      ; - java.net.URLClassLoader$1::run@1 (line 421)
  0x0000022a9fba6d08: 54da 88ff 

  0x0000022a9fba6d0c: ;   {other}
  0x0000022a9fba6d0c: 0f1f 8400 | 041a 0017 | 4c8b d044 | 8b44 2428 | 448b 5c24 | 2c8b 4c24 | 304c 8b74 | 2438 8b5c 
  0x0000022a9fba6d2c: 2434 8b7c | 2440 488b | 4424 488b | 5424 444d | 8bca e9c5 

  0x0000022a9fba6d40: ;   {metadata('java/lang/String')}
  0x0000022a9fba6d40: ebff ff48 | bad0 0d17 | bc2a 0200 | 0049 8bee | 4c89 4c24 | 3066 6690 

  0x0000022a9fba6d58: ;   {runtime_call _new_instance_Java}
  0x0000022a9fba6d58: c5f8 77e8 

  0x0000022a9fba6d5c: ; ImmutableOopMap {rbp=Oop [48]=Oop [80]=Oop }
                      ;*new {reexecute=0 rethrow=0 return_oop=1}
                      ; - java.lang.StringLatin1::replace@116 (line 423)
                      ; - java.lang.String::replace@18 (line 3024)
                      ; - java.net.URLClassLoader$1::run@8 (line 423)
                      ; - java.net.URLClassLoader$1::run@1 (line 421)
  0x0000022a9fba6d5c: 00dd 88ff 

  0x0000022a9fba6d60: ;   {other}
  0x0000022a9fba6d60: 0f1f 8400 | 581a 0018 | 4c8b d04c | 8b4c 2430 | e956 edff | ff4c 895c 

  0x0000022a9fba6d78: ;   {metadata('java/security/CodeSource')}
  0x0000022a9fba6d78: 2428 48ba | 2882 16bc | 2a02 0000 

  0x0000022a9fba6d84: ;   {runtime_call _new_instance_Java}
  0x0000022a9fba6d84: c5f8 77e8 

  0x0000022a9fba6d88: ; ImmutableOopMap {[32]=Oop [40]=Oop [56]=NarrowOop [64]=Oop [80]=Oop [136]=Oop [144]=NarrowOop [148]=NarrowOop }
                      ;*new {reexecute=0 rethrow=0 return_oop=1}
                      ; - java.net.URLClassLoader::defineClass@190 (line 522)
                      ; - java.net.URLClassLoader$1::run@43 (line 427)
                      ; - java.net.URLClassLoader$1::run@1 (line 421)
  0x0000022a9fba6d88: d4dc 88ff 

  0x0000022a9fba6d8c: ;   {other}
  0x0000022a9fba6d8c: 0f1f 8400 | 841a 0019 | 4c8b 5c24 | 28e9 5ff6 | ffff 4489 | 6c24 4448 | 894c 2458 | 4889 7c24 
  0x0000022a9fba6dac: 4844 8954 | 2440 4489 | 4424 3c44 | 895c 2438 | 488b ac24 | 8800 0000 | 4c89 7424 

  0x0000022a9fba6dc8: ;   {metadata('java/lang/String')}
  0x0000022a9fba6dc8: 2848 bad0 | 0d17 bc2a | 0200 0090 

  0x0000022a9fba6dd4: ;   {runtime_call _new_instance_Java}
  0x0000022a9fba6dd4: c5f8 77e8 

  0x0000022a9fba6dd8: ; ImmutableOopMap {[40]=Oop [56]=NarrowOop [68]=NarrowOop [72]=Oop [80]=Oop [88]=Oop [144]=NarrowOop [148]=NarrowOop }
                      ;*new {reexecute=0 rethrow=0 return_oop=1}
                      ; - java.lang.StringLatin1::newString@7 (line 856)
                      ; - java.lang.String::substring@41 (line 2930)
                      ; - java.net.URLClassLoader::defineClass@28 (line 489)
                      ; - java.net.URLClassLoader$1::run@43 (line 427)
                      ; - java.net.URLClassLoader$1::run@1 (line 421)
  0x0000022a9fba6dd8: 84dc 88ff 

  0x0000022a9fba6ddc: ;   {other}
  0x0000022a9fba6ddc: 0f1f 8400 | d41a 001a | 4c8b 7424 | 2848 89ac | 2488 0000 | 0044 8b5c | 2438 448b | 4424 3c44 
  0x0000022a9fba6dfc: 8b54 2440 | 48ff 7424 | 4848 8f44 | 2420 488b | 4c24 5844 | 8b6c 2444 | 488b d8e9 | 9ff0 ffff 
  0x0000022a9fba6e1c: 4c89 8424 | 8000 0000 | 4c89 5c24 | 784c 894c | 2470 4889 | 5c24 6844 | 896c 244c | 48ff 7424 
  0x0000022a9fba6e3c: 2048 8f44 | 2458 4489 | 5424 4848 | 8944 24f8 | 8b84 2490 | 0000 0089 | 4424 4448 | 8b44 24f8 
  0x0000022a9fba6e5c: 4889 4424 | f88b 8424 | 9400 0000 | 8944 2440 | 488b 4424 | f848 ffb4 | 2488 0000 | 0048 8f44 
  0x0000022a9fba6e7c: 2438 4c89 

  0x0000022a9fba6e80: ;   {metadata({type array byte})}
  0x0000022a9fba6e80: 7424 2848 | ba10 5d16 | bc2a 0200 | 0048 894c | 2460 458b | c266 6690 

  0x0000022a9fba6e98: ;   {runtime_call _new_array_nozero_Java}
  0x0000022a9fba6e98: c5f8 77e8 

  0x0000022a9fba6e9c: ; ImmutableOopMap {[40]=Oop [64]=NarrowOop [68]=NarrowOop [76]=NarrowOop [80]=Oop [88]=Oop [96]=Oop [112]=Derived_oop_[96] [104]=Oop }
                      ;*newarray {reexecute=0 rethrow=0 return_oop=1}
                      ; - java.util.Arrays::copyOfRange@59 (line 3852)
                      ; - java.lang.StringLatin1::newString@16 (line 856)
                      ; - java.lang.String::substring@41 (line 2930)
                      ; - java.net.URLClassLoader::defineClass@28 (line 489)
                      ; - java.net.URLClassLoader$1::run@43 (line 427)
                      ; - java.net.URLClassLoader$1::run@1 (line 421)
  0x0000022a9fba6e9c: c0d5 88ff 

  0x0000022a9fba6ea0: ;   {other}
  0x0000022a9fba6ea0: 0f1f 8400 | 981b 001b | 4c8b 7424 | 2848 ff74 | 2438 488f | 8424 8800 | 0000 4889 | 4424 f88b 
  0x0000022a9fba6ec0: 4424 4089 | 8424 9400 | 0000 488b | 4424 f848 | 8944 24f8 | 8b44 2444 | 8984 2490 | 0000 0048 
  0x0000022a9fba6ee0: 8b44 24f8 | 448b 5424 | 4848 ff74 | 2458 488f | 4424 2044 | 8b6c 244c | 488b 5c24 | 684c 8b4c 
  0x0000022a9fba6f00: 2470 4c8b | 5c24 784c | 8b84 2480 | 0000 0048 | 8bf0 e9d7 | f0ff ff41 | 8bea e97a | e9ff ff48 
  0x0000022a9fba6f20: 8bfe 4183 | faff 0f8e | b7fa ffff | 420f be5c | 1110 83fb | 2e0f 84ea | eeff ff41 | ffca 4183 
  0x0000022a9fba6f40: faff 7fe8 | e99a faff 

  0x0000022a9fba6f48: ;   {metadata('java/lang/String')}
  0x0000022a9fba6f48: ff48 bad0 | 0d17 bc2a | 0200 0090 

  0x0000022a9fba6f54: ;   {runtime_call _new_instance_Java}
  0x0000022a9fba6f54: c5f8 77e8 

  0x0000022a9fba6f58: ; ImmutableOopMap {[80]=Oop }
                      ;*new {reexecute=0 rethrow=0 return_oop=1}
                      ; - java.lang.StringConcatHelper::simpleConcat@17 (line 365)
                      ; - java.lang.String::concat@11 (line 2990)
                      ; - java.net.URLClassLoader$1::run@13 (line 423)
                      ; - java.net.URLClassLoader$1::run@1 (line 421)
  0x0000022a9fba6f58: 04db 88ff 

  0x0000022a9fba6f5c: ;   {other}
  0x0000022a9fba6f5c: 0f1f 8400 | 541c 001c | e923 f7ff | ff4c 8954 | 2470 4c89 | 4c24 6848 | 895c 2460 | 4489 6c24 
  0x0000022a9fba6f7c: 4c48 ff74 | 2420 488f | 4424 5844 | 895c 2448 | 48ff b424 | 8800 0000 | 488f 4424 | 384c 8974 
  0x0000022a9fba6f9c: 2428 48ff | 7424 5048 | 8f44 2420 

  0x0000022a9fba6fa8: ;   {metadata({type array byte})}
  0x0000022a9fba6fa8: 48ba 105d | 16bc 2a02 | 0000 4889 | 4c24 5090 

  0x0000022a9fba6fb8: ;   {runtime_call _new_array_nozero_Java}
  0x0000022a9fba6fb8: c5f8 77e8 

  0x0000022a9fba6fbc: ; ImmutableOopMap {[32]=Oop [40]=Oop [72]=NarrowOop [76]=NarrowOop [80]=Oop [104]=Derived_oop_[80] [88]=Oop [96]=Oop [144]=NarrowOop [148]=NarrowOop }
                      ;*invokevirtual clone {reexecute=1 rethrow=0 return_oop=1}
                      ; - (reexecute) java.util.Arrays::copyOfRange@11 (line 3846)
                      ; - java.lang.StringLatin1::newString@16 (line 856)
                      ; - java.lang.String::substring@41 (line 2930)
                      ; - java.net.URLClassLoader::defineClass@28 (line 489)
                      ; - java.net.URLClassLoader$1::run@43 (line 427)
                      ; - java.net.URLClassLoader$1::run@1 (line 421)
  0x0000022a9fba6fbc: a0d4 88ff 

  0x0000022a9fba6fc0: ;   {other}
  0x0000022a9fba6fc0: 0f1f 8400 | b81c 001d | 48ff 7424 | 2048 8f44 | 2450 4c8b | 7424 2848 | ff74 2438 | 488f 8424 
  0x0000022a9fba6fe0: 8800 0000 | 48ff 7424 | 5848 8f44 | 2420 448b | 6c24 4c48 | 8b5c 2460 | 4c8b 4c24 | 684c 8b54 
  0x0000022a9fba7000: 2470 488b | f8e9 26ef | ffff 458b | 5510 4585 | d20f 84be | f7ff ff4d | 8b5f 2849 | 8bca 48c1 
  0x0000022a9fba7020: e103 4d85 | db0f 846d | 0600 004d | 8b57 304b | 894c 1af8 | 4983 c3f8 | 4d89 5f28 | e994 f7ff 
  0x0000022a9fba7040: ffba f6ff | ffff 4889 | 4424 2090 

  0x0000022a9fba704c: ;   {runtime_call UncommonTrapBlob}
  0x0000022a9fba704c: c5f8 77e8 

  0x0000022a9fba7050: ; ImmutableOopMap {[32]=Oop [80]=Oop }
                      ;*invokevirtual getResource {reexecute=0 rethrow=0 return_oop=0}
                      ; - java.net.URLClassLoader$1::run@26 (line 424)
                      ; - java.net.URLClassLoader$1::run@1 (line 421)
  0x0000022a9fba7050: 8c08 7cff 

  0x0000022a9fba7054: ;   {other}
  0x0000022a9fba7054: 0f1f 8400 | 4c1d 001e | ba76 ffff | ff48 8b6c | 2450 894c | 2424 4489 | 4424 2844 | 895c 242c 
  0x0000022a9fba7074: ;   {runtime_call UncommonTrapBlob}
  0x0000022a9fba7074: c5f8 77e8 

  0x0000022a9fba7078: ; ImmutableOopMap {rbp=Oop [40]=NarrowOop [44]=NarrowOop }
                      ;*if_icmpge {reexecute=1 rethrow=0 return_oop=0}
                      ; - (reexecute) java.lang.StringLatin1::replace@19 (line 407)
                      ; - java.lang.String::replace@18 (line 3024)
                      ; - java.net.URLClassLoader$1::run@8 (line 423)
                      ; - java.net.URLClassLoader$1::run@1 (line 421)
  0x0000022a9fba7078: 6408 7cff 

  0x0000022a9fba707c: ;   {other}
  0x0000022a9fba707c: 0f1f 8400 | 741d 001f | bacc ffff | ff4c 8954 | 2428 4889 | 7c24 3089 | 4c24 4090 

  0x0000022a9fba7098: ;   {runtime_call UncommonTrapBlob}
  0x0000022a9fba7098: c5f8 77e8 

  0x0000022a9fba709c: ; ImmutableOopMap {rbp=Oop [40]=Oop [80]=Oop }
                      ;*invokestatic arraycopy {reexecute=0 rethrow=0 return_oop=0}
                      ; - java.lang.String::getBytes@22 (line 4823)
                      ; - java.lang.StringConcatHelper::prepend@21 (line 307)
                      ; - java.lang.StringConcatHelper::simpleConcat@71 (line 378)
                      ; - java.lang.String::concat@11 (line 2990)
                      ; - java.net.URLClassLoader$1::run@13 (line 423)
                      ; - java.net.URLClassLoader$1::run@1 (line 421)
  0x0000022a9fba709c: 4008 7cff 

  0x0000022a9fba70a0: ;   {other}
  0x0000022a9fba70a0: 0f1f 8400 | 981d 0020 | bacc ffff | ff4c 894c | 2428 4489 | 5c24 3890 

  0x0000022a9fba70b8: ;   {runtime_call UncommonTrapBlob}
  0x0000022a9fba70b8: c5f8 77e8 

  0x0000022a9fba70bc: ; ImmutableOopMap {rbp=Oop [40]=Oop [80]=Oop }
                      ;*invokestatic arraycopy {reexecute=0 rethrow=0 return_oop=0}
                      ; - java.lang.String::getBytes@22 (line 4823)
                      ; - java.lang.StringConcatHelper::prepend@21 (line 307)
                      ; - java.lang.StringConcatHelper::simpleConcat@81 (line 379)
                      ; - java.lang.String::concat@11 (line 2990)
                      ; - java.net.URLClassLoader$1::run@13 (line 423)
                      ; - java.net.URLClassLoader$1::run@1 (line 421)
  0x0000022a9fba70bc: 2008 7cff 

  0x0000022a9fba70c0: ;   {other}
  0x0000022a9fba70c0: 0f1f 8400 | b81d 0021 | 488b ef4c | 896c 2448 

  0x0000022a9fba70d0: ;   {metadata('java/security/CodeSigner'[])}
  0x0000022a9fba70d0: 48ba 50e5 | 1ebd 2a02 | 0000 6690 

  0x0000022a9fba70dc: ;   {runtime_call _new_array_Java}
  0x0000022a9fba70dc: c5f8 77e8 

  0x0000022a9fba70e0: ; ImmutableOopMap {[32]=Oop [40]=Oop [64]=Oop [72]=Oop [80]=Oop [136]=Oop [144]=NarrowOop [148]=NarrowOop }
                      ;*invokevirtual clone {reexecute=1 rethrow=0 return_oop=1}
                      ; - (reexecute) java.security.CodeSource::<init>@42 (line 128)
                      ; - java.net.URLClassLoader::defineClass@198 (line 522)
                      ; - java.net.URLClassLoader$1::run@43 (line 427)
                      ; - java.net.URLClassLoader$1::run@1 (line 421)
  0x0000022a9fba70e0: 7cd6 88ff 

  0x0000022a9fba70e4: ;   {other}
  0x0000022a9fba70e4: 0f1f 8400 | dc1d 0022 | 4c8b 8c24 | 8800 0000 | 4c8b 6c24 | 4848 8bfd | 488b d8e9 | 95f6 ffff 
  0x0000022a9fba7104: ba76 ffff | ff4c 894c | 2430 894c | 2438 4489 | 4424 3c44 | 895c 2440 

  0x0000022a9fba711c: ;   {runtime_call UncommonTrapBlob}
  0x0000022a9fba711c: c5f8 77e8 

  0x0000022a9fba7120: ; ImmutableOopMap {[48]=Oop [60]=NarrowOop [64]=NarrowOop [80]=Oop }
                      ;*if_icmpge {reexecute=1 rethrow=0 return_oop=0}
                      ; - (reexecute) java.lang.StringLatin1::replace@82 (line 418)
                      ; - java.lang.String::replace@18 (line 3024)
                      ; - java.net.URLClassLoader$1::run@8 (line 423)
                      ; - java.net.URLClassLoader$1::run@1 (line 421)
  0x0000022a9fba7120: bc07 7cff 

  0x0000022a9fba7124: ;   {other}
  0x0000022a9fba7124: 0f1f 8400 | 1c1e 0023 | baf6 ffff | ff48 8944 | 2430 6690 

  0x0000022a9fba7138: ;   {runtime_call UncommonTrapBlob}
  0x0000022a9fba7138: c5f8 77e8 

  0x0000022a9fba713c: ; ImmutableOopMap {[48]=Oop [80]=Oop [144]=NarrowOop }
                      ;*invokevirtual defineClass {reexecute=0 rethrow=0 return_oop=0}
                      ; - java.net.URLClassLoader$1::run@43 (line 427)
                      ; - java.net.URLClassLoader$1::run@1 (line 421)
  0x0000022a9fba713c: a007 7cff 

  0x0000022a9fba7140: ;   {other}
  0x0000022a9fba7140: 0f1f 8400 | 381e 0024 | bae4 ffff | ff4c 8b54 | 2450 4c89 | 5424 204c | 8b54 2440 | 4c89 5424 
  0x0000022a9fba7160: 384c 896c | 2440 4c89 | 4424 4844 | 895c 2454 

  0x0000022a9fba7170: ;   {runtime_call UncommonTrapBlob}
  0x0000022a9fba7170: c5f8 77e8 

  0x0000022a9fba7174: ; ImmutableOopMap {[32]=Oop [40]=Oop [56]=Oop [64]=Oop [84]=NarrowOop [144]=NarrowOop [148]=NarrowOop }
                      ;*invokestatic checkIndex {reexecute=0 rethrow=0 return_oop=0}
                      ; - java.nio.Buffer::checkIndex@8 (line 768)
                      ; - java.nio.DirectLongBufferU::get@11 (line 342)
                      ; - jdk.internal.perf.PerfCounter::get@5 (line 84)
                      ; - jdk.internal.perf.PerfCounter::add@1 (line 98)
                      ; - jdk.internal.perf.PerfCounter::addElapsedTimeFrom@6 (line 120)
                      ; - java.net.URLClassLoader::defineClass@207 (line 523)
                      ; - java.net.URLClassLoader$1::run@43 (line 427)
                      ; - java.net.URLClassLoader$1::run@1 (line 421)
  0x0000022a9fba7174: 6807 7cff 

  0x0000022a9fba7178: ;   {other}
  0x0000022a9fba7178: 0f1f 8400 | 701e 0025 | ba76 ffff | ff44 8954 | 2424 4c89 | 7424 4044 | 895c 2448 

  0x0000022a9fba7194: ;   {runtime_call UncommonTrapBlob}
  0x0000022a9fba7194: c5f8 77e8 

  0x0000022a9fba7198: ; ImmutableOopMap {[64]=Oop [72]=NarrowOop [80]=Oop [144]=NarrowOop [148]=NarrowOop }
                      ;*iflt {reexecute=1 rethrow=0 return_oop=0}
                      ; - (reexecute) java.lang.StringLatin1::lastIndexOf@19 (line 395)
                      ; - java.lang.String::lastIndexOf@13 (line 2664)
                      ; - java.lang.String::lastIndexOf@8 (line 2626)
                      ; - java.net.URLClassLoader::defineClass@7 (line 486)
                      ; - java.net.URLClassLoader$1::run@43 (line 427)
                      ; - java.net.URLClassLoader$1::run@1 (line 421)
  0x0000022a9fba7198: 4407 7cff 

  0x0000022a9fba719c: ;   {other}
  0x0000022a9fba719c: 0f1f 8400 | 941e 0026 | baf6 ffff | ff4c 8974 | 2420 4c89 | 5c24 3844 | 896c 2440 

  0x0000022a9fba71b8: ;   {runtime_call UncommonTrapBlob}
  0x0000022a9fba71b8: c5f8 77e8 

  0x0000022a9fba71bc: ; ImmutableOopMap {[32]=Oop [56]=Oop [64]=NarrowOop [80]=Oop [112]=Oop [144]=NarrowOop [148]=NarrowOop }
                      ;*invokevirtual ensureInitialization {reexecute=0 rethrow=0 return_oop=0}
                      ; - java.util.jar.JavaUtilJarAccessImpl::ensureInitialization@1 (line 42)
                      ; - jdk.internal.loader.URLClassPath$JarLoader$2::getManifest@10 (line 841)
                      ; - java.net.URLClassLoader::defineClass@34 (line 491)
                      ; - java.net.URLClassLoader$1::run@43 (line 427)
                      ; - java.net.URLClassLoader$1::run@1 (line 421)
  0x0000022a9fba71bc: 2007 7cff 

  0x0000022a9fba71c0: ;   {other}
  0x0000022a9fba71c0: 0f1f 8400 | b81e 0027 | bae4 ffff | ff4c 8b54 | 2450 4c89 | 5424 2048 | 8944 2460 | 4489 4424 
  0x0000022a9fba71e0: 6866 6690 

  0x0000022a9fba71e4: ;   {runtime_call UncommonTrapBlob}
  0x0000022a9fba71e4: c5f8 77e8 

  0x0000022a9fba71e8: ; ImmutableOopMap {[32]=Oop [40]=Oop [56]=NarrowOop [64]=Oop [96]=Oop [144]=NarrowOop [148]=NarrowOop }
                      ;*invokestatic checkIndex {reexecute=0 rethrow=0 return_oop=0}
                      ; - java.util.zip.CRC32::updateBytesCheck@30 (line 153)
                      ; - java.util.zip.CRC32::updateBytes@3 (line 139)
                      ; - java.util.zip.CRC32::update@31 (line 79)
                      ; - java.util.zip.Checksum::update@5 (line 58)
                      ; - jdk.internal.loader.URLClassPath$JarLoader$2::getBytes@15 (line 853)
                      ; - java.net.URLClassLoader::defineClass@179 (line 519)
                      ; - java.net.URLClassLoader$1::run@43 (line 427)
                      ; - java.net.URLClassLoader$1::run@1 (line 421)
  0x0000022a9fba71e8: f406 7cff 

  0x0000022a9fba71ec: ;   {other}
  0x0000022a9fba71ec: 0f1f 8400 | e41e 0028 | 4c89 4424 | 3049 8bed 

  0x0000022a9fba71fc: ;   {oop(a 'jdk/internal/perf/PerfCounter'{0x00000006006624c0})}
  0x0000022a9fba71fc: 48ba c024 | 6600 0600 | 0000 4c8d | 8424 a000 | 0000 6690 

  0x0000022a9fba7210: ;   {runtime_call _complete_monitor_locking_Java}
  0x0000022a9fba7210: c5f8 77e8 

  0x0000022a9fba7214: ; ImmutableOopMap {rbp=Oop [32]=Oop [40]=Oop [64]=Oop [80]=Oop [144]=NarrowOop [148]=NarrowOop }
                      ;*synchronization entry
                      ; - jdk.internal.perf.PerfCounter::add@-1 (line 98)
                      ; - jdk.internal.perf.PerfCounter::addElapsedTimeFrom@6 (line 120)
                      ; - java.net.URLClassLoader::defineClass@207 (line 523)
                      ; - java.net.URLClassLoader$1::run@43 (line 427)
                      ; - java.net.URLClassLoader$1::run@1 (line 421)
  0x0000022a9fba7214: 482e 89ff 

  0x0000022a9fba7218: ;   {other}
  0x0000022a9fba7218: 0f1f 8400 | 101f 0029 | 4c8b ed4c | 8b44 2430 | e900 f3ff | ffba ccff | ffff 4c8b | 5424 504c 
  0x0000022a9fba7238: 8954 2420 | 4c8b 5424 | 404c 8954 | 2438 4c89 | 6c24 404c | 8944 2448 | 4489 5c24 | 5466 6690 
  0x0000022a9fba7258: ;   {runtime_call UncommonTrapBlob}
  0x0000022a9fba7258: c5f8 77e8 

  0x0000022a9fba725c: ; ImmutableOopMap {[32]=Oop [40]=Oop [56]=Oop [64]=Oop [84]=NarrowOop [144]=NarrowOop [148]=NarrowOop }
                      ;*invokestatic checkIndex {reexecute=0 rethrow=0 return_oop=0}
                      ; - java.nio.Buffer::checkIndex@8 (line 768)
                      ; - java.nio.DirectLongBufferU::get@11 (line 342)
                      ; - jdk.internal.perf.PerfCounter::get@5 (line 84)
                      ; - jdk.internal.perf.PerfCounter::add@1 (line 98)
                      ; - jdk.internal.perf.PerfCounter::addElapsedTimeFrom@6 (line 120)
                      ; - java.net.URLClassLoader::defineClass@207 (line 523)
                      ; - java.net.URLClassLoader$1::run@43 (line 427)
                      ; - java.net.URLClassLoader$1::run@1 (line 421)
  0x0000022a9fba725c: 8006 7cff 

  0x0000022a9fba7260: ;   {other}
  0x0000022a9fba7260: 0f1f 8400 | 581f 002a 

  0x0000022a9fba7268: ;   {oop(a 'jdk/internal/perf/PerfCounter'{0x00000006006624c0})}
  0x0000022a9fba7268: 48b9 c024 | 6600 0600 | 0000 488d | 9424 a000 | 0000 4d8b | c7c5 f877 | 49ba 20dc | 7327 fd7f 
  0x0000022a9fba7288: 0000 41ff 

  0x0000022a9fba728c: ;   {other}
  0x0000022a9fba728c: d20f 1f84 | 0000 0000 | 00e9 5ff3 | ffff bade | ffff ff48 | 8b6c 2450 | 4c89 7424 | 3844 896c 
  0x0000022a9fba72ac: 2440 4c89 | 7424 5090 

  0x0000022a9fba72b4: ;   {runtime_call UncommonTrapBlob}
  0x0000022a9fba72b4: c5f8 77e8 

  0x0000022a9fba72b8: ; ImmutableOopMap {rbp=Oop [56]=Oop [64]=NarrowOop [80]=Oop [112]=Oop [144]=NarrowOop [148]=NarrowOop }
                      ;*invokevirtual getManifest {reexecute=0 rethrow=0 return_oop=0}
                      ; - java.net.URLClassLoader::defineClass@34 (line 491)
                      ; - java.net.URLClassLoader$1::run@43 (line 427)
                      ; - java.net.URLClassLoader$1::run@1 (line 421)
  0x0000022a9fba72b8: 2406 7cff 

  0x0000022a9fba72bc: ;   {other}
  0x0000022a9fba72bc: 0f1f 8400 | b41f 002b | bade ffff | ff48 8b6c | 2450 4c89 | 7424 2044 | 896c 2440 | 4c89 5c24 
  0x0000022a9fba72dc: 5089 4424 | 4444 8954 | 2458 6690 

  0x0000022a9fba72e8: ;   {runtime_call UncommonTrapBlob}
  0x0000022a9fba72e8: c5f8 77e8 

  0x0000022a9fba72ec: ; ImmutableOopMap {rbp=Oop [32]=Oop [64]=NarrowOop [68]=NarrowOop [80]=Oop [88]=NarrowOop [112]=Oop [144]=NarrowOop [148]=NarrowOop }
                      ;*invokeinterface ensureInitialization {reexecute=0 rethrow=0 return_oop=0}
                      ; - jdk.internal.loader.URLClassPath$JarLoader$2::getManifest@10 (line 841)
                      ; - java.net.URLClassLoader::defineClass@34 (line 491)
                      ; - java.net.URLClassLoader$1::run@43 (line 427)
                      ; - java.net.URLClassLoader$1::run@1 (line 421)
  0x0000022a9fba72ec: f005 7cff 

  0x0000022a9fba72f0: ;   {other}
  0x0000022a9fba72f0: 0f1f 8400 | e81f 002c | 4c89 4c24 | 5844 8954 | 2448 4c89 | 5c24 4044 | 896c 242c | 4889 7c24 
  0x0000022a9fba7310: 384c 8974 | 2420 488b | 6c24 5049 | 8bd1 4c8d | 8424 a000 | 0000 6690 

  0x0000022a9fba7328: ;   {runtime_call _complete_monitor_locking_Java}
  0x0000022a9fba7328: c5f8 77e8 

  0x0000022a9fba732c: ; ImmutableOopMap {rbp=Oop [32]=Oop [44]=NarrowOop [56]=Oop [64]=Oop [72]=NarrowOop [88]=Oop [112]=Oop [144]=NarrowOop [148]=NarrowOop }
                      ;*synchronization entry
                      ; - java.util.jar.JarFile::ensureInitialization@-1 (line 1063)
                      ; - java.util.jar.JavaUtilJarAccessImpl::ensureInitialization@1 (line 42)
                      ; - jdk.internal.loader.URLClassPath$JarLoader$2::getManifest@10 (line 841)
                      ; - java.net.URLClassLoader::defineClass@34 (line 491)
                      ; - java.net.URLClassLoader$1::run@43 (line 427)
                      ; - java.net.URLClassLoader$1::run@1 (line 421)
  0x0000022a9fba732c: 302d 89ff 

  0x0000022a9fba7330: ;   {other}
  0x0000022a9fba7330: 0f1f 8400 | 2820 002d | 4889 6c24 | 504c 8b74 | 2420 4c8b | 5424 3844 | 8b6c 242c | 4c8b 5c24 
  0x0000022a9fba7350: 404c 8b4c | 2458 498b | fae9 eaed | ffff 498b | cb48 8d94 | 24a0 0000 | 004d 8bc7 | c5f8 7749 
  0x0000022a9fba7370: ba20 dc73 | 27fd 7f00 | 0041 ffd2 

  0x0000022a9fba737c: ;   {other}
  0x0000022a9fba737c: 0f1f 8400 | 0000 0000 | e98e eeff | ffba deff | ffff 4c8b | 5424 504c | 8954 2420 | 4c89 4424 
  0x0000022a9fba739c: 4866 6690 

  0x0000022a9fba73a0: ;   {runtime_call UncommonTrapBlob}
  0x0000022a9fba73a0: c5f8 77e8 

  0x0000022a9fba73a4: ; ImmutableOopMap {rbp=NarrowOop [32]=Oop [40]=Oop [56]=NarrowOop [72]=Oop [112]=Oop [144]=NarrowOop [148]=NarrowOop }
                      ;*invokevirtual getManifest {reexecute=0 rethrow=0 return_oop=0}
                      ; - jdk.internal.loader.URLClassPath$JarLoader$2::getManifest@22 (line 842)
                      ; - java.net.URLClassLoader::defineClass@34 (line 491)
                      ; - java.net.URLClassLoader$1::run@43 (line 427)
                      ; - java.net.URLClassLoader$1::run@1 (line 421)
  0x0000022a9fba73a4: 3805 7cff 

  0x0000022a9fba73a8: ;   {other}
  0x0000022a9fba73a8: 0f1f 8400 | a020 002e | 33ed 4585 | d240 0f94 | c5ba 45ff | ffff 4489 | 4424 2890 

  0x0000022a9fba73c4: ;   {runtime_call UncommonTrapBlob}
  0x0000022a9fba73c4: c5f8 77e8 

  0x0000022a9fba73c8: ; ImmutableOopMap {[40]=NarrowOop [80]=Oop }
                      ;*ifeq {reexecute=1 rethrow=0 return_oop=0}
                      ; - (reexecute) java.lang.String::replace@9 (line 3024)
                      ; - java.net.URLClassLoader$1::run@8 (line 423)
                      ; - java.net.URLClassLoader$1::run@1 (line 421)
  0x0000022a9fba73c8: 1405 7cff 

  0x0000022a9fba73cc: ;   {other}
  0x0000022a9fba73cc: 0f1f 8400 | c420 002f | ba76 ffff | ff89 4c24 | 284c 894c | 2430 4489 | 4424 3844 | 895c 243c 
  0x0000022a9fba73ec: ;   {runtime_call UncommonTrapBlob}
  0x0000022a9fba73ec: c5f8 77e8 

  0x0000022a9fba73f0: ; ImmutableOopMap {[48]=Oop [56]=NarrowOop [60]=NarrowOop [80]=Oop }
                      ;*if_icmpge {reexecute=1 rethrow=0 return_oop=0}
                      ; - (reexecute) java.lang.StringLatin1::replace@61 (line 415)
                      ; - java.lang.String::replace@18 (line 3024)
                      ; - java.net.URLClassLoader$1::run@8 (line 423)
                      ; - java.net.URLClassLoader$1::run@1 (line 421)
  0x0000022a9fba73f0: ec04 7cff 

  0x0000022a9fba73f4: ;   {other}
  0x0000022a9fba73f4: 0f1f 8400 | ec20 0030 | 448b d2e9 | 1efb ffff | ba45 ffff | ff4c 8954 | 2420 895c | 2428 6690 
  0x0000022a9fba7414: ;   {runtime_call UncommonTrapBlob}
  0x0000022a9fba7414: c5f8 77e8 

  0x0000022a9fba7418: ; ImmutableOopMap {[32]=Oop [80]=Oop }
                      ;*iflt {reexecute=1 rethrow=0 return_oop=0}
                      ; - (reexecute) java.lang.StringConcatHelper::checkOverflow@2 (line 63)
                      ; - java.lang.StringConcatHelper::mix@23 (line 125)
                      ; - java.lang.StringConcatHelper::simpleConcat@54 (line 374)
                      ; - java.lang.String::concat@11 (line 2990)
                      ; - java.net.URLClassLoader$1::run@13 (line 423)
                      ; - java.net.URLClassLoader$1::run@1 (line 421)
  0x0000022a9fba7418: c404 7cff 

  0x0000022a9fba741c: ;   {other}
  0x0000022a9fba741c: 0f1f 8400 | 1421 0031 | ba45 ffff | ff4c 8954 | 2428 4489 | 4424 3890 

  0x0000022a9fba7434: ;   {runtime_call UncommonTrapBlob}
  0x0000022a9fba7434: c5f8 77e8 

  0x0000022a9fba7438: ; ImmutableOopMap {rbp=Oop [40]=Oop [80]=Oop }
                      ;*if_icmpne {reexecute=1 rethrow=0 return_oop=0}
                      ; - (reexecute) java.lang.String::getBytes@5 (line 4822)
                      ; - java.lang.StringConcatHelper::prepend@21 (line 307)
                      ; - java.lang.StringConcatHelper::simpleConcat@81 (line 379)
                      ; - java.lang.String::concat@11 (line 2990)
                      ; - java.net.URLClassLoader$1::run@13 (line 423)
                      ; - java.net.URLClassLoader$1::run@1 (line 421)
  0x0000022a9fba7438: a404 7cff 

  0x0000022a9fba743c: ;   {other}
  0x0000022a9fba743c: 0f1f 8400 | 3421 0032 | ba45 ffff | ff4c 8954 | 2420 4889 | 7c24 2844 | 8944 2430 

  0x0000022a9fba7458: ;   {runtime_call UncommonTrapBlob}
  0x0000022a9fba7458: c5f8 77e8 

  0x0000022a9fba745c: ; ImmutableOopMap {[32]=Oop [80]=Oop }
                      ;*if_icmpne {reexecute=1 rethrow=0 return_oop=0}
                      ; - (reexecute) java.lang.StringConcatHelper::mix@13 (line 122)
                      ; - java.lang.StringConcatHelper::simpleConcat@46 (line 373)
                      ; - java.lang.String::concat@11 (line 2990)
                      ; - java.net.URLClassLoader$1::run@13 (line 423)
                      ; - java.net.URLClassLoader$1::run@1 (line 421)
  0x0000022a9fba745c: 8004 7cff 

  0x0000022a9fba7460: ;   {other}
  0x0000022a9fba7460: 0f1f 8400 | 5821 0033 | 4983 c3fe | 498b cb48 | 8bfa 4833 | c048 83f9 | 087f 1048 | ffc9 7856 
  0x0000022a9fba7480: 4889 04cf | 48ff c97d | f7eb 4bc5 | fdef c0e9 | 0d00 0000 | c5fe 7f07 | c5fe 7f47 | 2048 83c7 
  0x0000022a9fba74a0: 4048 83e9 | 087d ed48 | 83c1 047c | 0cc5 fe7f | 0748 83c7 | 2048 83e9 | 0448 83c1 | 047e 1748 
  0x0000022a9fba74c0: c7c0 ffff | ffff c4e2 | f0f5 c0c4 | e1fb 92f8 | 62f1 fe2f | 7f07 e952 | ebff ffba | ccff ffff 
  0x0000022a9fba74e0: 488b 6c24 | 5044 8954 | 2424 4c89 | 7424 4044 | 896c 2448 | 4889 5c24 | 5844 895c | 244c 6690 
  0x0000022a9fba7500: ;   {runtime_call UncommonTrapBlob}
  0x0000022a9fba7500: c5f8 77e8 

  0x0000022a9fba7504: ; ImmutableOopMap {rbp=Oop [64]=Oop [72]=NarrowOop [76]=NarrowOop [88]=Oop [144]=NarrowOop [148]=NarrowOop }
                      ;*newarray {reexecute=1 rethrow=0 return_oop=0}
                      ; - (reexecute) java.util.Arrays::copyOfRange@59 (line 3852)
                      ; - java.lang.StringLatin1::newString@16 (line 856)
                      ; - java.lang.String::substring@41 (line 2930)
                      ; - java.net.URLClassLoader::defineClass@28 (line 489)
                      ; - java.net.URLClassLoader$1::run@43 (line 427)
                      ; - java.net.URLClassLoader$1::run@1 (line 421)
  0x0000022a9fba7504: d803 7cff 

  0x0000022a9fba7508: ;   {other}
  0x0000022a9fba7508: 0f1f 8400 | 0022 0034 | 33ed 4585 | d240 0f94 | c5ba 45ff | ffff 4889 | 4424 f88b | 8424 9000 
  0x0000022a9fba7528: 0000 8944 | 243c 488b | 4424 f84c | 8974 2440 | 894c 244c 

  0x0000022a9fba753c: ;   {runtime_call UncommonTrapBlob}
  0x0000022a9fba753c: c5f8 77e8 

  0x0000022a9fba7540: ; ImmutableOopMap {[60]=NarrowOop [64]=Oop [80]=Oop [148]=NarrowOop }
                      ;*ifeq {reexecute=1 rethrow=0 return_oop=0}
                      ; - (reexecute) java.lang.String::lastIndexOf@4 (line 2664)
                      ; - java.lang.String::lastIndexOf@8 (line 2626)
                      ; - java.net.URLClassLoader::defineClass@7 (line 486)
                      ; - java.net.URLClassLoader$1::run@43 (line 427)
                      ; - java.net.URLClassLoader$1::run@1 (line 421)
  0x0000022a9fba7540: 9c03 7cff 

  0x0000022a9fba7544: ;   {other}
  0x0000022a9fba7544: 0f1f 8400 | 3c22 0035 | 498b d7c5 | f877 49ba | e007 3127 | fd7f 0000 

  0x0000022a9fba755c: ;   {other}
  0x0000022a9fba755c: 41ff d20f | 1f84 0000 | 0000 00e9 | d1ee ffff | ba45 ffff | ff48 8b6c | 2450 4c89 | 5c24 204c 
  0x0000022a9fba757c: 8b5c 2440 | 4c89 5c24 | 3848 8944 | 2448 4489 | 5424 5490 

  0x0000022a9fba7590: ;   {runtime_call UncommonTrapBlob}
  0x0000022a9fba7590: c5f8 77e8 

  0x0000022a9fba7594: ; ImmutableOopMap {rbp=Oop [32]=Oop [56]=Oop [72]=Oop [84]=NarrowOop [136]=Oop [144]=NarrowOop [148]=NarrowOop }
                      ;*ifnull {reexecute=1 rethrow=0 return_oop=0}
                      ; - (reexecute) java.security.CodeSource::<init>@25 (line 122)
                      ; - java.net.URLClassLoader::defineClass@198 (line 522)
                      ; - java.net.URLClassLoader$1::run@43 (line 427)
                      ; - java.net.URLClassLoader$1::run@1 (line 421)
  0x0000022a9fba7594: 4803 7cff 

  0x0000022a9fba7598: ;   {other}
  0x0000022a9fba7598: 0f1f 8400 | 9022 0036 | ba45 ffff | ff4c 8b54 | 2450 4c89 | 5424 204c | 8b54 2440 | 4c89 5424 
  0x0000022a9fba75b8: 384c 896c | 2440 4c89 | 4424 4844 | 895c 2454 

  0x0000022a9fba75c8: ;   {runtime_call UncommonTrapBlob}
  0x0000022a9fba75c8: c5f8 77e8 

  0x0000022a9fba75cc: ; ImmutableOopMap {rbp=NarrowOop [32]=Oop [40]=Oop [56]=Oop [64]=Oop [84]=NarrowOop [144]=NarrowOop [148]=NarrowOop }
                      ;*ifnull {reexecute=1 rethrow=0 return_oop=0}
                      ; - (reexecute) java.nio.Buffer::session@4 (line 792)
                      ; - java.nio.DirectLongBufferU::get@4 (line 342)
                      ; - jdk.internal.perf.PerfCounter::get@5 (line 84)
                      ; - jdk.internal.perf.PerfCounter::add@1 (line 98)
                      ; - jdk.internal.perf.PerfCounter::addElapsedTimeFrom@6 (line 120)
                      ; - java.net.URLClassLoader::defineClass@207 (line 523)
                      ; - java.net.URLClassLoader$1::run@43 (line 427)
                      ; - java.net.URLClassLoader$1::run@1 (line 421)
  0x0000022a9fba75cc: 1003 7cff 

  0x0000022a9fba75d0: ;   {other}
  0x0000022a9fba75d0: 0f1f 8400 | c822 0037 | ba3d ffff | ff48 8b6c | 2450 4489 | 5424 2444 | 8954 2428 | 4c89 7424 
  0x0000022a9fba75f0: 4844 896c | 2444 4489 | 4c24 5890 

  0x0000022a9fba75fc: ;   {runtime_call UncommonTrapBlob}
  0x0000022a9fba75fc: c5f8 77e8 

  0x0000022a9fba7600: ; ImmutableOopMap {rbp=Oop [68]=NarrowOop [72]=Oop [144]=NarrowOop [148]=NarrowOop }
                      ;*if_icmpgt {reexecute=1 rethrow=0 return_oop=0}
                      ; - (reexecute) jdk.internal.util.Preconditions::checkFromToIndex@6 (line 348)
                      ; - java.lang.String::checkBoundsBeginEnd@6 (line 4963)
                      ; - java.lang.String::substring@8 (line 2925)
                      ; - java.net.URLClassLoader::defineClass@28 (line 489)
                      ; - java.net.URLClassLoader$1::run@43 (line 427)
                      ; - java.net.URLClassLoader$1::run@1 (line 421)
  0x0000022a9fba7600: dc02 7cff 

  0x0000022a9fba7604: ;   {other}
  0x0000022a9fba7604: 0f1f 8400 | fc22 0038 | ba45 ffff | ff48 8b6c | 2450 4c8b | 5424 284c | 8954 2420 | 4889 4424 
  0x0000022a9fba7624: 5844 8944 | 2460 6690 

  0x0000022a9fba762c: ;   {runtime_call UncommonTrapBlob}
  0x0000022a9fba762c: c5f8 77e8 

  0x0000022a9fba7630: ; ImmutableOopMap {rbp=Oop [32]=Oop [56]=NarrowOop [64]=Oop [88]=Oop [144]=NarrowOop [148]=NarrowOop }
                      ;*ifgt {reexecute=1 rethrow=0 return_oop=0}
                      ; - (reexecute) java.util.zip.CRC32::updateBytesCheck@1 (line 147)
                      ; - java.util.zip.CRC32::updateBytes@3 (line 139)
                      ; - java.util.zip.CRC32::update@31 (line 79)
                      ; - java.util.zip.Checksum::update@5 (line 58)
                      ; - jdk.internal.loader.URLClassPath$JarLoader$2::getBytes@15 (line 853)
                      ; - java.net.URLClassLoader::defineClass@179 (line 519)
                      ; - java.net.URLClassLoader$1::run@43 (line 427)
                      ; - java.net.URLClassLoader$1::run@1 (line 421)
  0x0000022a9fba7630: ac02 7cff 

  0x0000022a9fba7634: ;   {other}
  0x0000022a9fba7634: 0f1f 8400 | 2c23 0039 | 4d3b c2bd | ffff ffff | 7c08 400f | 95c5 400f | b6ed ba45 | ffff ff4c 
  0x0000022a9fba7654: 8b54 2450 | 4c89 5424 | 204c 895c | 2450 4889 | 5c24 5890 

  0x0000022a9fba7668: ;   {runtime_call UncommonTrapBlob}
  0x0000022a9fba7668: c5f8 77e8 

  0x0000022a9fba766c: ; ImmutableOopMap {[32]=Oop [40]=Oop [56]=NarrowOop [80]=Oop [88]=Oop [144]=NarrowOop [148]=NarrowOop }
                      ;*ifeq {reexecute=1 rethrow=0 return_oop=0}
                      ; - (reexecute) jdk.internal.loader.URLClassPath$JarLoader$2::getBytes@30 (line 854)
                      ; - java.net.URLClassLoader::defineClass@179 (line 519)
                      ; - java.net.URLClassLoader$1::run@43 (line 427)
                      ; - java.net.URLClassLoader$1::run@1 (line 421)
  0x0000022a9fba766c: 7002 7cff 

  0x0000022a9fba7670: ;   {other}
  0x0000022a9fba7670: 0f1f 8400 | 6823 003a | 498b d7c5 | f877 49ba | e007 3127 | fd7f 0000 

  0x0000022a9fba7688: ;   {other}
  0x0000022a9fba7688: 41ff d20f | 1f84 0000 | 0000 00e9 | a0e9 ffff | 498b d7c5 | f877 49ba | e007 3127 | fd7f 0000 
  0x0000022a9fba76a8: ;   {other}
  0x0000022a9fba76a8: 41ff d20f | 1f84 0000 | 0000 00e9 | 1df1 ffff | bac6 ffff | ff44 8954 | 2420 4c89 | 7424 404c 
  0x0000022a9fba76c8: 8974 2448 

  0x0000022a9fba76cc: ;   {runtime_call UncommonTrapBlob}
  0x0000022a9fba76cc: c5f8 77e8 

  0x0000022a9fba76d0: ; ImmutableOopMap {[64]=Oop [72]=Oop [80]=Oop [144]=NarrowOop [148]=NarrowOop }
                      ;*invokevirtual getCodeSourceURL {reexecute=0 rethrow=0 return_oop=0}
                      ; - java.net.URLClassLoader::defineClass@13 (line 487)
                      ; - java.net.URLClassLoader$1::run@43 (line 427)
                      ; - java.net.URLClassLoader$1::run@1 (line 421)
  0x0000022a9fba76d0: 0c02 7cff 

  0x0000022a9fba76d4: ;   {other}
  0x0000022a9fba76d4: 0f1f 8400 | cc23 003b | baf6 ffff | ff48 8b6c | 2450 6690 

  0x0000022a9fba76e8: ;   {runtime_call UncommonTrapBlob}
  0x0000022a9fba76e8: c5f8 77e8 

  0x0000022a9fba76ec: ; ImmutableOopMap {rbp=Oop }
                      ;*invokevirtual replace {reexecute=0 rethrow=0 return_oop=0}
                      ; - java.net.URLClassLoader$1::run@8 (line 423)
                      ; - java.net.URLClassLoader$1::run@1 (line 421)
  0x0000022a9fba76ec: f001 7cff 

  0x0000022a9fba76f0: ;   {other}
  0x0000022a9fba76f0: 0f1f 8400 | e823 003c | baf6 ffff | ff48 8b6c | 2450 6690 

  0x0000022a9fba7704: ;   {runtime_call UncommonTrapBlob}
  0x0000022a9fba7704: c5f8 77e8 

  0x0000022a9fba7708: ; ImmutableOopMap {rbp=Oop }
                      ;*arraylength {reexecute=0 rethrow=0 return_oop=0}
                      ; - java.lang.StringLatin1::replace@8 (line 405)
                      ; - java.lang.String::replace@18 (line 3024)
                      ; - java.net.URLClassLoader$1::run@8 (line 423)
                      ; - java.net.URLClassLoader$1::run@1 (line 421)
  0x0000022a9fba7708: d401 7cff 

  0x0000022a9fba770c: ;   {other}
  0x0000022a9fba770c: 0f1f 8400 | 0424 003d | baf6 ffff | ff48 8944 | 2420 6690 

  0x0000022a9fba7720: ;   {runtime_call UncommonTrapBlob}
  0x0000022a9fba7720: c5f8 77e8 

  0x0000022a9fba7724: ; ImmutableOopMap {[32]=Oop [80]=Oop }
                      ;*getfield ucp {reexecute=1 rethrow=0 return_oop=0}
                      ; - (reexecute) java.net.URLClassLoader$1::run@21 (line 424)
                      ; - java.net.URLClassLoader$1::run@1 (line 421)
  0x0000022a9fba7724: b801 7cff 

  0x0000022a9fba7728: ;   {other}
  0x0000022a9fba7728: 0f1f 8400 | 2024 003e | baf6 ffff | ff4c 8974 | 2438 6690 

  0x0000022a9fba773c: ;   {runtime_call UncommonTrapBlob}
  0x0000022a9fba773c: c5f8 77e8 

  0x0000022a9fba7740: ; ImmutableOopMap {[56]=Oop [80]=Oop [148]=NarrowOop }
                      ;*invokevirtual lastIndexOf {reexecute=0 rethrow=0 return_oop=0}
                      ; - java.net.URLClassLoader::defineClass@7 (line 486)
                      ; - java.net.URLClassLoader$1::run@43 (line 427)
                      ; - java.net.URLClassLoader$1::run@1 (line 421)
  0x0000022a9fba7740: 9c01 7cff 

  0x0000022a9fba7744: ;   {other}
  0x0000022a9fba7744: 0f1f 8400 | 3c24 003f | baf6 ffff | ff4c 8974 | 2438 6690 

  0x0000022a9fba7758: ;   {runtime_call UncommonTrapBlob}
  0x0000022a9fba7758: c5f8 77e8 

  0x0000022a9fba775c: ; ImmutableOopMap {[56]=Oop [80]=Oop [144]=NarrowOop [148]=NarrowOop }
                      ;*arraylength {reexecute=0 rethrow=0 return_oop=0}
                      ; - java.lang.String::length@4 (line 1593)
                      ; - java.lang.String::lastIndexOf@3 (line 2626)
                      ; - java.net.URLClassLoader::defineClass@7 (line 486)
                      ; - java.net.URLClassLoader$1::run@43 (line 427)
                      ; - java.net.URLClassLoader$1::run@1 (line 421)
  0x0000022a9fba775c: 8001 7cff 

  0x0000022a9fba7760: ;   {other}
  0x0000022a9fba7760: 0f1f 8400 | 5824 0040 | baf4 ffff | ff66 6690 

  0x0000022a9fba7770: ;   {runtime_call UncommonTrapBlob}
  0x0000022a9fba7770: c5f8 77e8 

  0x0000022a9fba7774: ; ImmutableOopMap {[40]=Oop [56]=NarrowOop [80]=Oop [144]=NarrowOop [148]=NarrowOop }
                      ;*instanceof {reexecute=0 rethrow=0 return_oop=0}
                      ; - jdk.internal.loader.Resource::getByteBuffer@6 (line 164)
                      ; - java.net.URLClassLoader::defineClass@132 (line 511)
                      ; - java.net.URLClassLoader$1::run@43 (line 427)
                      ; - java.net.URLClassLoader$1::run@1 (line 421)
  0x0000022a9fba7774: 6801 7cff 

  0x0000022a9fba7778: ;   {other}
  0x0000022a9fba7778: 0f1f 8400 | 7024 0041 | baf6 ffff | ff4c 8b54 | 2428 4c89 | 5424 204c | 896c 2438 

  0x0000022a9fba7794: ;   {runtime_call UncommonTrapBlob}
  0x0000022a9fba7794: c5f8 77e8 

  0x0000022a9fba7798: ; ImmutableOopMap {[32]=Oop [56]=Oop [64]=Oop [80]=Oop [144]=NarrowOop [148]=NarrowOop }
                      ;*invokevirtual get {reexecute=0 rethrow=0 return_oop=0}
                      ; - jdk.internal.perf.PerfCounter::get@5 (line 84)
                      ; - jdk.internal.perf.PerfCounter::add@1 (line 98)
                      ; - jdk.internal.perf.PerfCounter::addElapsedTimeFrom@6 (line 120)
                      ; - java.net.URLClassLoader::defineClass@207 (line 523)
                      ; - java.net.URLClassLoader$1::run@43 (line 427)
                      ; - java.net.URLClassLoader$1::run@1 (line 421)
  0x0000022a9fba7798: 4401 7cff 

  0x0000022a9fba779c: ;   {other}
  0x0000022a9fba779c: 0f1f 8400 | 9424 0042 | baf6 ffff | ff4c 8b54 | 2428 4c89 | 5424 204c | 896c 2428 

  0x0000022a9fba77b8: ;   {runtime_call UncommonTrapBlob}
  0x0000022a9fba77b8: c5f8 77e8 

  0x0000022a9fba77bc: ; ImmutableOopMap {[32]=Oop [40]=Oop [80]=Oop [144]=NarrowOop [148]=NarrowOop }
                      ;*arraylength {reexecute=0 rethrow=0 return_oop=0}
                      ; - java.net.URLClassLoader::defineClass@217 (line 524)
                      ; - java.net.URLClassLoader$1::run@43 (line 427)
                      ; - java.net.URLClassLoader$1::run@1 (line 421)
  0x0000022a9fba77bc: 2001 7cff 

  0x0000022a9fba77c0: ;   {other}
  0x0000022a9fba77c0: 0f1f 8400 | b824 0043 | baf6 ffff | ff44 8954 | 2420 4c89 | 7424 2848 | 895c 2440 

  0x0000022a9fba77dc: ;   {runtime_call UncommonTrapBlob}
  0x0000022a9fba77dc: c5f8 77e8 

  0x0000022a9fba77e0: ; ImmutableOopMap {[40]=Oop [64]=Oop [80]=Oop [144]=NarrowOop [148]=NarrowOop }
                      ;*getfield csu {reexecute=1 rethrow=0 return_oop=0}
                      ; - (reexecute) jdk.internal.loader.URLClassPath$JarLoader$2::getCodeSourceURL@4 (line 835)
                      ; - java.net.URLClassLoader::defineClass@13 (line 487)
                      ; - java.net.URLClassLoader$1::run@43 (line 427)
                      ; - java.net.URLClassLoader$1::run@1 (line 421)
  0x0000022a9fba77e0: fc00 7cff 

  0x0000022a9fba77e4: ;   {other}
  0x0000022a9fba77e4: 0f1f 8400 | dc24 0044 | baf6 ffff | ff4c 8974 | 2420 4c89 | 5c24 3844 | 896c 2440 

  0x0000022a9fba7800: ;   {runtime_call UncommonTrapBlob}
  0x0000022a9fba7800: c5f8 77e8 

  0x0000022a9fba7804: ; ImmutableOopMap {[32]=Oop [56]=Oop [64]=NarrowOop [80]=Oop [112]=Oop [144]=NarrowOop [148]=NarrowOop }
                      ;*getfield jar {reexecute=1 rethrow=0 return_oop=0}
                      ; - (reexecute) jdk.internal.loader.URLClassPath$JarLoader$2::getManifest@7 (line 841)
                      ; - java.net.URLClassLoader::defineClass@34 (line 491)
                      ; - java.net.URLClassLoader$1::run@43 (line 427)
                      ; - java.net.URLClassLoader$1::run@1 (line 421)
  0x0000022a9fba7804: d800 7cff 

  0x0000022a9fba7808: ;   {other}
  0x0000022a9fba7808: 0f1f 8400 | 0025 0045 | baf6 ffff | ff4c 8b54 | 2428 4c89 | 5424 2090 

  0x0000022a9fba7820: ;   {runtime_call UncommonTrapBlob}
  0x0000022a9fba7820: c5f8 77e8 

  0x0000022a9fba7824: ; ImmutableOopMap {[32]=Oop [56]=NarrowOop [64]=Oop [80]=Oop [112]=Oop [144]=NarrowOop [148]=NarrowOop }
                      ;*getfield jar {reexecute=1 rethrow=0 return_oop=0}
                      ; - (reexecute) jdk.internal.loader.URLClassPath$JarLoader$2::getManifest@19 (line 842)
                      ; - java.net.URLClassLoader::defineClass@34 (line 491)
                      ; - java.net.URLClassLoader$1::run@43 (line 427)
                      ; - java.net.URLClassLoader$1::run@1 (line 421)
  0x0000022a9fba7824: b800 7cff 

  0x0000022a9fba7828: ;   {other}
  0x0000022a9fba7828: 0f1f 8400 | 2025 0046 | baf6 ffff | ff4c 8b54 | 2428 4c89 | 5424 2090 

  0x0000022a9fba7840: ;   {runtime_call UncommonTrapBlob}
  0x0000022a9fba7840: c5f8 77e8 

  0x0000022a9fba7844: ; ImmutableOopMap {[32]=Oop [56]=NarrowOop [64]=Oop [80]=Oop [112]=Oop [144]=NarrowOop [148]=NarrowOop }
                      ;*invokevirtual getManifest {reexecute=0 rethrow=0 return_oop=0}
                      ; - jdk.internal.loader.URLClassPath$JarLoader$2::getManifest@22 (line 842)
                      ; - java.net.URLClassLoader::defineClass@34 (line 491)
                      ; - java.net.URLClassLoader$1::run@43 (line 427)
                      ; - java.net.URLClassLoader$1::run@1 (line 421)
  0x0000022a9fba7844: 9800 7cff 

  0x0000022a9fba7848: ;   {other}
  0x0000022a9fba7848: 0f1f 8400 | 4025 0047 | baf6 ffff | ff4c 8b54 | 2428 4c89 | 5424 2090 

  0x0000022a9fba7860: ;   {runtime_call UncommonTrapBlob}
  0x0000022a9fba7860: c5f8 77e8 

  0x0000022a9fba7864: ; ImmutableOopMap {[32]=Oop [56]=NarrowOop [64]=Oop [80]=Oop [144]=NarrowOop [148]=NarrowOop }
                      ;*arraylength {reexecute=0 rethrow=0 return_oop=0}
                      ; - java.util.zip.Checksum::update@4 (line 58)
                      ; - jdk.internal.loader.URLClassPath$JarLoader$2::getBytes@15 (line 853)
                      ; - java.net.URLClassLoader::defineClass@179 (line 519)
                      ; - java.net.URLClassLoader$1::run@43 (line 427)
                      ; - java.net.URLClassLoader$1::run@1 (line 421)
  0x0000022a9fba7864: 7800 7cff 

  0x0000022a9fba7868: ;   {other}
  0x0000022a9fba7868: 0f1f 8400 | 6025 0048 | baf6 ffff | ff4c 8b54 | 2428 4c89 | 5424 2090 

  0x0000022a9fba7880: ;   {runtime_call UncommonTrapBlob}
  0x0000022a9fba7880: c5f8 77e8 

  0x0000022a9fba7884: ; ImmutableOopMap {[32]=Oop [56]=NarrowOop [64]=Oop [80]=Oop [144]=NarrowOop [148]=NarrowOop }
                      ;*invokevirtual getCrc {reexecute=0 rethrow=0 return_oop=0}
                      ; - jdk.internal.loader.URLClassPath$JarLoader$2::getBytes@26 (line 854)
                      ; - java.net.URLClassLoader::defineClass@179 (line 519)
                      ; - java.net.URLClassLoader$1::run@43 (line 427)
                      ; - java.net.URLClassLoader$1::run@1 (line 421)
  0x0000022a9fba7884: 5800 7cff 

  0x0000022a9fba7888: ;   {other}
  0x0000022a9fba7888: 0f1f 8400 | 8025 0049 | ba45 ffff | ff48 8b6c | 2450 4c89 | 7424 2044 | 896c 2440 | 4c89 5c24 
  0x0000022a9fba78a8: 5089 4424 | 5866 6690 

  0x0000022a9fba78b0: ;   {runtime_call UncommonTrapBlob}
  0x0000022a9fba78b0: c5f8 77e8 

  0x0000022a9fba78b4: ; ImmutableOopMap {rbp=Oop [32]=Oop [64]=NarrowOop [80]=Oop [88]=NarrowOop [112]=Oop [144]=NarrowOop [148]=NarrowOop }
                      ;*ifnonnull {reexecute=1 rethrow=0 return_oop=0}
                      ; - (reexecute) jdk.internal.access.SharedSecrets::javaUtilJarAccess@5 (line 140)
                      ; - jdk.internal.loader.URLClassPath$JarLoader$2::getManifest@0 (line 841)
                      ; - java.net.URLClassLoader::defineClass@34 (line 491)
                      ; - java.net.URLClassLoader$1::run@43 (line 427)
                      ; - java.net.URLClassLoader$1::run@1 (line 421)
  0x0000022a9fba78b4: 2800 7cff 

  0x0000022a9fba78b8: ;   {other}
  0x0000022a9fba78b8: 0f1f 8400 | b025 004a | baf6 ffff | ff44 8954 | 2420 4c89 | 7424 2848 | 895c 2440 

  0x0000022a9fba78d4: ;   {runtime_call UncommonTrapBlob}
  0x0000022a9fba78d4: c5f8 77e8 

  0x0000022a9fba78d8: ; ImmutableOopMap {[40]=Oop [64]=Oop [80]=Oop [144]=NarrowOop [148]=NarrowOop }
                      ;*invokevirtual getBaseURL {reexecute=0 rethrow=0 return_oop=0}
                      ; - jdk.internal.loader.URLClassPath$FileLoader$1::getCodeSourceURL@4 (line 1079)
                      ; - java.net.URLClassLoader::defineClass@13 (line 487)
                      ; - java.net.URLClassLoader$1::run@43 (line 427)
                      ; - java.net.URLClassLoader$1::run@1 (line 421)
  0x0000022a9fba78d8: 0400 7cff 

  0x0000022a9fba78dc: ;   {other}
  0x0000022a9fba78dc: 0f1f 8400 | d425 004b | ba9d ffff | ff48 8b6c | 2450 4c8b | 5c24 284c | 895c 2420 | 4889 4424 
  0x0000022a9fba78fc: 6066 6690 

  0x0000022a9fba7900: ;   {runtime_call UncommonTrapBlob}
  0x0000022a9fba7900: c5f8 77e8 

  0x0000022a9fba7904: ; ImmutableOopMap {rbp=Oop [32]=Oop [56]=NarrowOop [60]=NarrowOop [64]=Oop [72]=Oop [96]=Oop [112]=Oop [144]=NarrowOop [148]=NarrowOop }
                      ;*astore_2 {reexecute=0 rethrow=0 return_oop=0}
                      ; - java.util.jar.JarFile::ensureInitialization@51 (line 1073)
                      ; - java.util.jar.JavaUtilJarAccessImpl::ensureInitialization@1 (line 42)
                      ; - jdk.internal.loader.URLClassPath$JarLoader$2::getManifest@10 (line 841)
                      ; - java.net.URLClassLoader::defineClass@34 (line 491)
                      ; - java.net.URLClassLoader$1::run@43 (line 427)
                      ; - java.net.URLClassLoader$1::run@1 (line 421)
  0x0000022a9fba7904: d8ff 7bff 

  0x0000022a9fba7908: ;   {other}
  0x0000022a9fba7908: 0f1f 8400 | 0026 004c | ba97 ffff | ff48 8b6c | 2420 4c8b | 5424 604c | 8954 2458 

  0x0000022a9fba7924: ;   {runtime_call UncommonTrapBlob}
  0x0000022a9fba7924: c5f8 77e8 

  0x0000022a9fba7928: ; ImmutableOopMap {rbp=Oop [40]=Oop [72]=NarrowOop [76]=NarrowOop [88]=Oop [96]=Oop [144]=NarrowOop [148]=NarrowOop }
                      ;*invokevirtual clone {reexecute=1 rethrow=0 return_oop=0}
                      ; - (reexecute) java.util.Arrays::copyOfRange@11 (line 3846)
                      ; - java.lang.StringLatin1::newString@16 (line 856)
                      ; - java.lang.String::substring@41 (line 2930)
                      ; - java.net.URLClassLoader::defineClass@28 (line 489)
                      ; - java.net.URLClassLoader$1::run@43 (line 427)
                      ; - java.net.URLClassLoader$1::run@1 (line 421)
  0x0000022a9fba7928: b4ff 7bff 

  0x0000022a9fba792c: ;   {other}
  0x0000022a9fba792c: 0f1f 8400 | 2426 004d | ba97 ffff | ff48 8b6c | 2450 4c8b | 5424 284c | 8954 2420 

  0x0000022a9fba7948: ;   {runtime_call UncommonTrapBlob}
  0x0000022a9fba7948: c5f8 77e8 

  0x0000022a9fba794c: ; ImmutableOopMap {rbp=Oop [32]=Oop [64]=Oop [72]=Oop [136]=Oop [144]=NarrowOop [148]=NarrowOop }
                      ;*invokevirtual clone {reexecute=1 rethrow=0 return_oop=0}
                      ; - (reexecute) java.security.CodeSource::<init>@42 (line 128)
                      ; - java.net.URLClassLoader::defineClass@198 (line 522)
                      ; - java.net.URLClassLoader$1::run@43 (line 427)
                      ; - java.net.URLClassLoader$1::run@1 (line 421)
  0x0000022a9fba794c: 90ff 7bff 

  0x0000022a9fba7950: ;   {other}
  0x0000022a9fba7950: 0f1f 8400 | 4826 004e | 498b cb48 | 8d94 24a0 | 0000 004d | 8bc7 c5f8 | 7749 ba20 | dc73 27fd 
  0x0000022a9fba7970: 7f00 0041 

  0x0000022a9fba7974: ;   {other}
  0x0000022a9fba7974: ffd2 0f1f | 8400 0000 | 0000 e941 | 0200 00eb | 7c48 8bd8 | 448b 5008 | 49b8 0000 | 00bc 2a02 
  0x0000022a9fba7994: 0000 4d03 | c2e9 3702 | 0000 4c8b | d0eb 034c | 8bd0 498b | da45 8b5a | 0849 b800 | 0000 bc2a 
  0x0000022a9fba79b4: 0200 004d | 03c3 e916 | 0200 0048 | 8bd8 448b | 5008 49b8 | 0000 00bc | 2a02 0000 | 4d03 c24d 
  0x0000022a9fba79d4: 8b50 504c | 3bd5 0f85 | f501 0000 | 488b e8eb | 5deb 0048 | 8bd0 e90f | 0200 0048 | 8bd8 e939 
  0x0000022a9fba79f4: 0100 0048 | 8bd8 e931 | 0100 00eb | 0048 8bd0 | e9f5 0100 | 004c 8bd0 | e9ba 0000 | 0048 8bd8 
  0x0000022a9fba7a14: 448b 5808 | 49b8 0000 | 00bc 2a02 | 0000 4d03 | c34d 8b50 | 504c 3bd5 | 0f85 a301 | 0000 488b 
  0x0000022a9fba7a34: e84c 8b54 | 2448 4c89 | 9424 8800 | 0000 ba9d | ffff ff4c | 8b54 2450 | 4c89 5424 | 2066 6690 
  0x0000022a9fba7a54: ;   {runtime_call UncommonTrapBlob}
  0x0000022a9fba7a54: c5f8 77e8 

  0x0000022a9fba7a58: ; ImmutableOopMap {rbp=Oop [32]=Oop [40]=Oop [56]=NarrowOop [64]=Oop [112]=Oop [136]=Oop [144]=NarrowOop [148]=NarrowOop }
                      ;*astore {reexecute=0 rethrow=0 return_oop=0}
                      ; - java.net.URLClassLoader::defineClass@88 (line 499)
                      ; - java.net.URLClassLoader$1::run@43 (line 427)
                      ; - java.net.URLClassLoader$1::run@1 (line 421)
  0x0000022a9fba7a58: 84fe 7bff 

  0x0000022a9fba7a5c: ;   {other}
  0x0000022a9fba7a5c: 0f1f 8400 | 5427 004f | 488b d844 | 8b58 0849 | b800 0000 | bc2a 0200 | 004d 03c3 | e958 0100 
  0x0000022a9fba7a7c: 0048 8bd8 | 448b 5808 | 49b8 0000 | 00bc 2a02 | 0000 4d03 | c3e9 3f01 | 0000 488b | d844 8b50 
  0x0000022a9fba7a9c: 0849 b800 | 0000 bc2a | 0200 004d | 03c2 e926 | 0100 0048 | 8bd8 448b | 5008 49b8 | 0000 00bc 
  0x0000022a9fba7abc: 2a02 0000 | 4d03 c2e9 | 0d01 0000 | 4c8b d049 | 8bda 458b | 5208 49b8 | 0000 00bc | 2a02 0000 
  0x0000022a9fba7adc: 4d03 c2e9 | f100 0000 | 488b d844 | 8b50 0849 | b800 0000 | bc2a 0200 | 004d 03c2 | e9d8 0000 
  0x0000022a9fba7afc: 0048 8bd0 | e9f9 0000 | 0048 8bd8 | 448b 5808 | 49ba 0000 | 00bc 2a02 | 0000 4d03 | d34d 8b52 
  0x0000022a9fba7b1c: ;   {metadata('java/io/IOException')}
  0x0000022a9fba7b1c: 4849 bb10 | 4e04 bd2a | 0200 004d | 3bd3 0f84 | 1001 0000 | 4c8b 5c24 | 5848 8d84 | 24a0 0000 
  0x0000022a9fba7b3c: 0049 ff8f | 5005 0000 | 418b 8718 | 0600 004d | 8b13 4d3b | 5c07 f80f | 852e 0000 | 0041 83af 
  0x0000022a9fba7b5c: 1806 0000 | 084d 3b5c | 07f0 0f84 | 4d00 0000 | 498b c248 | 83e0 fc49 | 83ca 01f0 | 4d0f b113 
  0x0000022a9fba7b7c: 0f85 e200 | 0000 e932 | 0000 0049 | 83ba 8600 | 0000 0075 | 1e49 8b82 | 9600 0000 | 490b 828e 
  0x0000022a9fba7b9c: 0000 000f | 85d3 0000 | 0049 c742 | 3e00 0000 | 00eb 0a49 | ff8a 8600 | 0000 4533 | d20f 8599 
  0x0000022a9fba7bbc: fdff ffeb | 0348 8bd8 | 448b 5b08 | 49b8 0000 | 00bc 2a02 | 0000 4d03 | c34d 8b50 

  0x0000022a9fba7bd8: ;   {metadata('java/io/IOException')}
  0x0000022a9fba7bd8: 4849 bb10 | 4e04 bd2a | 0200 004d | 3bd3 7426 | 4d8b 5050 

  0x0000022a9fba7bec: ;   {metadata('java/lang/ClassFormatError')}
  0x0000022a9fba7bec: 49bb a061 | 17bd 2a02 | 0000 4d3b | d374 2d48 | 8bd3 c5f8 | 7748 81c4 | c000 0000 

  0x0000022a9fba7c08: ;   {runtime_call _rethrow_Java}
  0x0000022a9fba7c08: 5de9 522d | 89ff 488b | ebba 9dff | ffff 6690 

  0x0000022a9fba7c18: ;   {runtime_call UncommonTrapBlob}
  0x0000022a9fba7c18: c5f8 77e8 

  0x0000022a9fba7c1c: ; ImmutableOopMap {rbp=Oop [80]=Oop }
                      ;*astore_3 {reexecute=0 rethrow=0 return_oop=0}
                      ; - java.net.URLClassLoader$1::run@47 (line 428)
                      ; - java.net.URLClassLoader$1::run@1 (line 421)
  0x0000022a9fba7c1c: c0fc 7bff 

  0x0000022a9fba7c20: ;   {other}
  0x0000022a9fba7c20: 0f1f 8400 | 1829 0050 | 488b ebba | 9dff ffff 

  0x0000022a9fba7c30: ;   {runtime_call UncommonTrapBlob}
  0x0000022a9fba7c30: c5f8 77e8 

  0x0000022a9fba7c34: ; ImmutableOopMap {rbp=Oop [40]=Oop }
                      ;*astore_3 {reexecute=0 rethrow=0 return_oop=0}
                      ; - java.net.URLClassLoader$1::run@61 (line 430)
                      ; - java.net.URLClassLoader$1::run@1 (line 421)
  0x0000022a9fba7c34: a8fc 7bff 

  0x0000022a9fba7c38: ;   {other}
  0x0000022a9fba7c38: 0f1f 8400 | 3029 0051 | 488b e8ba | 9dff ffff | 4c8b 5424 | 504c 8954 | 2420 6690 

  0x0000022a9fba7c54: ;   {runtime_call UncommonTrapBlob}
  0x0000022a9fba7c54: c5f8 77e8 

  0x0000022a9fba7c58: ; ImmutableOopMap {rbp=Oop [32]=Oop [40]=Oop [56]=NarrowOop [64]=Oop [72]=NarrowOop [112]=Oop [144]=NarrowOop [148]=NarrowOop }
                      ;*astore_1 {reexecute=0 rethrow=0 return_oop=0}
                      ; - java.util.jar.JarFile::ensureInitialization@7 (line 1064)
                      ; - java.util.jar.JavaUtilJarAccessImpl::ensureInitialization@1 (line 42)
                      ; - jdk.internal.loader.URLClassPath$JarLoader$2::getManifest@10 (line 841)
                      ; - java.net.URLClassLoader::defineClass@34 (line 491)
                      ; - java.net.URLClassLoader$1::run@43 (line 427)
                      ; - java.net.URLClassLoader$1::run@1 (line 421)
  0x0000022a9fba7c58: 84fc 7bff 

  0x0000022a9fba7c5c: ;   {other}
  0x0000022a9fba7c5c: 0f1f 8400 | 5429 0052 | 4183 8718 | 0600 0008 | 49ff 8750 | 0500 00e9 | 41ff ffff | 4983 ba9e 
  0x0000022a9fba7c7c: 0000 0000 | 74ea 49c7 | 423e 0000 | 0000 f083 | 0424 0049 | 83ba 9e00 | 0000 0075 | 0b48 33c0 
  0x0000022a9fba7c9c: f04d 0fb1 | 7a3e 74c8 | 33c0 e90e 

  0x0000022a9fba7ca8: ;   {internal_word}
  0x0000022a9fba7ca8: ffff ff49 | ba33 66ba | 9f2a 0200 | 004d 8997 | 6004 0000 

  0x0000022a9fba7cbc: ;   {runtime_call SafepointBlob}
  0x0000022a9fba7cbc: e91f eb7b | ff41 8387 | 1806 0000 | 0849 ff87 | 5005 0000 | e91e e9ff | ff49 83ba | 9e00 0000 
  0x0000022a9fba7cdc: 0074 ea49 | c742 3e00 | 0000 00f0 | 8304 2400 | 4983 ba9e | 0000 0000 | 750b 4833 | c0f0 4d0f 
  0x0000022a9fba7cfc: b17a 3e74 | c833 c0e9 | ebe8 ffff | 4183 8718 | 0600 0008 | 49ff 8750 | 0500 00e9 | f5e4 ffff 
  0x0000022a9fba7d1c: 4983 ba9e | 0000 0000 | 74ea 49c7 | 423e 0000 | 0000 f083 | 0424 0049 | 83ba 9e00 | 0000 0075 
  0x0000022a9fba7d3c: 0b48 33c0 | f04d 0fb1 | 7a3e 74c8 | 33c0 e9c2 

  0x0000022a9fba7d4c: ;   {runtime_call StubRoutines (final stubs)}
  0x0000022a9fba7d4c: e4ff ffe8 | 0c26 7aff | e955 d9ff | fff4 f4f4 | f4f4 f4f4 
[Stub Code]
  0x0000022a9fba7d60: ;   {no_reloc}
  0x0000022a9fba7d60: 48bb 0000 | 0000 0000 

  0x0000022a9fba7d68: ;   {runtime_call nmethod}
  0x0000022a9fba7d68: 0000 e9fb 

  0x0000022a9fba7d6c: ;   {static_stub}
  0x0000022a9fba7d6c: ffff ff48 | bb00 0000 | 0000 0000 

  0x0000022a9fba7d78: ;   {runtime_call nmethod}
  0x0000022a9fba7d78: 00e9 fbff 

  0x0000022a9fba7d7c: ;   {static_stub}
  0x0000022a9fba7d7c: ffff 48bb | 0000 0000 | 0000 0000 

  0x0000022a9fba7d88: ;   {runtime_call nmethod}
  0x0000022a9fba7d88: e9fb ffff 

  0x0000022a9fba7d8c: ;   {static_stub}
  0x0000022a9fba7d8c: ff48 bb00 | 0000 0000 

  0x0000022a9fba7d94: ;   {runtime_call nmethod}
  0x0000022a9fba7d94: 0000 00e9 | fbff ffff 

  0x0000022a9fba7d9c: ;   {static_stub}
  0x0000022a9fba7d9c: 48bb 0000 | 0000 0000 

  0x0000022a9fba7da4: ;   {runtime_call nmethod}
  0x0000022a9fba7da4: 0000 e9fb 

  0x0000022a9fba7da8: ;   {static_stub}
  0x0000022a9fba7da8: ffff ff48 | bb00 0000 | 0000 0000 

  0x0000022a9fba7db4: ;   {runtime_call nmethod}
  0x0000022a9fba7db4: 00e9 fbff 

  0x0000022a9fba7db8: ;   {static_stub}
  0x0000022a9fba7db8: ffff 48bb | 0000 0000 | 0000 0000 

  0x0000022a9fba7dc4: ;   {runtime_call nmethod}
  0x0000022a9fba7dc4: e9fb ffff 

  0x0000022a9fba7dc8: ;   {static_stub}
  0x0000022a9fba7dc8: ff48 bb00 | 0000 0000 

  0x0000022a9fba7dd0: ;   {runtime_call nmethod}
  0x0000022a9fba7dd0: 0000 00e9 | fbff ffff 

  0x0000022a9fba7dd8: ;   {static_stub}
  0x0000022a9fba7dd8: 48bb 0000 | 0000 0000 

  0x0000022a9fba7de0: ;   {runtime_call nmethod}
  0x0000022a9fba7de0: 0000 e9fb 

  0x0000022a9fba7de4: ;   {static_stub}
  0x0000022a9fba7de4: ffff ff48 | bb00 0000 | 0000 0000 

  0x0000022a9fba7df0: ;   {runtime_call nmethod}
  0x0000022a9fba7df0: 00e9 fbff 

  0x0000022a9fba7df4: ;   {static_stub}
  0x0000022a9fba7df4: ffff 48bb | 0000 0000 | 0000 0000 

  0x0000022a9fba7e00: ;   {runtime_call nmethod}
  0x0000022a9fba7e00: e9fb ffff 

  0x0000022a9fba7e04: ;   {static_stub}
  0x0000022a9fba7e04: ff48 bb00 | 0000 0000 

  0x0000022a9fba7e0c: ;   {runtime_call nmethod}
  0x0000022a9fba7e0c: 0000 00e9 | fbff ffff 

  0x0000022a9fba7e14: ;   {static_stub}
  0x0000022a9fba7e14: 48bb 0000 | 0000 0000 

  0x0000022a9fba7e1c: ;   {runtime_call nmethod}
  0x0000022a9fba7e1c: 0000 e9fb 

  0x0000022a9fba7e20: ;   {static_stub}
  0x0000022a9fba7e20: ffff ff48 | bb48 1b1a | bc2a 0200 

  0x0000022a9fba7e2c: ;   {runtime_call I2C/C2I adapters}
  0x0000022a9fba7e2c: 00e9 0cae 

  0x0000022a9fba7e30: ;   {runtime_call ExceptionBlob}
  0x0000022a9fba7e30: 7aff e929 | cf88 ffe8 | 0000 0000 | 4883 2c24 

  0x0000022a9fba7e40: ;   {runtime_call DeoptimizationBlob}
  0x0000022a9fba7e40: 05e9 bafd | 7bff f4f4 
[/MachCode]


---------------  P R O C E S S  ---------------

Threads class SMR info:
_java_thread_list=0x0000022b02158590, length=65, elements={
0x0000022a84c87a30, 0x0000022abba919d0, 0x0000022abba92fa0, 0x0000022abba97d30,
0x0000022abba9a7a0, 0x0000022abba9b200, 0x0000022abba9bc60, 0x0000022abba9c9f0,
0x0000022abbaa2de0, 0x0000022afd09fd10, 0x0000022afd235f50, 0x0000022afdd25810,
0x0000022afdc876d0, 0x0000022afeb4c420, 0x0000022afdea1990, 0x0000022afdea2000,
0x0000022abbad5e60, 0x0000022abbad64d0, 0x0000022afec74730, 0x0000022afec75ae0,
0x0000022afec75450, 0x0000022afec74dc0, 0x0000022afec72660, 0x0000022afec72cf0,
0x0000022afec73a10, 0x0000022b00a1ba80, 0x0000022b00a1db50, 0x0000022b00a1c110,
0x0000022b00a1ad60, 0x0000022b00a1e1e0, 0x0000022b00a1e870, 0x0000022b00a20940,
0x0000022b00a1fc20, 0x0000022b00a1c7a0, 0x0000022b00a1d4c0, 0x0000022b00499c00,
0x0000022b0049c360, 0x0000022b0049a920, 0x0000022b01621610, 0x0000022b0161f540,
0x0000022b0161fbd0, 0x0000022b016208f0, 0x0000022b01620260, 0x0000022b0161eeb0,
0x0000022b01624400, 0x0000022b01623050, 0x0000022b016236e0, 0x0000022b01624a90,
0x0000022b0226dbc0, 0x0000022b0226c810, 0x0000022b02270320, 0x0000022b022709b0,
0x0000022b02271040, 0x0000022b022716d0, 0x0000022b017cd930, 0x0000022b017ccc10,
0x0000022b017ca4b0, 0x0000022b017cb1d0, 0x0000022b017cd2a0, 0x0000022b017cdfc0,
0x0000022b017cab40, 0x0000022b017ce650, 0x0000022b017cc580, 0x0000022b017cece0,
0x0000022b017cb860
}

Java Threads: ( => current thread )
  0x0000022a84c87a30 JavaThread "main"                              [_thread_blocked, id=21036, stack(0x000000ab6e900000,0x000000ab6ea00000) (1024K)]
  0x0000022abba919d0 JavaThread "Reference Handler"          daemon [_thread_blocked, id=21288, stack(0x000000ab6f100000,0x000000ab6f200000) (1024K)]
  0x0000022abba92fa0 JavaThread "Finalizer"                  daemon [_thread_blocked, id=22176, stack(0x000000ab6f200000,0x000000ab6f300000) (1024K)]
  0x0000022abba97d30 JavaThread "Signal Dispatcher"          daemon [_thread_blocked, id=21812, stack(0x000000ab6f300000,0x000000ab6f400000) (1024K)]
  0x0000022abba9a7a0 JavaThread "Attach Listener"            daemon [_thread_blocked, id=10584, stack(0x000000ab6f400000,0x000000ab6f500000) (1024K)]
  0x0000022abba9b200 JavaThread "Service Thread"             daemon [_thread_blocked, id=19044, stack(0x000000ab6f500000,0x000000ab6f600000) (1024K)]
  0x0000022abba9bc60 JavaThread "Monitor Deflation Thread"   daemon [_thread_blocked, id=2536, stack(0x000000ab6f600000,0x000000ab6f700000) (1024K)]
  0x0000022abba9c9f0 JavaThread "C2 CompilerThread0"         daemon [_thread_blocked, id=16868, stack(0x000000ab6f700000,0x000000ab6f800000) (1024K)]
  0x0000022abbaa2de0 JavaThread "C1 CompilerThread0"         daemon [_thread_blocked, id=4352, stack(0x000000ab6f800000,0x000000ab6f900000) (1024K)]
  0x0000022afd09fd10 JavaThread "Common-Cleaner"             daemon [_thread_blocked, id=20640, stack(0x000000ab6f900000,0x000000ab6fa00000) (1024K)]
  0x0000022afd235f50 JavaThread "Notification Thread"        daemon [_thread_blocked, id=22132, stack(0x000000ab6fa00000,0x000000ab6fb00000) (1024K)]
  0x0000022afdd25810 JavaThread "Daemon health stats"               [_thread_blocked, id=19572, stack(0x000000ab6fe00000,0x000000ab6ff00000) (1024K)]
  0x0000022afdc876d0 JavaThread "Incoming local TCP Connector on port 65160"        [_thread_in_native, id=21756, stack(0x000000ab6ff00000,0x000000ab70000000) (1024K)]
  0x0000022afeb4c420 JavaThread "Daemon periodic checks"            [_thread_blocked, id=20176, stack(0x000000ab70000000,0x000000ab70100000) (1024K)]
  0x0000022afdea1990 JavaThread "Daemon"                            [_thread_blocked, id=19436, stack(0x000000ab70100000,0x000000ab70200000) (1024K)]
  0x0000022afdea2000 JavaThread "Handler for socket connection from /127.0.0.1:65160 to /127.0.0.1:65161"        [_thread_in_native, id=18120, stack(0x000000ab70200000,0x000000ab70300000) (1024K)]
  0x0000022abbad5e60 JavaThread "Cancel handler"                    [_thread_blocked, id=7404, stack(0x000000ab70300000,0x000000ab70400000) (1024K)]
  0x0000022abbad64d0 JavaThread "Daemon worker"                     [_thread_blocked, id=22348, stack(0x000000ab70400000,0x000000ab70500000) (1024K)]
  0x0000022afec74730 JavaThread "Asynchronous log dispatcher for DefaultDaemonConnection: socket connection from /127.0.0.1:65160 to /127.0.0.1:65161"        [_thread_blocked, id=19520, stack(0x000000ab70500000,0x000000ab70600000) (1024K)]
  0x0000022afec75ae0 JavaThread "Stdin handler"                     [_thread_blocked, id=12284, stack(0x000000ab70600000,0x000000ab70700000) (1024K)]
  0x0000022afec75450 JavaThread "Daemon client event forwarder"        [_thread_blocked, id=23304, stack(0x000000ab70700000,0x000000ab70800000) (1024K)]
  0x0000022afec74dc0 JavaThread "Cache worker for journal cache (C:\Users\syahr\.gradle\caches\journal-1)"        [_thread_blocked, id=2632, stack(0x000000ab70800000,0x000000ab70900000) (1024K)]
  0x0000022afec72660 JavaThread "File lock request listener"        [_thread_in_native, id=18436, stack(0x000000ab70900000,0x000000ab70a00000) (1024K)]
  0x0000022afec72cf0 JavaThread "Cache worker for file hash cache (C:\Users\syahr\.gradle\caches\8.14\fileHashes)"        [_thread_blocked, id=22536, stack(0x000000ab70a00000,0x000000ab70b00000) (1024K)]
  0x0000022afec73a10 JavaThread "Cache worker for file hash cache (D:\semester4\reworth_pblsem4\mobile_reworth\android\.gradle\8.14\fileHashes)"        [_thread_blocked, id=22024, stack(0x000000ab70b00000,0x000000ab70c00000) (1024K)]
  0x0000022b00a1ba80 JavaThread "Cache worker for Build Output Cleanup Cache (D:\semester4\reworth_pblsem4\mobile_reworth\android\.gradle\buildOutputCleanup)"        [_thread_blocked, id=13156, stack(0x000000ab70c00000,0x000000ab70d00000) (1024K)]
  0x0000022b00a1db50 JavaThread "File watcher server"        daemon [_thread_in_native, id=6472, stack(0x000000ab70d00000,0x000000ab70e00000) (1024K)]
  0x0000022b00a1c110 JavaThread "File watcher consumer"      daemon [_thread_blocked, id=17108, stack(0x000000ab70e00000,0x000000ab70f00000) (1024K)]
  0x0000022b00a1ad60 JavaThread "jar transforms"                    [_thread_blocked, id=12384, stack(0x000000ab70f00000,0x000000ab71000000) (1024K)]
  0x0000022b00a1e1e0 JavaThread "jar transforms Thread 2"           [_thread_blocked, id=23212, stack(0x000000ab71000000,0x000000ab71100000) (1024K)]
  0x0000022b00a1e870 JavaThread "jar transforms Thread 3"           [_thread_blocked, id=18592, stack(0x000000ab71100000,0x000000ab71200000) (1024K)]
  0x0000022b00a20940 JavaThread "jar transforms Thread 4"           [_thread_blocked, id=19468, stack(0x000000ab71200000,0x000000ab71300000) (1024K)]
  0x0000022b00a1fc20 JavaThread "File lock release action executor"        [_thread_blocked, id=12912, stack(0x000000ab71300000,0x000000ab71400000) (1024K)]
  0x0000022b00a1c7a0 JavaThread "Cache worker for checksums cache (D:\semester4\reworth_pblsem4\mobile_reworth\android\.gradle\8.14\checksums)"        [_thread_blocked, id=8480, stack(0x000000ab71400000,0x000000ab71500000) (1024K)]
  0x0000022b00a1d4c0 JavaThread "Cache worker for file content cache (C:\Users\syahr\.gradle\caches\8.14\fileContent)"        [_thread_blocked, id=21768, stack(0x000000ab71500000,0x000000ab71600000) (1024K)]
  0x0000022b00499c00 JavaThread "Cache worker for cache directory md-supplier (C:\Users\syahr\.gradle\caches\8.14\md-supplier)"        [_thread_blocked, id=1800, stack(0x000000ab71600000,0x000000ab71700000) (1024K)]
  0x0000022b0049c360 JavaThread "Cache worker for cache directory md-rule (C:\Users\syahr\.gradle\caches\8.14\md-rule)"        [_thread_blocked, id=20728, stack(0x000000ab71700000,0x000000ab71800000) (1024K)]
  0x0000022b0049a920 JavaThread "Cache worker for Build Output Cleanup Cache (C:\src\flutter\packages\flutter_tools\gradle\.gradle\buildOutputCleanup)"        [_thread_blocked, id=18200, stack(0x000000ab71800000,0x000000ab71900000) (1024K)]
  0x0000022b01621610 JavaThread "Unconstrained build operations"        [_thread_blocked, id=8484, stack(0x000000ab71900000,0x000000ab71a00000) (1024K)]
  0x0000022b0161f540 JavaThread "Unconstrained build operations Thread 2"        [_thread_blocked, id=20988, stack(0x000000ab71a00000,0x000000ab71b00000) (1024K)]
  0x0000022b0161fbd0 JavaThread "Unconstrained build operations Thread 3"        [_thread_blocked, id=7204, stack(0x000000ab71b00000,0x000000ab71c00000) (1024K)]
  0x0000022b016208f0 JavaThread "Unconstrained build operations Thread 4"        [_thread_blocked, id=22896, stack(0x000000ab71c00000,0x000000ab71d00000) (1024K)]
  0x0000022b01620260 JavaThread "Unconstrained build operations Thread 5"        [_thread_blocked, id=12028, stack(0x000000ab71d00000,0x000000ab71e00000) (1024K)]
  0x0000022b0161eeb0 JavaThread "Unconstrained build operations Thread 6"        [_thread_blocked, id=10976, stack(0x000000ab71e00000,0x000000ab71f00000) (1024K)]
  0x0000022b01624400 JavaThread "Unconstrained build operations Thread 7"        [_thread_blocked, id=17288, stack(0x000000ab71f00000,0x000000ab72000000) (1024K)]
  0x0000022b01623050 JavaThread "Unconstrained build operations Thread 8"        [_thread_blocked, id=15760, stack(0x000000ab72000000,0x000000ab72100000) (1024K)]
  0x0000022b016236e0 JavaThread "Unconstrained build operations Thread 9"        [_thread_blocked, id=3120, stack(0x000000ab72100000,0x000000ab72200000) (1024K)]
  0x0000022b01624a90 JavaThread "Memory manager"                    [_thread_blocked, id=308, stack(0x000000ab6e700000,0x000000ab6e800000) (1024K)]
  0x0000022b0226dbc0 JavaThread "build event listener"              [_thread_blocked, id=1236, stack(0x000000ab6e800000,0x000000ab6e900000) (1024K)]
  0x0000022b0226c810 JavaThread "included builds"                   [_thread_blocked, id=3564, stack(0x000000ab72300000,0x000000ab72400000) (1024K)]
  0x0000022b02270320 JavaThread "Execution worker"                  [_thread_blocked, id=11956, stack(0x000000ab72400000,0x000000ab72500000) (1024K)]
  0x0000022b022709b0 JavaThread "Execution worker Thread 2"         [_thread_blocked, id=16304, stack(0x000000ab72500000,0x000000ab72600000) (1024K)]
=>0x0000022b02271040 JavaThread "Execution worker Thread 3"         [_thread_in_vm, id=22880, stack(0x000000ab72600000,0x000000ab72700000) (1024K)]
  0x0000022b022716d0 JavaThread "Cache worker for execution history cache (C:\src\flutter\packages\flutter_tools\gradle\.gradle\8.14\executionHistory)"        [_thread_blocked, id=21144, stack(0x000000ab72700000,0x000000ab72800000) (1024K)]
  0x0000022b017cd930 JavaThread "Unconstrained build operations Thread 10"        [_thread_blocked, id=22792, stack(0x000000ab72800000,0x000000ab72900000) (1024K)]
  0x0000022b017ccc10 JavaThread "Unconstrained build operations Thread 11"        [_thread_blocked, id=10516, stack(0x000000ab72900000,0x000000ab72a00000) (1024K)]
  0x0000022b017ca4b0 JavaThread "Unconstrained build operations Thread 12"        [_thread_blocked, id=10296, stack(0x000000ab72a00000,0x000000ab72b00000) (1024K)]
  0x0000022b017cb1d0 JavaThread "Unconstrained build operations Thread 13"        [_thread_blocked, id=12392, stack(0x000000ab72b00000,0x000000ab72c00000) (1024K)]
  0x0000022b017cd2a0 JavaThread "Unconstrained build operations Thread 14"        [_thread_blocked, id=22724, stack(0x000000ab72c00000,0x000000ab72d00000) (1024K)]
  0x0000022b017cdfc0 JavaThread "Unconstrained build operations Thread 15"        [_thread_blocked, id=14896, stack(0x000000ab72d00000,0x000000ab72e00000) (1024K)]
  0x0000022b017cab40 JavaThread "Unconstrained build operations Thread 16"        [_thread_blocked, id=12416, stack(0x000000ab72e00000,0x000000ab72f00000) (1024K)]
  0x0000022b017ce650 JavaThread "Unconstrained build operations Thread 17"        [_thread_blocked, id=16100, stack(0x000000ab72f00000,0x000000ab73000000) (1024K)]
  0x0000022b017cc580 JavaThread "Unconstrained build operations Thread 18"        [_thread_blocked, id=20824, stack(0x000000ab73000000,0x000000ab73100000) (1024K)]
  0x0000022b017cece0 JavaThread "Unconstrained build operations Thread 19"        [_thread_blocked, id=22728, stack(0x000000ab73100000,0x000000ab73200000) (1024K)]
  0x0000022b017cb860 JavaThread "Unconstrained build operations Thread 20"        [_thread_blocked, id=21120, stack(0x000000ab73200000,0x000000ab73300000) (1024K)]
Total: 65

Other Threads:
  0x0000022abba74bb0 VMThread "VM Thread"                           [id=7236, stack(0x000000ab6f000000,0x000000ab6f100000) (1024K)]
  0x0000022abba62c70 WatcherThread "VM Periodic Task Thread"        [id=14268, stack(0x000000ab6ef00000,0x000000ab6f000000) (1024K)]
  0x0000022a86f568b0 WorkerThread "GC Thread#0"                     [id=23104, stack(0x000000ab6ea00000,0x000000ab6eb00000) (1024K)]
  0x0000022afd5d7990 WorkerThread "GC Thread#1"                     [id=13860, stack(0x000000ab6fb00000,0x000000ab6fc00000) (1024K)]
  0x0000022afd635ad0 WorkerThread "GC Thread#2"                     [id=3960, stack(0x000000ab6fc00000,0x000000ab6fd00000) (1024K)]
  0x0000022afd27f0f0 WorkerThread "GC Thread#3"                     [id=8252, stack(0x000000ab6fd00000,0x000000ab6fe00000) (1024K)]
  0x0000022a86f6b810 ConcurrentGCThread "G1 Main Marker"            [id=11304, stack(0x000000ab6eb00000,0x000000ab6ec00000) (1024K)]
  0x0000022a86f6c230 WorkerThread "G1 Conc#0"                       [id=8684, stack(0x000000ab6ec00000,0x000000ab6ed00000) (1024K)]
  0x0000022abb92de50 ConcurrentGCThread "G1 Refine#0"               [id=21604, stack(0x000000ab6ed00000,0x000000ab6ee00000) (1024K)]
  0x0000022abb92e8e0 ConcurrentGCThread "G1 Service"                [id=3000, stack(0x000000ab6ee00000,0x000000ab6ef00000) (1024K)]
Total: 10

Threads with active compile tasks:
Total: 0

VM state: not at safepoint (normal execution)

VM Mutex/Monitor currently owned by a thread:  ([mutex/lock_event])
[0x00007ffd27c61890] Metaspace_lock - owner thread: 0x0000022b02271040

Heap address: 0x0000000600000000, size: 8192 MB, Compressed Oops mode: Zero based, Oop shift amount: 3

CDS archive(s) mapped at: [0x0000022abc000000-0x0000022abcd70000-0x0000022abcd70000), size 14090240, SharedBaseAddress: 0x0000022abc000000, ArchiveRelocationMode: 1.
Compressed class space mapped at: 0x0000022abd000000-0x0000022afd000000, reserved size: 1073741824
Narrow klass base: 0x0000022abc000000, Narrow klass shift: 0, Narrow klass range: 0x41000000

GC Precious Log:
 CardTable entry size: 512
 Card Set container configuration: InlinePtr #cards 4 size 8 Array Of Cards #cards 32 size 80 Howl #buckets 8 coarsen threshold 7372 Howl Bitmap #cards 1024 size 144 coarsen threshold 921 Card regions per heap region 1 cards per card region 8192
 CPUs: 4 total, 4 available
 Memory: 3836M
 Large Page Support: Disabled
 NUMA Support: Disabled
 Compressed Oops: Enabled (Zero based)
 Heap Region Size: 4M
 Heap Min Capacity: 8M
 Heap Initial Capacity: 60M
 Heap Max Capacity: 8G
 Pre-touch: Disabled
 Parallel Workers: 4
 Concurrent Workers: 1
 Concurrent Refinement Workers: 4
 Periodic GC: Disabled

Heap:
 garbage-first heap   total reserved 8388608K, committed 131072K, used 101077K [0x0000000600000000, 0x0000000800000000)
  region size 4096K, 8 young (32768K), 1 survivors (4096K)
 Metaspace       used 76980K, committed 79296K, reserved 1179648K
  class space    used 11369K, committed 12480K, reserved 1048576K

Heap Regions: E=young(eden), S=young(survivor), O=old, HS=humongous(starts), HC=humongous(continues), CS=collection set, F=free, TAMS=top-at-mark-start, PB=parsable bottom
|   0|0x0000000600000000, 0x0000000600400000, 0x0000000600400000|100%|HS|  |TAMS 0x0000000600000000| PB 0x0000000600000000| Complete |  0
|   1|0x0000000600400000, 0x0000000600800000, 0x0000000600800000|100%| O|  |TAMS 0x0000000600400000| PB 0x0000000600400000| Untracked |  0
|   2|0x0000000600800000, 0x0000000600c00000, 0x0000000600c00000|100%| O|  |TAMS 0x0000000600800000| PB 0x0000000600800000| Untracked |  0
|   3|0x0000000600c00000, 0x0000000601000000, 0x0000000601000000|100%| O|  |TAMS 0x0000000600c00000| PB 0x0000000600c00000| Untracked |  0
|   4|0x0000000601000000, 0x0000000601400000, 0x0000000601400000|100%| O|  |TAMS 0x0000000601000000| PB 0x0000000601000000| Untracked |  0
|   5|0x0000000601400000, 0x0000000601800000, 0x0000000601800000|100%| O|  |TAMS 0x0000000601400000| PB 0x0000000601400000| Untracked |  0
|   6|0x0000000601800000, 0x0000000601c00000, 0x0000000601c00000|100%| O|  |TAMS 0x0000000601800000| PB 0x0000000601800000| Untracked |  0
|   7|0x0000000601c00000, 0x0000000602000000, 0x0000000602000000|100%| O|  |TAMS 0x0000000601c00000| PB 0x0000000601c00000| Untracked |  0
|   8|0x0000000602000000, 0x0000000602400000, 0x0000000602400000|100%| O|  |TAMS 0x0000000602000000| PB 0x0000000602000000| Untracked |  0
|   9|0x0000000602400000, 0x0000000602800000, 0x0000000602800000|100%|HS|  |TAMS 0x0000000602400000| PB 0x0000000602400000| Complete |  0
|  10|0x0000000602800000, 0x0000000602c00000, 0x0000000602c00000|100%| O|  |TAMS 0x0000000602800000| PB 0x0000000602800000| Untracked |  0
|  11|0x0000000602c00000, 0x0000000603000000, 0x0000000603000000|100%| O|  |TAMS 0x0000000602c00000| PB 0x0000000602c00000| Untracked |  0
|  12|0x0000000603000000, 0x0000000603400000, 0x0000000603400000|100%| O|  |TAMS 0x0000000603000000| PB 0x0000000603000000| Untracked |  0
|  13|0x0000000603400000, 0x0000000603800000, 0x0000000603800000|100%|HS|  |TAMS 0x0000000603400000| PB 0x0000000603400000| Complete |  0
|  14|0x0000000603800000, 0x0000000603c00000, 0x0000000603c00000|100%| O|Cm|TAMS 0x0000000603800000| PB 0x0000000603800000| Complete |  0
|  15|0x0000000603c00000, 0x0000000604000000, 0x0000000604000000|100%| O|  |TAMS 0x0000000603c00000| PB 0x0000000603c00000| Untracked |  0
|  16|0x0000000604000000, 0x0000000604400000, 0x0000000604400000|100%| O|  |TAMS 0x0000000604000000| PB 0x0000000604000000| Untracked |  0
|  17|0x0000000604400000, 0x00000006046ef9b8, 0x0000000604800000| 73%| O|  |TAMS 0x0000000604400000| PB 0x0000000604400000| Untracked |  0
|  18|0x0000000604800000, 0x0000000604800000, 0x0000000604c00000|  0%| F|  |TAMS 0x0000000604800000| PB 0x0000000604800000| Untracked |  0
|  19|0x0000000604c00000, 0x0000000604c00000, 0x0000000605000000|  0%| F|  |TAMS 0x0000000604c00000| PB 0x0000000604c00000| Untracked |  0
|  20|0x0000000605000000, 0x0000000605000000, 0x0000000605400000|  0%| F|  |TAMS 0x0000000605000000| PB 0x0000000605000000| Untracked |  0
|  21|0x0000000605400000, 0x0000000605400000, 0x0000000605800000|  0%| F|  |TAMS 0x0000000605400000| PB 0x0000000605400000| Untracked |  0
|  22|0x0000000605800000, 0x0000000605800000, 0x0000000605c00000|  0%| F|  |TAMS 0x0000000605800000| PB 0x0000000605800000| Untracked |  0
|  23|0x0000000605c00000, 0x0000000605c00000, 0x0000000606000000|  0%| F|  |TAMS 0x0000000605c00000| PB 0x0000000605c00000| Untracked |  0
|  24|0x0000000606000000, 0x00000006063922d8, 0x0000000606400000| 89%| E|  |TAMS 0x0000000606000000| PB 0x0000000606000000| Complete |  0
|  25|0x0000000606400000, 0x00000006067c5e20, 0x0000000606800000| 94%| S|CS|TAMS 0x0000000606400000| PB 0x0000000606400000| Complete |  0
|  26|0x0000000606800000, 0x0000000606c00000, 0x0000000606c00000|100%| E|CS|TAMS 0x0000000606800000| PB 0x0000000606800000| Complete |  0
|  27|0x0000000606c00000, 0x0000000607000000, 0x0000000607000000|100%| E|CS|TAMS 0x0000000606c00000| PB 0x0000000606c00000| Complete |  0
|  28|0x0000000607000000, 0x0000000607400000, 0x0000000607400000|100%| E|CS|TAMS 0x0000000607000000| PB 0x0000000607000000| Complete |  0
|  29|0x0000000607400000, 0x0000000607800000, 0x0000000607800000|100%| E|CS|TAMS 0x0000000607400000| PB 0x0000000607400000| Complete |  0
|  30|0x0000000607800000, 0x0000000607c00000, 0x0000000607c00000|100%| E|CS|TAMS 0x0000000607800000| PB 0x0000000607800000| Complete |  0
|  31|0x0000000607c00000, 0x0000000608000000, 0x0000000608000000|100%| E|CS|TAMS 0x0000000607c00000| PB 0x0000000607c00000| Complete |  0

Card table byte_map: [0x0000022ab0800000,0x0000022ab1800000] _byte_map_base: 0x0000022aad800000

Marking Bits: (CMBitMap*) 0x0000022a86f56ed0
 Bits: [0x0000022ab1800000, 0x0000022ab9800000)

Polling page: 0x0000022a84c40000

Metaspace:

Usage:
  Non-class:     64.07 MB used.
      Class:     11.10 MB used.
       Both:     75.18 MB used.

Virtual space:
  Non-class space:      128.00 MB reserved,      65.25 MB ( 51%) committed,  2 nodes.
      Class space:        1.00 GB reserved,      12.19 MB (  1%) committed,  1 nodes.
             Both:        1.12 GB reserved,      77.44 MB (  7%) committed. 

Chunk freelists:
   Non-Class:  14.73 MB
       Class:  3.80 MB
        Both:  18.53 MB

MaxMetaspaceSize: 4.00 GB
CompressedClassSpaceSize: 1.00 GB
Initial GC threshold: 21.00 MB
Current GC threshold: 123.06 MB
CDS: on
 - commit_granule_bytes: 65536.
 - commit_granule_words: 8192.
 - virtual_space_node_default_size: 8388608.
 - enlarge_chunks_in_place: 1.
 - use_allocation_guard: 0.


Internal statistics:

num_allocs_failed_limit: 3.
num_arena_births: 3852.
num_arena_deaths: 0.
num_vsnodes_births: 3.
num_vsnodes_deaths: 0.
num_space_committed: 1239.
num_space_uncommitted: 0.
num_chunks_returned_to_freelist: 3.
num_chunks_taken_from_freelist: 7318.
num_chunk_merges: 3.
num_chunk_splits: 4756.
num_chunks_enlarged: 2978.
num_inconsistent_stats: 0.

CodeHeap 'non-profiled nmethods': size=259328Kb used=4128Kb max_used=4128Kb free=255199Kb
 bounds [0x0000022a9f8a0000, 0x0000022a9fcb0000, 0x0000022aaf5e0000]
CodeHeap 'profiled nmethods': size=259264Kb used=12974Kb max_used=12974Kb free=246289Kb
 bounds [0x0000022a8f5e0000, 0x0000022a90290000, 0x0000022a9f310000]
CodeHeap 'non-nmethods': size=5696Kb used=3053Kb max_used=3104Kb free=2642Kb
 bounds [0x0000022a9f310000, 0x0000022a9f630000, 0x0000022a9f8a0000]
CodeCache: size=524288Kb, used=20155Kb, max_used=20206Kb, free=504130Kb
 total_blobs=9794, nmethods=8832, adapters=867, full_count=0
Compilation: enabled, stopped_count=0, restarted_count=0

Compilation events (20 events):
Event: 79.787 Thread 0x0000022abba9c9f0 10233   !   4       com.esotericsoftware.kryo.io.Output::flush (57 bytes)
Event: 79.789 Thread 0x0000022abba9c9f0 nmethod 10233 0x0000022a9fca4e08 code [0x0000022a9fca4f20, 0x0000022a9fca5040]
Event: 79.793 Thread 0x0000022abbaa2de0 10234       3       org.gradle.api.internal.artifacts.DefaultResolvableArtifact::isProjectArtifact (13 bytes)
Event: 79.793 Thread 0x0000022abbaa2de0 nmethod 10234 0x0000022a90286508 code [0x0000022a90286640, 0x0000022a90286910]
Event: 79.797 Thread 0x0000022abbaa2de0 10235       1       org.gradle.api.internal.artifacts.dependencies.DefaultFileCollectionDependency::getFiles (5 bytes)
Event: 79.797 Thread 0x0000022abbaa2de0 nmethod 10235 0x0000022a9fca5108 code [0x0000022a9fca5220, 0x0000022a9fca52f0]
Event: 79.801 Thread 0x0000022abbaa2de0 10236       1       org.gradle.api.internal.artifacts.ivyservice.resolveengine.artifact.DefaultLocalFileDependencyBackedArtifactSet::getRequestAttributes (5 bytes)
Event: 79.801 Thread 0x0000022abbaa2de0 nmethod 10236 0x0000022a9fca5408 code [0x0000022a9fca5520, 0x0000022a9fca55f0]
Event: 79.802 Thread 0x0000022abbaa2de0 10237       3       java.util.HashSet::clear (8 bytes)
Event: 79.802 Thread 0x0000022abbaa2de0 nmethod 10237 0x0000022a90286988 code [0x0000022a90286aa0, 0x0000022a90286c80]
Event: 79.802 Thread 0x0000022abbaa2de0 10238       3       org.gradle.api.internal.artifacts.DefaultResolvableArtifact::getFile (22 bytes)
Event: 79.803 Thread 0x0000022abbaa2de0 nmethod 10238 0x0000022a90286d08 code [0x0000022a90286e80, 0x0000022a902873b8]
Event: 79.803 Thread 0x0000022abbaa2de0 10239       3       org.gradle.api.internal.file.AbstractFileCollection$1::visitCollection (43 bytes)
Event: 79.803 Thread 0x0000022abbaa2de0 nmethod 10239 0x0000022a90287488 code [0x0000022a90287600, 0x0000022a90287ba8]
Event: 79.832 Thread 0x0000022abbaa2de0 10240       1       org.gradle.api.specs.CompositeSpec::getSpecsArray (5 bytes)
Event: 79.832 Thread 0x0000022abbaa2de0 nmethod 10240 0x0000022a9fca5708 code [0x0000022a9fca5820, 0x0000022a9fca58f0]
Event: 79.843 Thread 0x0000022abbaa2de0 10241       1       org.jetbrains.kotlin.gradle.tasks.KotlinCompile_Decorated::getModelIdentityDisplayName (5 bytes)
Event: 79.843 Thread 0x0000022abbaa2de0 nmethod 10241 0x0000022a9fca5a08 code [0x0000022a9fca5b20, 0x0000022a9fca5bf0]
Event: 79.844 Thread 0x0000022abbaa2de0 10242       3       org.gradle.api.internal.provider.AbstractProperty::getSupplier (5 bytes)
Event: 79.844 Thread 0x0000022abbaa2de0 nmethod 10242 0x0000022a90287c08 code [0x0000022a90287d20, 0x0000022a90287e30]

GC Heap History (20 events):
Event: 63.285 GC heap before
{Heap before GC invocations=38 (full 0):
 garbage-first heap   total reserved 8388608K, committed 98304K, used 80901K [0x0000000600000000, 0x0000000800000000)
  region size 4096K, 8 young (32768K), 1 survivors (4096K)
 Metaspace       used 60066K, committed 62208K, reserved 1114112K
  class space    used 8874K, committed 9920K, reserved 1048576K
}
Event: 63.296 GC heap after
{Heap after GC invocations=39 (full 0):
 garbage-first heap   total reserved 8388608K, committed 98304K, used 60778K [0x0000000600000000, 0x0000000800000000)
  region size 4096K, 1 young (4096K), 1 survivors (4096K)
 Metaspace       used 60066K, committed 62208K, reserved 1114112K
  class space    used 8874K, committed 9920K, reserved 1048576K
}
Event: 64.389 GC heap before
{Heap before GC invocations=39 (full 0):
 garbage-first heap   total reserved 8388608K, committed 98304K, used 85354K [0x0000000600000000, 0x0000000800000000)
  region size 4096K, 7 young (28672K), 1 survivors (4096K)
 Metaspace       used 62619K, committed 64768K, reserved 1114112K
  class space    used 9219K, committed 10240K, reserved 1048576K
}
Event: 64.395 GC heap after
{Heap after GC invocations=40 (full 0):
 garbage-first heap   total reserved 8388608K, committed 98304K, used 60698K [0x0000000600000000, 0x0000000800000000)
  region size 4096K, 1 young (4096K), 1 survivors (4096K)
 Metaspace       used 62619K, committed 64768K, reserved 1114112K
  class space    used 9219K, committed 10240K, reserved 1048576K
}
Event: 65.723 GC heap before
{Heap before GC invocations=41 (full 0):
 garbage-first heap   total reserved 8388608K, committed 110592K, used 77082K [0x0000000600000000, 0x0000000800000000)
  region size 4096K, 6 young (24576K), 1 survivors (4096K)
 Metaspace       used 65017K, committed 67136K, reserved 1114112K
  class space    used 9528K, committed 10496K, reserved 1048576K
}
Event: 65.726 GC heap after
{Heap after GC invocations=42 (full 0):
 garbage-first heap   total reserved 8388608K, committed 110592K, used 61621K [0x0000000600000000, 0x0000000800000000)
  region size 4096K, 1 young (4096K), 1 survivors (4096K)
 Metaspace       used 65017K, committed 67136K, reserved 1114112K
  class space    used 9528K, committed 10496K, reserved 1048576K
}
Event: 66.831 GC heap before
{Heap before GC invocations=42 (full 0):
 garbage-first heap   total reserved 8388608K, committed 110592K, used 94389K [0x0000000600000000, 0x0000000800000000)
  region size 4096K, 9 young (36864K), 1 survivors (4096K)
 Metaspace       used 67296K, committed 69376K, reserved 1114112K
  class space    used 9831K, committed 10816K, reserved 1048576K
}
Event: 66.837 GC heap after
{Heap after GC invocations=43 (full 0):
 garbage-first heap   total reserved 8388608K, committed 110592K, used 61093K [0x0000000600000000, 0x0000000800000000)
  region size 4096K, 1 young (4096K), 1 survivors (4096K)
 Metaspace       used 67296K, committed 69376K, reserved 1114112K
  class space    used 9831K, committed 10816K, reserved 1048576K
}
Event: 66.999 GC heap before
{Heap before GC invocations=43 (full 0):
 garbage-first heap   total reserved 8388608K, committed 110592K, used 65189K [0x0000000600000000, 0x0000000800000000)
  region size 4096K, 3 young (12288K), 1 survivors (4096K)
 Metaspace       used 67700K, committed 69824K, reserved 1114112K
  class space    used 9892K, committed 10880K, reserved 1048576K
}
Event: 67.004 GC heap after
{Heap after GC invocations=44 (full 0):
 garbage-first heap   total reserved 8388608K, committed 110592K, used 61410K [0x0000000600000000, 0x0000000800000000)
  region size 4096K, 1 young (4096K), 1 survivors (4096K)
 Metaspace       used 67700K, committed 69824K, reserved 1114112K
  class space    used 9892K, committed 10880K, reserved 1048576K
}
Event: 68.328 GC heap before
{Heap before GC invocations=45 (full 0):
 garbage-first heap   total reserved 8388608K, committed 118784K, used 98274K [0x0000000600000000, 0x0000000800000000)
  region size 4096K, 9 young (36864K), 1 survivors (4096K)
 Metaspace       used 69559K, committed 71680K, reserved 1114112K
  class space    used 10171K, committed 11200K, reserved 1048576K
}
Event: 68.339 GC heap after
{Heap after GC invocations=46 (full 0):
 garbage-first heap   total reserved 8388608K, committed 118784K, used 66559K [0x0000000600000000, 0x0000000800000000)
  region size 4096K, 2 young (8192K), 2 survivors (8192K)
 Metaspace       used 69559K, committed 71680K, reserved 1114112K
  class space    used 10171K, committed 11200K, reserved 1048576K
}
Event: 70.378 GC heap before
{Heap before GC invocations=46 (full 0):
 garbage-first heap   total reserved 8388608K, committed 118784K, used 91135K [0x0000000600000000, 0x0000000800000000)
  region size 4096K, 9 young (36864K), 2 survivors (8192K)
 Metaspace       used 70782K, committed 72896K, reserved 1114112K
  class space    used 10347K, committed 11392K, reserved 1048576K
}
Event: 70.405 GC heap after
{Heap after GC invocations=47 (full 0):
 garbage-first heap   total reserved 8388608K, committed 118784K, used 69680K [0x0000000600000000, 0x0000000800000000)
  region size 4096K, 2 young (8192K), 2 survivors (8192K)
 Metaspace       used 70782K, committed 72896K, reserved 1114112K
  class space    used 10347K, committed 11392K, reserved 1048576K
}
Event: 72.241 GC heap before
{Heap before GC invocations=47 (full 0):
 garbage-first heap   total reserved 8388608K, committed 118784K, used 98352K [0x0000000600000000, 0x0000000800000000)
  region size 4096K, 9 young (36864K), 2 survivors (8192K)
 Metaspace       used 72663K, committed 74816K, reserved 1114112K
  class space    used 10625K, committed 11648K, reserved 1048576K
}
Event: 72.258 GC heap after
{Heap after GC invocations=48 (full 0):
 garbage-first heap   total reserved 8388608K, committed 118784K, used 72361K [0x0000000600000000, 0x0000000800000000)
  region size 4096K, 2 young (8192K), 2 survivors (8192K)
 Metaspace       used 72663K, committed 74816K, reserved 1114112K
  class space    used 10625K, committed 11648K, reserved 1048576K
}
Event: 73.427 GC heap before
{Heap before GC invocations=48 (full 0):
 garbage-first heap   total reserved 8388608K, committed 118784K, used 96937K [0x0000000600000000, 0x0000000800000000)
  region size 4096K, 8 young (32768K), 2 survivors (8192K)
 Metaspace       used 73373K, committed 75520K, reserved 1114112K
  class space    used 10717K, committed 11712K, reserved 1048576K
}
Event: 73.451 GC heap after
{Heap after GC invocations=49 (full 0):
 garbage-first heap   total reserved 8388608K, committed 118784K, used 74431K [0x0000000600000000, 0x0000000800000000)
  region size 4096K, 1 young (4096K), 1 survivors (4096K)
 Metaspace       used 73373K, committed 75520K, reserved 1114112K
  class space    used 10717K, committed 11712K, reserved 1048576K
}
Event: 76.340 GC heap before
{Heap before GC invocations=50 (full 0):
 garbage-first heap   total reserved 8388608K, committed 131072K, used 99007K [0x0000000600000000, 0x0000000800000000)
  region size 4096K, 7 young (28672K), 1 survivors (4096K)
 Metaspace       used 75419K, committed 77760K, reserved 1179648K
  class space    used 11098K, committed 12224K, reserved 1048576K
}
Event: 76.350 GC heap after
{Heap after GC invocations=51 (full 0):
 garbage-first heap   total reserved 8388608K, committed 131072K, used 76501K [0x0000000600000000, 0x0000000800000000)
  region size 4096K, 1 young (4096K), 1 survivors (4096K)
 Metaspace       used 75419K, committed 77760K, reserved 1179648K
  class space    used 11098K, committed 12224K, reserved 1048576K
}

Dll operation events (15 events):
Event: 0.046 Loaded shared library C:\Program Files\Java\jdk-23\bin\java.dll
Event: 0.195 Loaded shared library C:\Program Files\Java\jdk-23\bin\jsvml.dll
Event: 1.337 Loaded shared library C:\Program Files\Java\jdk-23\bin\zip.dll
Event: 1.364 Loaded shared library C:\Program Files\Java\jdk-23\bin\instrument.dll
Event: 1.384 Loaded shared library C:\Program Files\Java\jdk-23\bin\net.dll
Event: 1.393 Loaded shared library C:\Program Files\Java\jdk-23\bin\nio.dll
Event: 1.425 Loaded shared library C:\Program Files\Java\jdk-23\bin\zip.dll
Event: 3.192 Loaded shared library C:\Program Files\Java\jdk-23\bin\jimage.dll
Event: 3.933 Loaded shared library C:\Program Files\Java\jdk-23\bin\verify.dll
Event: 4.460 Loaded shared library C:\Users\syahr\.gradle\native\1def1411415f61bf3af743bc5b6707747c0891f09f0c88961ee8f79bc544acac\windows-amd64\native-platform.dll
Event: 4.515 Loaded shared library C:\Users\syahr\.gradle\native\0.2.7\x86_64-windows-gnu\gradle-fileevents.dll
Event: 18.161 Loaded shared library C:\Program Files\Java\jdk-23\bin\management.dll
Event: 18.182 Loaded shared library C:\Program Files\Java\jdk-23\bin\management_ext.dll
Event: 19.934 Loaded shared library C:\Program Files\Java\jdk-23\bin\extnet.dll
Event: 22.533 Loaded shared library C:\Program Files\Java\jdk-23\bin\sunmscapi.dll

Deoptimization events (20 events):
Event: 77.925 Thread 0x0000022b02271040 Uncommon trap: trap_request=0xffffffd6 fr.pc=0x0000022a9fc88aa4 relative=0x0000000000000bc4
Event: 77.926 Thread 0x0000022b02271040 Uncommon trap: reason=array_check action=maybe_recompile pc=0x0000022a9fc88aa4 method=com.google.common.collect.RegularImmutableMap.fromEntryArrayCheckingBucketOverflow(I[Ljava/util/Map$Entry;Z)Lcom/google/common/collect/ImmutableMap; @ 220 c2
Event: 77.926 Thread 0x0000022b02271040 DEOPT PACKING pc=0x0000022a9fc88aa4 sp=0x000000ab726fa080
Event: 77.926 Thread 0x0000022b02271040 DEOPT UNPACKING pc=0x0000022a9f367982 sp=0x000000ab726fa028 mode 2
Event: 78.887 Thread 0x0000022b02271040 Uncommon trap: trap_request=0xffffffc6 fr.pc=0x0000022a9fc9c7b8 relative=0x0000000000000f38
Event: 78.887 Thread 0x0000022b02271040 Uncommon trap: reason=bimorphic_or_optimized_type_check action=maybe_recompile pc=0x0000022a9fc9c7b8 method=org.gradle.internal.snapshot.ChildMap$Entry.handleAncestorDescendantOrExactMatch(Lorg/gradle/internal/snapshot/VfsRelativePath;Lorg/gradle/internal
Event: 78.887 Thread 0x0000022b02271040 DEOPT PACKING pc=0x0000022a9fc9c7b8 sp=0x000000ab726fae10
Event: 78.887 Thread 0x0000022b02271040 DEOPT UNPACKING pc=0x0000022a9f367982 sp=0x000000ab726fadf8 mode 2
Event: 78.889 Thread 0x0000022b02271040 Uncommon trap: trap_request=0xffffffc6 fr.pc=0x0000022a9fc9c7b8 relative=0x0000000000000f38
Event: 78.889 Thread 0x0000022b02271040 Uncommon trap: reason=bimorphic_or_optimized_type_check action=maybe_recompile pc=0x0000022a9fc9c7b8 method=org.gradle.internal.snapshot.ChildMap$Entry.handleAncestorDescendantOrExactMatch(Lorg/gradle/internal/snapshot/VfsRelativePath;Lorg/gradle/internal
Event: 78.889 Thread 0x0000022b02271040 DEOPT PACKING pc=0x0000022a9fc9c7b8 sp=0x000000ab726fae10
Event: 78.889 Thread 0x0000022b02271040 DEOPT UNPACKING pc=0x0000022a9f367982 sp=0x000000ab726fadf8 mode 2
Event: 78.891 Thread 0x0000022b02271040 Uncommon trap: trap_request=0xffffffd6 fr.pc=0x0000022a9fc9aaf8 relative=0x0000000000000a18
Event: 78.891 Thread 0x0000022b02271040 Uncommon trap: reason=array_check action=maybe_recompile pc=0x0000022a9fc9aaf8 method=java.util.TimSort.binarySort([Ljava/lang/Object;IIILjava/util/Comparator;)V @ 183 c2
Event: 78.891 Thread 0x0000022b02271040 DEOPT PACKING pc=0x0000022a9fc9aaf8 sp=0x000000ab726fce00
Event: 78.891 Thread 0x0000022b02271040 DEOPT UNPACKING pc=0x0000022a9f367982 sp=0x000000ab726fcda8 mode 2
Event: 78.976 Thread 0x0000022b02271040 Uncommon trap: trap_request=0xffffffbe fr.pc=0x0000022a9fb73b78 relative=0x00000000000001d8
Event: 78.976 Thread 0x0000022b02271040 Uncommon trap: reason=profile_predicate action=maybe_recompile pc=0x0000022a9fb73b78 method=java.util.LinkedHashMap.keysToArray([Ljava/lang/Object;Z)[Ljava/lang/Object; @ 53 c2
Event: 78.976 Thread 0x0000022b02271040 DEOPT PACKING pc=0x0000022a9fb73b78 sp=0x000000ab726faa90
Event: 78.976 Thread 0x0000022b02271040 DEOPT UNPACKING pc=0x0000022a9f367982 sp=0x000000ab726faa40 mode 2

Classes loaded (20 events):
Event: 72.745 Loading class java/util/TreeSetCustomizer
Event: 72.745 Loading class java/util/TreeSetCustomizer done
Event: 74.100 Loading class java/util/Comparators$NaturalOrderComparator
Event: 74.101 Loading class java/util/Comparators$NaturalOrderComparator done
Event: 75.307 Loading class java/util/ArrayList$SubList$2
Event: 75.307 Loading class java/util/ArrayList$SubList$2 done
Event: 76.265 Loading class java/util/TreeMap$KeySpliterator
Event: 76.266 Loading class java/util/TreeMap$TreeMapSpliterator
Event: 76.267 Loading class java/util/TreeMap$TreeMapSpliterator done
Event: 76.267 Loading class java/util/TreeMap$KeySpliterator done
Event: 76.540 Loading class java/util/stream/ReferencePipeline$4
Event: 76.543 Loading class java/util/stream/IntPipeline$StatelessOp
Event: 76.549 Loading class java/util/stream/IntPipeline$StatelessOp done
Event: 76.549 Loading class java/util/stream/ReferencePipeline$4 done
Event: 76.555 Loading class java/util/stream/ReduceOps$6
Event: 76.556 Loading class java/util/stream/ReduceOps$6 done
Event: 76.556 Loading class java/util/stream/ReduceOps$5ReducingSink
Event: 76.556 Loading class java/util/stream/ReduceOps$5ReducingSink done
Event: 76.556 Loading class java/util/stream/ReferencePipeline$4$1
Event: 76.557 Loading class java/util/stream/ReferencePipeline$4$1 done

Classes unloaded (0 events):
No events

Classes redefined (0 events):
No events

Internal exceptions (20 events):
Event: 75.111 Thread 0x0000022abbad64d0 Exception <a 'java/lang/NoSuchMethodError'{0x0000000607af8920}: 'void java.lang.invoke.DirectMethodHandle$Holder.invokeStaticInit(java.lang.Object)'> (0x0000000607af8920) 
thrown [s\open\src\hotspot\share\interpreter\linkResolver.cpp, line 796]
Event: 75.210 Thread 0x0000022abbad64d0 Implicit null exception at 0x0000022a9f9e05cc to 0x0000022a9f9e05fc
Event: 75.233 Thread 0x0000022abbad64d0 Exception <a 'java/lang/NoSuchMethodError'{0x00000006074f1908}: 'java.lang.Object java.lang.invoke.DirectMethodHandle$Holder.newInvokeSpecial(java.lang.Object, java.lang.Object, java.lang.Object, java.lang.Object, java.lang.Object, java.lang.Object, int)'> (0x00000006074f1908) 
thrown [s\open\src\hotspot\share\interpreter\linkResolver.cpp, line 796]
Event: 75.235 Thread 0x0000022abbad64d0 Exception <a 'java/lang/NoSuchMethodError'{0x00000006074f7330}: 'java.lang.Object java.lang.invoke.DirectMethodHandle$Holder.invokeSpecial(java.lang.Object, java.lang.Object, java.lang.Object, java.lang.Object, java.lang.Object, java.lang.Object, java.lang.Object, int)'> (0x00000006074f7330) 
thrown [s\open\src\hotspot\share\interpreter\linkResolver.cpp, line 796]
Event: 75.235 Thread 0x0000022abbad64d0 Exception <a 'java/lang/NoSuchMethodError'{0x00000006074fc700}: 'java.lang.Object java.lang.invoke.Invokers$Holder.linkToTargetMethod(java.lang.Object, java.lang.Object, java.lang.Object, java.lang.Object, java.lang.Object, int, java.lang.Object)'> (0x00000006074fc700) 
thrown [s\open\src\hotspot\share\interpreter\linkResolver.cpp, line 796]
Event: 75.922 Thread 0x0000022abbad64d0 Exception <a 'java/lang/NoSuchMethodError'{0x0000000606ce03e0}: 'int java.lang.invoke.DirectMethodHandle$Holder.invokeSpecial(java.lang.Object, java.lang.Object, int, java.lang.Object)'> (0x0000000606ce03e0) 
thrown [s\open\src\hotspot\share\interpreter\linkResolver.cpp, line 796]
Event: 76.093 Thread 0x0000022b0226c810 Exception <a 'java/lang/NoSuchMethodError'{0x0000000606f714d8}: 'java.lang.Object java.lang.invoke.DirectMethodHandle$Holder.newInvokeSpecial(java.lang.Object, java.lang.Object, int, java.lang.Object, java.lang.Object)'> (0x0000000606f714d8) 
thrown [s\open\src\hotspot\share\interpreter\linkResolver.cpp, line 796]
Event: 76.255 Thread 0x0000022b02271040 Exception <a 'java/lang/NoSuchMethodError'{0x0000000606a0c700}: 'java.lang.Object java.lang.invoke.DirectMethodHandle$Holder.invokeVirtual(java.lang.Object, java.lang.Object, java.lang.Object, java.lang.Object, java.lang.Object, java.lang.Object, java.lang.Object, java.lang.Object, java.lang.Object, java.lang.Object, java.lang.Object, java.lang.Object, java.lang.Object, java.lang.Object, java.lang.Object, java.lang.Object, java.lang.Object, java.lang.Object, java.lang.Object)'> (0x0000000606a0c700) 
thrown
Event: 76.293 Thread 0x0000022afec75450 Exception <a 'java/lang/NoSuchMethodError'{0x0000000606aec3b0}: static Lorg/gradle/internal/build/event/types/DefaultTaskStartedProgressEvent;.<clinit>()V> (0x0000000606aec3b0) 
thrown [s\open\src\hotspot\share\prims\jni.cpp, line 1111]
Event: 76.294 Thread 0x0000022afec75450 Exception <a 'java/lang/NoSuchMethodError'{0x0000000606af3300}: static Lorg/gradle/internal/build/event/types/DefaultTaskDescriptor;.<clinit>()V> (0x0000000606af3300) 
thrown [s\open\src\hotspot\share\prims\jni.cpp, line 1111]
Event: 76.308 Thread 0x0000022afec75450 Exception <a 'java/lang/NoSuchMethodError'{0x0000000606b3ac68}: static Lorg/gradle/internal/build/event/types/DefaultTaskFinishedProgressEvent;.<clinit>()V> (0x0000000606b3ac68) 
thrown [s\open\src\hotspot\share\prims\jni.cpp, line 1111]
Event: 76.309 Thread 0x0000022afec75450 Exception <a 'java/lang/NoSuchMethodError'{0x0000000606b47b48}: static Lorg/gradle/internal/build/event/types/DefaultTaskSkippedResult;.<clinit>()V> (0x0000000606b47b48) 
thrown [s\open\src\hotspot\share\prims\jni.cpp, line 1111]
Event: 76.309 Thread 0x0000022afec75450 Exception <a 'java/lang/NoSuchMethodError'{0x0000000606b48c38}: static Lorg/gradle/internal/build/event/types/AbstractTaskResult;.<clinit>()V> (0x0000000606b48c38) 
thrown [s\open\src\hotspot\share\prims\jni.cpp, line 1111]
Event: 76.314 Thread 0x0000022b02271040 Exception <a 'java/lang/NoSuchMethodError'{0x0000000606b57050}: 'void java.lang.invoke.DirectMethodHandle$Holder.invokeSpecial(java.lang.Object, java.lang.Object, java.lang.Object, java.lang.Object, int, java.lang.Object, java.lang.Object)'> (0x0000000606b57050) 
thrown [s\open\src\hotspot\share\interpreter\linkResolver.cpp, line 796]
Event: 76.372 Thread 0x0000022b0226dbc0 Exception <a 'java/lang/NoSuchMethodError'{0x0000000607d01080}: static Ljava/lang/Object;.<clinit>()V> (0x0000000607d01080) 
thrown [s\open\src\hotspot\share\prims\jni.cpp, line 1111]
Event: 76.373 Thread 0x0000022b0226dbc0 Exception <a 'java/lang/NoSuchMethodError'{0x0000000607d093f8}: static Lorg/jetbrains/kotlin/gradle/plugin/statistics/MetricContainer;.<clinit>()V> (0x0000000607d093f8) 
thrown [s\open\src\hotspot\share\prims\jni.cpp, line 1111]
Event: 76.692 Thread 0x0000022b02271040 Exception <a 'java/lang/NoSuchMethodError'{0x0000000607ef8ac8}: 'int java.lang.invoke.DirectMethodHandle$Holder.invokeSpecial(java.lang.Object, java.lang.Object, java.lang.Object, java.lang.Object, java.lang.Object)'> (0x0000000607ef8ac8) 
thrown [s\open\src\hotspot\share\interpreter\linkResolver.cpp, line 796]
Event: 77.071 Thread 0x0000022b02271040 Exception <a 'java/lang/IncompatibleClassChangeError'{0x00000006079270e0}: Found class java.lang.Object, but interface was expected> (0x00000006079270e0) 
thrown [s\open\src\hotspot\share\interpreter\linkResolver.cpp, line 863]
Event: 77.888 Thread 0x0000022b02271040 Exception <a 'java/lang/NoSuchMethodError'{0x0000000607035a28}: static Ljava/lang/Object;.<clinit>()V> (0x0000000607035a28) 
thrown [s\open\src\hotspot\share\prims\jni.cpp, line 1111]
Event: 78.976 Thread 0x0000022b02271040 Exception <a 'java/lang/NoSuchMethodError'{0x00000006069a51b0}: 'int java.lang.invoke.DirectMethodHandle$Holder.invokeStaticInit(java.lang.Object, java.lang.Object, java.lang.Object, java.lang.Object, java.lang.Object)'> (0x00000006069a51b0) 
thrown [s\open\src\hotspot\share\interpreter\linkResolver.cpp, line 796]

VM Operations (20 events):
Event: 73.427 Executing VM operation: G1CollectForAllocation (G1 Evacuation Pause)
Event: 73.452 Executing VM operation: G1CollectForAllocation (G1 Evacuation Pause) done
Event: 73.614 Executing VM operation: G1PauseRemark
Event: 73.630 Executing VM operation: G1PauseRemark done
Event: 73.674 Executing VM operation: G1PauseCleanup
Event: 73.675 Executing VM operation: G1PauseCleanup done
Event: 76.291 Executing VM operation: HandshakeAllThreads (Deoptimize)
Event: 76.292 Executing VM operation: HandshakeAllThreads (Deoptimize) done
Event: 76.305 Executing VM operation: HandshakeAllThreads (Deoptimize)
Event: 76.305 Executing VM operation: HandshakeAllThreads (Deoptimize) done
Event: 76.338 Executing VM operation: HandshakeAllThreads (Deoptimize)
Event: 76.338 Executing VM operation: HandshakeAllThreads (Deoptimize) done
Event: 76.340 Executing VM operation: G1CollectForAllocation (G1 Evacuation Pause)
Event: 76.350 Executing VM operation: G1CollectForAllocation (G1 Evacuation Pause) done
Event: 76.566 Executing VM operation: HandshakeAllThreads (Deoptimize)
Event: 76.567 Executing VM operation: HandshakeAllThreads (Deoptimize) done
Event: 76.575 Executing VM operation: HandshakeAllThreads (Deoptimize)
Event: 76.575 Executing VM operation: HandshakeAllThreads (Deoptimize) done
Event: 76.697 Executing VM operation: HandshakeAllThreads (Deoptimize)
Event: 76.697 Executing VM operation: HandshakeAllThreads (Deoptimize) done

Memory protections (0 events):
No events

Nmethod flushes (20 events):
Event: 73.628 Thread 0x0000022abba74bb0 flushing  nmethod 0x0000022a8f9f6e08
Event: 73.628 Thread 0x0000022abba74bb0 flushing  nmethod 0x0000022a8fa64c08
Event: 73.628 Thread 0x0000022abba74bb0 flushing  nmethod 0x0000022a8fb2c488
Event: 73.628 Thread 0x0000022abba74bb0 flushing  nmethod 0x0000022a8fbb1608
Event: 73.628 Thread 0x0000022abba74bb0 flushing  nmethod 0x0000022a8fbb4708
Event: 73.628 Thread 0x0000022abba74bb0 flushing  nmethod 0x0000022a8fbb5088
Event: 73.628 Thread 0x0000022abba74bb0 flushing  nmethod 0x0000022a8fbd4608
Event: 73.628 Thread 0x0000022abba74bb0 flushing  nmethod 0x0000022a8fbf7b08
Event: 73.628 Thread 0x0000022abba74bb0 flushing  nmethod 0x0000022a8fc0d088
Event: 73.628 Thread 0x0000022abba74bb0 flushing  nmethod 0x0000022a8ffbc308
Event: 73.628 Thread 0x0000022abba74bb0 flushing  nmethod 0x0000022a9facde88
Event: 73.628 Thread 0x0000022abba74bb0 flushing  nmethod 0x0000022a9fb54208
Event: 73.628 Thread 0x0000022abba74bb0 flushing  nmethod 0x0000022a9fb61c08
Event: 73.628 Thread 0x0000022abba74bb0 flushing  nmethod 0x0000022a8f5fc888
Event: 73.628 Thread 0x0000022abba74bb0 flushing  nmethod 0x0000022a8f6f4b08
Event: 73.628 Thread 0x0000022abba74bb0 flushing  nmethod 0x0000022a8f866c88
Event: 73.628 Thread 0x0000022abba74bb0 flushing  nmethod 0x0000022a8f90cd88
Event: 73.628 Thread 0x0000022abba74bb0 flushing  nmethod 0x0000022a8fbe0008
Event: 73.628 Thread 0x0000022abba74bb0 flushing  nmethod 0x0000022a8fc6d008
Event: 73.628 Thread 0x0000022abba74bb0 flushing  nmethod 0x0000022a8fc83288

Events (20 events):
Event: 58.510 Thread 0x0000022abbad64d0 Thread added: 0x0000022b01623050
Event: 58.511 Thread 0x0000022abbad64d0 Thread added: 0x0000022b016236e0
Event: 61.032 Thread 0x0000022abbad64d0 Thread added: 0x0000022b01624a90
Event: 65.565 Thread 0x0000022abbad64d0 Thread added: 0x0000022b0226dbc0
Event: 76.066 Thread 0x0000022abbad64d0 Thread added: 0x0000022b0226c810
Event: 76.099 Thread 0x0000022b0226c810 Thread added: 0x0000022b02270320
Event: 76.100 Thread 0x0000022b0226c810 Thread added: 0x0000022b022709b0
Event: 76.100 Thread 0x0000022b0226c810 Thread added: 0x0000022b02271040
Event: 76.190 Thread 0x0000022b02271040 Thread added: 0x0000022b022716d0
Event: 77.386 Thread 0x0000022b02271040 Thread added: 0x0000022b017cd930
Event: 77.387 Thread 0x0000022b02271040 Thread added: 0x0000022b017ccc10
Event: 77.387 Thread 0x0000022b02271040 Thread added: 0x0000022b017ca4b0
Event: 77.833 Thread 0x0000022b02271040 Thread added: 0x0000022b017cb1d0
Event: 77.835 Thread 0x0000022b02271040 Thread added: 0x0000022b017cd2a0
Event: 77.839 Thread 0x0000022b02271040 Thread added: 0x0000022b017cdfc0
Event: 77.929 Thread 0x0000022b02271040 Thread added: 0x0000022b017cab40
Event: 77.930 Thread 0x0000022b02271040 Thread added: 0x0000022b017ce650
Event: 77.931 Thread 0x0000022b02271040 Thread added: 0x0000022b017cc580
Event: 78.816 Thread 0x0000022b02271040 Thread added: 0x0000022b017cece0
Event: 78.816 Thread 0x0000022b02271040 Thread added: 0x0000022b017cb860


Dynamic libraries:
0x00007ff750340000 - 0x00007ff750350000 	C:\Program Files\Java\jdk-23\bin\java.exe
0x00007ffda7ae0000 - 0x00007ffda7d47000 	C:\WINDOWS\SYSTEM32\ntdll.dll
0x00007ffda5d70000 - 0x00007ffda5e39000 	C:\WINDOWS\System32\KERNEL32.DLL
0x00007ffda4510000 - 0x00007ffda4901000 	C:\WINDOWS\System32\KERNELBASE.dll
0x00007ffda43c0000 - 0x00007ffda450b000 	C:\WINDOWS\System32\ucrtbase.dll
0x00007ffd68530000 - 0x00007ffd68547000 	C:\Program Files\Java\jdk-23\bin\jli.dll
0x00007ffda5990000 - 0x00007ffda5b55000 	C:\WINDOWS\System32\USER32.dll
0x00007ffda49d0000 - 0x00007ffda49f7000 	C:\WINDOWS\System32\win32u.dll
0x00007ffda5960000 - 0x00007ffda598b000 	C:\WINDOWS\System32\GDI32.dll
0x00007ffda55d0000 - 0x00007ffda56fb000 	C:\WINDOWS\System32\gdi32full.dll
0x00007ffda53b0000 - 0x00007ffda5453000 	C:\WINDOWS\System32\msvcp_win.dll
0x00007ffd67940000 - 0x00007ffd6795b000 	C:\Program Files\Java\jdk-23\bin\VCRUNTIME140.dll
0x00007ffd8ff60000 - 0x00007ffd901f3000 	C:\WINDOWS\WinSxS\amd64_microsoft.windows.common-controls_6595b64144ccf1df_6.0.26100.8037_none_3e092faae333b53b\COMCTL32.dll
0x00007ffda6d50000 - 0x00007ffda6df9000 	C:\WINDOWS\System32\msvcrt.dll
0x00007ffda7260000 - 0x00007ffda7291000 	C:\WINDOWS\System32\IMM32.DLL
0x00007ffd71ef0000 - 0x00007ffd71efc000 	C:\Program Files\Java\jdk-23\bin\vcruntime140_1.dll
0x00007ffd43aa0000 - 0x00007ffd43b2e000 	C:\Program Files\Java\jdk-23\bin\msvcp140.dll
0x00007ffd26ff0000 - 0x00007ffd27d3f000 	C:\Program Files\Java\jdk-23\bin\server\jvm.dll
0x00007ffda73b0000 - 0x00007ffda746b000 	C:\WINDOWS\System32\ADVAPI32.dll
0x00007ffda5880000 - 0x00007ffda5927000 	C:\WINDOWS\System32\sechost.dll
0x00007ffda7900000 - 0x00007ffda7a18000 	C:\WINDOWS\System32\RPCRT4.dll
0x00007ffda7330000 - 0x00007ffda73a4000 	C:\WINDOWS\System32\WS2_32.dll
0x00007ffda4240000 - 0x00007ffda429e000 	C:\WINDOWS\SYSTEM32\POWRPROF.dll
0x00007ffd91f80000 - 0x00007ffd91fb5000 	C:\WINDOWS\SYSTEM32\WINMM.dll
0x00007ffd96ad0000 - 0x00007ffd96adb000 	C:\WINDOWS\SYSTEM32\VERSION.dll
0x00007ffda4220000 - 0x00007ffda4234000 	C:\WINDOWS\SYSTEM32\UMPDC.dll
0x00007ffda3130000 - 0x00007ffda314b000 	C:\WINDOWS\SYSTEM32\kernel.appcore.dll
0x00007ffd71b20000 - 0x00007ffd71b2a000 	C:\Program Files\Java\jdk-23\bin\jimage.dll
0x00007ffda2210000 - 0x00007ffda2452000 	C:\WINDOWS\SYSTEM32\DBGHELP.DLL
0x00007ffda68c0000 - 0x00007ffda6c42000 	C:\WINDOWS\System32\combase.dll
0x00007ffda7110000 - 0x00007ffda71e7000 	C:\WINDOWS\System32\OLEAUT32.dll
0x00007ffd7ef90000 - 0x00007ffd7efcb000 	C:\WINDOWS\SYSTEM32\dbgcore.DLL
0x00007ffda5270000 - 0x00007ffda5315000 	C:\WINDOWS\System32\bcryptPrimitives.dll
0x00007ffd6ee50000 - 0x00007ffd6ee5f000 	C:\Program Files\Java\jdk-23\bin\instrument.dll
0x00007ffd660f0000 - 0x00007ffd6610e000 	C:\Program Files\Java\jdk-23\bin\java.dll
0x00007ffda6f70000 - 0x00007ffda7105000 	C:\WINDOWS\System32\ole32.dll
0x00007ffda5ea0000 - 0x00007ffda65ff000 	C:\WINDOWS\System32\SHELL32.dll
0x00007ffda5460000 - 0x00007ffda55ca000 	C:\WINDOWS\System32\wintypes.dll
0x00007ffda4a00000 - 0x00007ffda5264000 	C:\WINDOWS\System32\windows.storage.dll
0x00007ffda6c50000 - 0x00007ffda6d47000 	C:\WINDOWS\System32\SHCORE.dll
0x00007ffda71f0000 - 0x00007ffda7257000 	C:\WINDOWS\System32\shlwapi.dll
0x00007ffda42e0000 - 0x00007ffda4309000 	C:\WINDOWS\SYSTEM32\profapi.dll
0x00007ffd433b0000 - 0x00007ffd43487000 	C:\Program Files\Java\jdk-23\bin\jsvml.dll
0x00007ffd660d0000 - 0x00007ffd660e7000 	C:\Program Files\Java\jdk-23\bin\zip.dll
0x00007ffd6b070000 - 0x00007ffd6b080000 	C:\Program Files\Java\jdk-23\bin\net.dll
0x00007ffda36c0000 - 0x00007ffda372b000 	C:\WINDOWS\system32\mswsock.dll
0x00007ffd64550000 - 0x00007ffd64566000 	C:\Program Files\Java\jdk-23\bin\nio.dll
0x00007ffd69110000 - 0x00007ffd69120000 	C:\Program Files\Java\jdk-23\bin\verify.dll
0x00007ffd43360000 - 0x00007ffd43387000 	C:\Users\syahr\.gradle\native\1def1411415f61bf3af743bc5b6707747c0891f09f0c88961ee8f79bc544acac\windows-amd64\native-platform.dll
0x00007ffd3d440000 - 0x00007ffd3d4b8000 	C:\Users\syahr\.gradle\native\0.2.7\x86_64-windows-gnu\gradle-fileevents.dll
0x00007ffd68ff0000 - 0x00007ffd68ffa000 	C:\Program Files\Java\jdk-23\bin\management.dll
0x00007ffd67be0000 - 0x00007ffd67beb000 	C:\Program Files\Java\jdk-23\bin\management_ext.dll
0x00007ffda6f60000 - 0x00007ffda6f68000 	C:\WINDOWS\System32\PSAPI.DLL
0x00007ffda2ba0000 - 0x00007ffda2bd3000 	C:\WINDOWS\SYSTEM32\IPHLPAPI.DLL
0x00007ffda5d60000 - 0x00007ffda5d6a000 	C:\WINDOWS\System32\NSI.dll
0x00007ffd67840000 - 0x00007ffd67849000 	C:\Program Files\Java\jdk-23\bin\extnet.dll
0x00007ffda39a0000 - 0x00007ffda39bb000 	C:\WINDOWS\SYSTEM32\CRYPTSP.dll
0x00007ffda3090000 - 0x00007ffda30c9000 	C:\WINDOWS\system32\rsaenh.dll
0x00007ffda3770000 - 0x00007ffda37a2000 	C:\WINDOWS\SYSTEM32\USERENV.dll
0x00007ffda42b0000 - 0x00007ffda42da000 	C:\WINDOWS\SYSTEM32\bcrypt.dll
0x00007ffda39c0000 - 0x00007ffda39cc000 	C:\WINDOWS\SYSTEM32\CRYPTBASE.dll
0x00007ffd67310000 - 0x00007ffd6731e000 	C:\Program Files\Java\jdk-23\bin\sunmscapi.dll
0x00007ffda5700000 - 0x00007ffda5877000 	C:\WINDOWS\System32\CRYPT32.dll
0x00007ffda3bc0000 - 0x00007ffda3bf0000 	C:\WINDOWS\SYSTEM32\ncrypt.dll
0x00007ffda3b70000 - 0x00007ffda3baf000 	C:\WINDOWS\SYSTEM32\NTASN1.dll
0x00007ffd77a80000 - 0x00007ffd77a88000 	C:\WINDOWS\system32\wshunix.dll
0x00007ffd89030000 - 0x00007ffd89048000 	C:\WINDOWS\system32\napinsp.dll
0x00007ffda2c00000 - 0x00007ffda2d2a000 	C:\WINDOWS\SYSTEM32\DNSAPI.dll
0x00007ffd88ff0000 - 0x00007ffd89002000 	C:\WINDOWS\System32\winrnr.dll
0x00007ffd88fc0000 - 0x00007ffd88fe2000 	C:\WINDOWS\system32\nlansp_c.dll
0x00007ffd96000000 - 0x00007ffd96016000 	C:\WINDOWS\system32\wshbth.dll
0x00007ffd98e00000 - 0x00007ffd98e0b000 	C:\Windows\System32\rasadhlp.dll
0x00007ffd95200000 - 0x00007ffd95286000 	C:\WINDOWS\System32\fwpuclnt.dll

dbghelp: loaded successfully - version: 4.0.5 - missing functions: none
symbol engine: initialized successfully - sym options: 0x614 - pdb path: .;C:\Program Files\Java\jdk-23\bin;C:\WINDOWS\SYSTEM32;C:\WINDOWS\WinSxS\amd64_microsoft.windows.common-controls_6595b64144ccf1df_6.0.26100.8037_none_3e092faae333b53b;C:\Program Files\Java\jdk-23\bin\server;C:\Users\syahr\.gradle\native\1def1411415f61bf3af743bc5b6707747c0891f09f0c88961ee8f79bc544acac\windows-amd64;C:\Users\syahr\.gradle\native\0.2.7\x86_64-windows-gnu

VM Arguments:
jvm_args: --add-opens=java.base/java.lang=ALL-UNNAMED --add-opens=java.base/java.lang.invoke=ALL-UNNAMED --add-opens=java.base/java.util=ALL-UNNAMED --add-opens=java.prefs/java.util.prefs=ALL-UNNAMED --add-exports=jdk.compiler/com.sun.tools.javac.api=ALL-UNNAMED --add-exports=jdk.compiler/com.sun.tools.javac.util=ALL-UNNAMED --add-opens=java.base/java.util=ALL-UNNAMED --add-opens=java.prefs/java.util.prefs=ALL-UNNAMED --add-opens=java.base/java.nio.charset=ALL-UNNAMED --add-opens=java.base/java.net=ALL-UNNAMED --add-opens=java.base/java.util.concurrent.atomic=ALL-UNNAMED --add-opens=java.xml/javax.xml.namespace=ALL-UNNAMED -XX:MaxMetaspaceSize=4G -XX:ReservedCodeCacheSize=512m -XX:+HeapDumpOnOutOfMemoryError -Xmx8G -Dfile.encoding=UTF-8 -Duser.country=US -Duser.language=en -Duser.variant -javaagent:C:\Users\syahr\.gradle\wrapper\dists\gradle-8.14-all\c2qonpi39x1mddn7hk5gh9iqj\gradle-8.14\lib\agents\gradle-instrumentation-agent-8.14.jar 
java_command: org.gradle.launcher.daemon.bootstrap.GradleDaemon 8.14
java_class_path (initial): C:\Users\syahr\.gradle\wrapper\dists\gradle-8.14-all\c2qonpi39x1mddn7hk5gh9iqj\gradle-8.14\lib\gradle-daemon-main-8.14.jar
Launcher Type: SUN_STANDARD

[Global flags]
     intx CICompilerCount                          = 3                                         {product} {ergonomic}
     uint ConcGCThreads                            = 1                                         {product} {ergonomic}
     uint G1ConcRefinementThreads                  = 4                                         {product} {ergonomic}
   size_t G1HeapRegionSize                         = 4194304                                   {product} {ergonomic}
     bool HeapDumpOnOutOfMemoryError               = true                                   {manageable} {command line}
   size_t InitialHeapSize                          = 62914560                                  {product} {ergonomic}
   size_t MarkStackSize                            = 4194304                                   {product} {ergonomic}
   size_t MarkStackSizeMax                         = 536870912                                 {product} {ergonomic}
   size_t MaxHeapSize                              = 8589934592                                {product} {command line}
   size_t MaxMetaspaceSize                         = 4294967296                                {product} {command line}
   size_t MaxNewSize                               = 5150605312                                {product} {ergonomic}
   size_t MinHeapDeltaBytes                        = 4194304                                   {product} {ergonomic}
   size_t MinHeapSize                              = 8388608                                   {product} {ergonomic}
    uintx NonNMethodCodeHeapSize                   = 5832704                                {pd product} {ergonomic}
    uintx NonProfiledCodeHeapSize                  = 265551872                              {pd product} {ergonomic}
    uintx ProfiledCodeHeapSize                     = 265486336                              {pd product} {ergonomic}
    uintx ReservedCodeCacheSize                    = 536870912                              {pd product} {command line, ergonomic}
     bool SegmentedCodeCache                       = true                                      {product} {ergonomic}
   size_t SoftMaxHeapSize                          = 8589934592                             {manageable} {ergonomic}
     bool UseCompressedOops                        = true                           {product lp64_product} {ergonomic}
     bool UseG1GC                                  = true                                      {product} {ergonomic}
     bool UseLargePagesIndividualAllocation        = false                                  {pd product} {ergonomic}

Logging:
Log output configuration:
 #0: stdout all=warning uptime,level,tags foldmultilines=false
 #1: stderr all=off uptime,level,tags foldmultilines=false

Environment Variables:
PATH=C:\Users\syahr\AppData\Local\Programs\Microsoft VS Code;C:\Program Files\Common Files\Oracle\Java\javapath;C:\WINDOWS\system32;C:\WINDOWS;C:\WINDOWS\System32\Wbem;C:\WINDOWS\System32\WindowsPowerShell\v1.0\;C:\WINDOWS\System32\OpenSSH\;C:\Program Files\Git\cmd;C:\Program Files\MySQL\MySQL Server 8.0\bin;C:\Program Files\dotnet\;C:\Program Files\nodejs\;C:\Users\syahr\AppData\Local\Programs\Python\Launcher\;C:\Users\syahr\AppData\Local\Programs\Python\Python313\Scripts\;C:\Users\syahr\AppData\Local\Programs\Python\Python313\;C:\Users\syahr\AppData\Local\Microsoft\WindowsApps;C:\Users\syahr\AppData\Local\Programs\Microsoft VS Code\bin;C:\src\flutter\bin;C:\Users\syahr\AppData\Roaming\npm
USERNAME=syahr
OS=Windows_NT
PROCESSOR_IDENTIFIER=Intel64 Family 6 Model 126 Stepping 5, GenuineIntel
TMP=C:\Users\syahr\AppData\Local\Temp
TEMP=C:\Users\syahr\AppData\Local\Temp




Periodic native trim disabled

---------------  S Y S T E M  ---------------

OS:
 Windows 11 , 64 bit Build 26100 (10.0.26100.7920)
OS uptime: 1 days 0:39 hours
Hyper-V role detected

CPU: total 4 (initial active 4) (2 cores per cpu, 2 threads per core) family 6 model 126 stepping 5 microcode 0xa0, cx8, cmov, fxsr, ht, mmx, 3dnowpref, sse, sse2, sse3, ssse3, sse4.1, sse4.2, popcnt, lzcnt, tsc, tscinvbit, avx, avx2, aes, erms, clmul, bmi1, bmi2, adx, avx512f, avx512dq, avx512cd, avx512bw, avx512vl, sha, fma, vzeroupper, avx512_vpopcntdq, avx512_vpclmulqdq, avx512_vaes, avx512_vnni, clflush, clflushopt, avx512_vbmi2, avx512_vbmi, hv, rdtscp, rdpid, fsrm, gfni, avx512_bitalg, f16c, avx512_ifma
Processor Information for the first 4 processors :
  Max Mhz: 1201, Current Mhz: 1201, Mhz Limit: 1201

Memory: 4k page, system-wide physical 3836M (77M free)
TotalPageFile size 15612M (AvailPageFile size 88M)
current process WorkingSet (physical memory assigned to process): 164M, peak: 275M
current process commit charge ("private bytes"): 381M, peak: 390M

vm_info: Java HotSpot(TM) 64-Bit Server VM (23+37-2369) for windows-amd64 JRE (23+37-2369), built on 2024-08-20T16:01:23Z with MS VC++ 17.6 (VS2022)

END.
